"source_object","tissue","assay","platform","contrast","contrast_type","contrast_category","Timepoint","n_features","max_BH_difference"
"BLOOD_PROT_OL_DA","blood","prot-ol","prot-ol","group_timepointADUEndur.during_20_min - group_timepointADUEndur.pre_exercise - group_timepointADUControl.during_20_min + group_timepointADUControl.pre_exercise","exercise_with_controls","EE-CON","during_20_min",1417,1.99840144432528e-15
"BLOOD_PROT_OL_DA","blood","prot-ol","prot-ol","group_timepointADUEndur.during_40_min - group_timepointADUEndur.pre_exercise - group_timepointADUControl.during_40_min + group_timepointADUControl.pre_exercise","exercise_with_controls","EE-CON","during_40_min",1417,1.49880108324396e-15
"BLOOD_PROT_OL_DA","blood","prot-ol","prot-ol","group_timepointADUEndur.post_10_min - group_timepointADUEndur.pre_exercise - group_timepointADUControl.post_10_min + group_timepointADUControl.pre_exercise","exercise_with_controls","EE-CON","post_10_min",1417,2.77555756156289e-15
"BLOOD_PROT_OL_DA","blood","prot-ol","prot-ol","group_timepointADUEndur.post_15_30_45_min - group_timepointADUEndur.pre_exercise - group_timepointADUControl.post_15_30_45_min + group_timepointADUControl.pre_exercise","exercise_with_controls","EE-CON","post_15_30_45_min",1417,2.44249065417534e-15
"BLOOD_PROT_OL_DA","blood","prot-ol","prot-ol","group_timepointADUEndur.post_3.5_4_hr - group_timepointADUEndur.pre_exercise - group_timepointADUControl.post_3.5_4_hr + group_timepointADUControl.pre_exercise","exercise_with_controls","EE-CON","post_3.5_4_hr",1417,2.66453525910038e-15
"BLOOD_PROT_OL_DA","blood","prot-ol","prot-ol","group_timepointADUEndur.post_24_hr - group_timepointADUEndur.pre_exercise - group_timepointADUControl.post_24_hr + group_timepointADUControl.pre_exercise","exercise_with_controls","EE-CON","post_24_hr",1417,1.99840144432528e-15
"BLOOD_PROT_OL_DA","blood","prot-ol","prot-ol","group_timepointADUResist.post_10_min - group_timepointADUResist.pre_exercise - group_timepointADUControl.post_10_min + group_timepointADUControl.pre_exercise","exercise_with_controls","RE-CON","post_10_min",1417,2.44249065417534e-15
"BLOOD_PROT_OL_DA","blood","prot-ol","prot-ol","group_timepointADUResist.post_15_30_45_min - group_timepointADUResist.pre_exercise - group_timepointADUControl.post_15_30_45_min + group_timepointADUControl.pre_exercise","exercise_with_controls","RE-CON","post_15_30_45_min",1417,1.88737914186277e-15
"BLOOD_PROT_OL_DA","blood","prot-ol","prot-ol","group_timepointADUResist.post_3.5_4_hr - group_timepointADUResist.pre_exercise - group_timepointADUControl.post_3.5_4_hr + group_timepointADUControl.pre_exercise","exercise_with_controls","RE-CON","post_3.5_4_hr",1417,2.77555756156289e-15
"BLOOD_PROT_OL_DA","blood","prot-ol","prot-ol","group_timepointADUResist.post_24_hr - group_timepointADUResist.pre_exercise - group_timepointADUControl.post_24_hr + group_timepointADUControl.pre_exercise","exercise_with_controls","RE-CON","post_24_hr",1417,2.05391259555654e-15
"BLOOD_PROT_OL_DA","blood","prot-ol","prot-ol","group_timepointADUEndur.during_20_min - group_timepointADUEndur.pre_exercise","exercise_no_controls","EE-EE","during_20_min",1417,1.33226762955019e-15
"BLOOD_PROT_OL_DA","blood","prot-ol","prot-ol","group_timepointADUEndur.during_40_min - group_timepointADUEndur.pre_exercise","exercise_no_controls","EE-EE","during_40_min",1417,1.33226762955019e-15
"BLOOD_PROT_OL_DA","blood","prot-ol","prot-ol","group_timepointADUEndur.post_10_min - group_timepointADUEndur.pre_exercise","exercise_no_controls","EE-EE","post_10_min",1417,2.16493489801906e-15
"BLOOD_PROT_OL_DA","blood","prot-ol","prot-ol","group_timepointADUEndur.post_15_30_45_min - group_timepointADUEndur.pre_exercise","exercise_no_controls","EE-EE","post_15_30_45_min",1417,2.99760216648792e-15
"BLOOD_PROT_OL_DA","blood","prot-ol","prot-ol","group_timepointADUEndur.post_3.5_4_hr - group_timepointADUEndur.pre_exercise","exercise_no_controls","EE-EE","post_3.5_4_hr",1417,3.77475828372553e-15
"BLOOD_PROT_OL_DA","blood","prot-ol","prot-ol","group_timepointADUEndur.post_24_hr - group_timepointADUEndur.pre_exercise","exercise_no_controls","EE-EE","post_24_hr",1417,2.99760216648792e-15
"BLOOD_PROT_OL_DA","blood","prot-ol","prot-ol","group_timepointADUResist.post_10_min - group_timepointADUResist.pre_exercise","exercise_no_controls","RE-RE","post_10_min",1417,1.38777878078145e-15
"BLOOD_PROT_OL_DA","blood","prot-ol","prot-ol","group_timepointADUResist.post_15_30_45_min - group_timepointADUResist.pre_exercise","exercise_no_controls","RE-RE","post_15_30_45_min",1417,1.99840144432528e-15
"BLOOD_PROT_OL_DA","blood","prot-ol","prot-ol","group_timepointADUResist.post_3.5_4_hr - group_timepointADUResist.pre_exercise","exercise_no_controls","RE-RE","post_3.5_4_hr",1417,2.88657986402541e-15
"BLOOD_PROT_OL_DA","blood","prot-ol","prot-ol","group_timepointADUResist.post_24_hr - group_timepointADUResist.pre_exercise","exercise_no_controls","RE-RE","post_24_hr",1417,3.88578058618805e-15
"BLOOD_PROT_OL_DA","blood","prot-ol","prot-ol","group_timepointADUEndur.post_10_min - group_timepointADUEndur.pre_exercise - group_timepointADUResist.post_10_min + group_timepointADUResist.pre_exercise","Endur_vs_Resist","EE-RE","post_10_min",1417,1.99840144432528e-15
"BLOOD_PROT_OL_DA","blood","prot-ol","prot-ol","group_timepointADUEndur.post_15_30_45_min - group_timepointADUEndur.pre_exercise - group_timepointADUResist.post_15_30_45_min + group_timepointADUResist.pre_exercise","Endur_vs_Resist","EE-RE","post_15_30_45_min",1417,4.10782519111308e-15
"BLOOD_PROT_OL_DA","blood","prot-ol","prot-ol","group_timepointADUEndur.post_3.5_4_hr - group_timepointADUEndur.pre_exercise - group_timepointADUResist.post_3.5_4_hr + group_timepointADUResist.pre_exercise","Endur_vs_Resist","EE-RE","post_3.5_4_hr",1417,3.10862446895044e-15
"BLOOD_PROT_OL_DA","blood","prot-ol","prot-ol","group_timepointADUEndur.post_24_hr - group_timepointADUEndur.pre_exercise - group_timepointADUResist.post_24_hr + group_timepointADUResist.pre_exercise","Endur_vs_Resist","EE-RE","post_24_hr",1417,2.1094237467878e-15
"BLOOD_PROT_OL_DA","blood","prot-ol","prot-ol","group_timepointADUEndur.pre_exercise - group_timepointADUResist.pre_exercise","baseline","EE-RE","pre_exercise",1417,2.33146835171283e-15
"BLOOD_PROT_OL_DA","blood","prot-ol","prot-ol","group_timepointADUEndur.pre_exercise - group_timepointADUControl.pre_exercise","baseline","EE-CON","pre_exercise",1417,2.99760216648792e-15
"BLOOD_PROT_OL_DA","blood","prot-ol","prot-ol","group_timepointADUResist.pre_exercise - group_timepointADUControl.pre_exercise","baseline","RE-CON","pre_exercise",1417,2.22044604925031e-15
"BLOOD_PROT_OL_DA","blood","prot-ol","prot-ol","group_timepointADUControl.during_20_min - group_timepointADUControl.pre_exercise","control_only","CON-CON","during_20_min",1417,2.44249065417534e-15
"BLOOD_PROT_OL_DA","blood","prot-ol","prot-ol","group_timepointADUControl.during_40_min - group_timepointADUControl.pre_exercise","control_only","CON-CON","during_40_min",1417,2.22044604925031e-15
"BLOOD_PROT_OL_DA","blood","prot-ol","prot-ol","group_timepointADUControl.post_10_min - group_timepointADUControl.pre_exercise","control_only","CON-CON","post_10_min",1417,2.66453525910038e-15
"BLOOD_PROT_OL_DA","blood","prot-ol","prot-ol","group_timepointADUControl.post_15_30_45_min - group_timepointADUControl.pre_exercise","control_only","CON-CON","post_15_30_45_min",1417,2.44249065417534e-15
"BLOOD_PROT_OL_DA","blood","prot-ol","prot-ol","group_timepointADUControl.post_3.5_4_hr - group_timepointADUControl.pre_exercise","control_only","CON-CON","post_3.5_4_hr",1417,2.33146835171283e-15
"BLOOD_PROT_OL_DA","blood","prot-ol","prot-ol","group_timepointADUControl.post_24_hr - group_timepointADUControl.pre_exercise","control_only","CON-CON","post_24_hr",1417,1.99840144432528e-15
"BLOOD_TRNSCRPT_DA","blood","transcript-rna-seq","transcript-rna-seq","group_timepointADUEndur.during_20_min - group_timepointADUEndur.pre_exercise - group_timepointADUControl.during_20_min + group_timepointADUControl.pre_exercise","exercise_with_controls","EE-CON","during_20_min",20526,1.94289029309402e-15
"BLOOD_TRNSCRPT_DA","blood","transcript-rna-seq","transcript-rna-seq","group_timepointADUEndur.during_40_min - group_timepointADUEndur.pre_exercise - group_timepointADUControl.during_40_min + group_timepointADUControl.pre_exercise","exercise_with_controls","EE-CON","during_40_min",20526,2.22044604925031e-15
"BLOOD_TRNSCRPT_DA","blood","transcript-rna-seq","transcript-rna-seq","group_timepointADUEndur.post_10_min - group_timepointADUEndur.pre_exercise - group_timepointADUControl.post_10_min + group_timepointADUControl.pre_exercise","exercise_with_controls","EE-CON","post_10_min",20526,2.83106871279415e-15
"BLOOD_TRNSCRPT_DA","blood","transcript-rna-seq","transcript-rna-seq","group_timepointADUEndur.post_15_30_45_min - group_timepointADUEndur.pre_exercise - group_timepointADUControl.post_15_30_45_min + group_timepointADUControl.pre_exercise","exercise_with_controls","EE-CON","post_15_30_45_min",20526,2.22044604925031e-15
"BLOOD_TRNSCRPT_DA","blood","transcript-rna-seq","transcript-rna-seq","group_timepointADUEndur.post_3.5_4_hr - group_timepointADUEndur.pre_exercise - group_timepointADUControl.post_3.5_4_hr + group_timepointADUControl.pre_exercise","exercise_with_controls","EE-CON","post_3.5_4_hr",20526,1.99840144432528e-15
"BLOOD_TRNSCRPT_DA","blood","transcript-rna-seq","transcript-rna-seq","group_timepointADUEndur.post_24_hr - group_timepointADUEndur.pre_exercise - group_timepointADUControl.post_24_hr + group_timepointADUControl.pre_exercise","exercise_with_controls","EE-CON","post_24_hr",20526,1.55431223447522e-15
"BLOOD_TRNSCRPT_DA","blood","transcript-rna-seq","transcript-rna-seq","group_timepointADUResist.post_10_min - group_timepointADUResist.pre_exercise - group_timepointADUControl.post_10_min + group_timepointADUControl.pre_exercise","exercise_with_controls","RE-CON","post_10_min",20526,2.16493489801906e-15
"BLOOD_TRNSCRPT_DA","blood","transcript-rna-seq","transcript-rna-seq","group_timepointADUResist.post_15_30_45_min - group_timepointADUResist.pre_exercise - group_timepointADUControl.post_15_30_45_min + group_timepointADUControl.pre_exercise","exercise_with_controls","RE-CON","post_15_30_45_min",20526,2.05391259555654e-15
"BLOOD_TRNSCRPT_DA","blood","transcript-rna-seq","transcript-rna-seq","group_timepointADUResist.post_3.5_4_hr - group_timepointADUResist.pre_exercise - group_timepointADUControl.post_3.5_4_hr + group_timepointADUControl.pre_exercise","exercise_with_controls","RE-CON","post_3.5_4_hr",20526,1.83186799063151e-15
"BLOOD_TRNSCRPT_DA","blood","transcript-rna-seq","transcript-rna-seq","group_timepointADUResist.post_24_hr - group_timepointADUResist.pre_exercise - group_timepointADUControl.post_24_hr + group_timepointADUControl.pre_exercise","exercise_with_controls","RE-CON","post_24_hr",20526,3.77475828372553e-15
"BLOOD_TRNSCRPT_DA","blood","transcript-rna-seq","transcript-rna-seq","group_timepointADUEndur.during_20_min - group_timepointADUEndur.pre_exercise","exercise_no_controls","EE-EE","during_20_min",20526,1.66533453693773e-15
"BLOOD_TRNSCRPT_DA","blood","transcript-rna-seq","transcript-rna-seq","group_timepointADUEndur.during_40_min - group_timepointADUEndur.pre_exercise","exercise_no_controls","EE-EE","during_40_min",20526,1.63757896132211e-15
"BLOOD_TRNSCRPT_DA","blood","transcript-rna-seq","transcript-rna-seq","group_timepointADUEndur.post_10_min - group_timepointADUEndur.pre_exercise","exercise_no_controls","EE-EE","post_10_min",20526,1.63757896132211e-15
"BLOOD_TRNSCRPT_DA","blood","transcript-rna-seq","transcript-rna-seq","group_timepointADUEndur.post_15_30_45_min - group_timepointADUEndur.pre_exercise","exercise_no_controls","EE-EE","post_15_30_45_min",20526,1.49880108324396e-15
"BLOOD_TRNSCRPT_DA","blood","transcript-rna-seq","transcript-rna-seq","group_timepointADUEndur.post_3.5_4_hr - group_timepointADUEndur.pre_exercise","exercise_no_controls","EE-EE","post_3.5_4_hr",20526,1.49880108324396e-15
"BLOOD_TRNSCRPT_DA","blood","transcript-rna-seq","transcript-rna-seq","group_timepointADUEndur.post_24_hr - group_timepointADUEndur.pre_exercise","exercise_no_controls","EE-EE","post_24_hr",20526,1.66533453693773e-15
"BLOOD_TRNSCRPT_DA","blood","transcript-rna-seq","transcript-rna-seq","group_timepointADUResist.post_10_min - group_timepointADUResist.pre_exercise","exercise_no_controls","RE-RE","post_10_min",20526,1.58206781009085e-15
"BLOOD_TRNSCRPT_DA","blood","transcript-rna-seq","transcript-rna-seq","group_timepointADUResist.post_15_30_45_min - group_timepointADUResist.pre_exercise","exercise_no_controls","RE-RE","post_15_30_45_min",20526,1.36002320516582e-15
"BLOOD_TRNSCRPT_DA","blood","transcript-rna-seq","transcript-rna-seq","group_timepointADUResist.post_3.5_4_hr - group_timepointADUResist.pre_exercise","exercise_no_controls","RE-RE","post_3.5_4_hr",20526,1.38777878078145e-15
"BLOOD_TRNSCRPT_DA","blood","transcript-rna-seq","transcript-rna-seq","group_timepointADUResist.post_24_hr - group_timepointADUResist.pre_exercise","exercise_no_controls","RE-RE","post_24_hr",20526,2.38697950294409e-15
"BLOOD_TRNSCRPT_DA","blood","transcript-rna-seq","transcript-rna-seq","group_timepointADUEndur.post_10_min - group_timepointADUEndur.pre_exercise - group_timepointADUResist.post_10_min + group_timepointADUResist.pre_exercise","Endur_vs_Resist","EE-RE","post_10_min",20526,4.2188474935756e-15
"BLOOD_TRNSCRPT_DA","blood","transcript-rna-seq","transcript-rna-seq","group_timepointADUEndur.post_15_30_45_min - group_timepointADUEndur.pre_exercise - group_timepointADUResist.post_15_30_45_min + group_timepointADUResist.pre_exercise","Endur_vs_Resist","EE-RE","post_15_30_45_min",20526,3.21964677141295e-15
"BLOOD_TRNSCRPT_DA","blood","transcript-rna-seq","transcript-rna-seq","group_timepointADUEndur.post_3.5_4_hr - group_timepointADUEndur.pre_exercise - group_timepointADUResist.post_3.5_4_hr + group_timepointADUResist.pre_exercise","Endur_vs_Resist","EE-RE","post_3.5_4_hr",20526,6.93889390390723e-16
"BLOOD_TRNSCRPT_DA","blood","transcript-rna-seq","transcript-rna-seq","group_timepointADUEndur.post_24_hr - group_timepointADUEndur.pre_exercise - group_timepointADUResist.post_24_hr + group_timepointADUResist.pre_exercise","Endur_vs_Resist","EE-RE","post_24_hr",20526,4.44089209850063e-15
"BLOOD_TRNSCRPT_DA","blood","transcript-rna-seq","transcript-rna-seq","group_timepointADUEndur.pre_exercise - group_timepointADUResist.pre_exercise","baseline","EE-RE","pre_exercise",20526,3.99680288865056e-15
"BLOOD_TRNSCRPT_DA","blood","transcript-rna-seq","transcript-rna-seq","group_timepointADUEndur.pre_exercise - group_timepointADUControl.pre_exercise","baseline","EE-CON","pre_exercise",20526,2.22044604925031e-16
"BLOOD_TRNSCRPT_DA","blood","transcript-rna-seq","transcript-rna-seq","group_timepointADUResist.pre_exercise - group_timepointADUControl.pre_exercise","baseline","RE-CON","pre_exercise",20526,3.44169137633799e-15
"BLOOD_TRNSCRPT_DA","blood","transcript-rna-seq","transcript-rna-seq","group_timepointADUControl.during_20_min - group_timepointADUControl.pre_exercise","control_only","CON-CON","during_20_min",20526,3.33066907387547e-15
"BLOOD_TRNSCRPT_DA","blood","transcript-rna-seq","transcript-rna-seq","group_timepointADUControl.during_40_min - group_timepointADUControl.pre_exercise","control_only","CON-CON","during_40_min",20526,2.44249065417534e-15
"BLOOD_TRNSCRPT_DA","blood","transcript-rna-seq","transcript-rna-seq","group_timepointADUControl.post_10_min - group_timepointADUControl.pre_exercise","control_only","CON-CON","post_10_min",20526,2.99760216648792e-15
"BLOOD_TRNSCRPT_DA","blood","transcript-rna-seq","transcript-rna-seq","group_timepointADUControl.post_15_30_45_min - group_timepointADUControl.pre_exercise","control_only","CON-CON","post_15_30_45_min",20526,2.88657986402541e-15
"BLOOD_TRNSCRPT_DA","blood","transcript-rna-seq","transcript-rna-seq","group_timepointADUControl.post_3.5_4_hr - group_timepointADUControl.pre_exercise","control_only","CON-CON","post_3.5_4_hr",20526,2.88657986402541e-15
"BLOOD_TRNSCRPT_DA","blood","transcript-rna-seq","transcript-rna-seq","group_timepointADUControl.post_24_hr - group_timepointADUControl.pre_exercise","control_only","CON-CON","post_24_hr",20526,4.88498130835069e-15
"MUSCLE_TRNSCRPT_DA","muscle","transcript-rna-seq","transcript-rna-seq","group_timepointADUEndur.post_15_30_45_min - group_timepointADUEndur.pre_exercise - group_timepointADUControl.post_15_30_45_min + group_timepointADUControl.pre_exercise","exercise_with_controls","EE-CON","post_15_30_45_min",16509,2.33146835171283e-15
"MUSCLE_TRNSCRPT_DA","muscle","transcript-rna-seq","transcript-rna-seq","group_timepointADUEndur.post_3.5_4_hr - group_timepointADUEndur.pre_exercise - group_timepointADUControl.post_3.5_4_hr + group_timepointADUControl.pre_exercise","exercise_with_controls","EE-CON","post_3.5_4_hr",16509,1.94289029309402e-15
"MUSCLE_TRNSCRPT_DA","muscle","transcript-rna-seq","transcript-rna-seq","group_timepointADUEndur.post_24_hr - group_timepointADUEndur.pre_exercise - group_timepointADUControl.post_24_hr + group_timepointADUControl.pre_exercise","exercise_with_controls","EE-CON","post_24_hr",16509,2.27595720048157e-15
"MUSCLE_TRNSCRPT_DA","muscle","transcript-rna-seq","transcript-rna-seq","group_timepointADUResist.post_15_30_45_min - group_timepointADUResist.pre_exercise - group_timepointADUControl.post_15_30_45_min + group_timepointADUControl.pre_exercise","exercise_with_controls","RE-CON","post_15_30_45_min",16509,2.33146835171283e-15
"MUSCLE_TRNSCRPT_DA","muscle","transcript-rna-seq","transcript-rna-seq","group_timepointADUResist.post_3.5_4_hr - group_timepointADUResist.pre_exercise - group_timepointADUControl.post_3.5_4_hr + group_timepointADUControl.pre_exercise","exercise_with_controls","RE-CON","post_3.5_4_hr",16509,1.38777878078145e-15
"MUSCLE_TRNSCRPT_DA","muscle","transcript-rna-seq","transcript-rna-seq","group_timepointADUResist.post_24_hr - group_timepointADUResist.pre_exercise - group_timepointADUControl.post_24_hr + group_timepointADUControl.pre_exercise","exercise_with_controls","RE-CON","post_24_hr",16509,1.66533453693773e-15
"MUSCLE_TRNSCRPT_DA","muscle","transcript-rna-seq","transcript-rna-seq","group_timepointADUEndur.post_15_30_45_min - group_timepointADUEndur.pre_exercise","exercise_no_controls","EE-EE","post_15_30_45_min",16509,1.83186799063151e-15
"MUSCLE_TRNSCRPT_DA","muscle","transcript-rna-seq","transcript-rna-seq","group_timepointADUEndur.post_3.5_4_hr - group_timepointADUEndur.pre_exercise","exercise_no_controls","EE-EE","post_3.5_4_hr",16509,1.36002320516582e-15
"MUSCLE_TRNSCRPT_DA","muscle","transcript-rna-seq","transcript-rna-seq","group_timepointADUEndur.post_24_hr - group_timepointADUEndur.pre_exercise","exercise_no_controls","EE-EE","post_24_hr",16509,1.49880108324396e-15
"MUSCLE_TRNSCRPT_DA","muscle","transcript-rna-seq","transcript-rna-seq","group_timepointADUResist.post_15_30_45_min - group_timepointADUResist.pre_exercise","exercise_no_controls","RE-RE","post_15_30_45_min",16509,1.66533453693773e-15
"MUSCLE_TRNSCRPT_DA","muscle","transcript-rna-seq","transcript-rna-seq","group_timepointADUResist.post_3.5_4_hr - group_timepointADUResist.pre_exercise","exercise_no_controls","RE-RE","post_3.5_4_hr",16509,1.2490009027033e-15
"MUSCLE_TRNSCRPT_DA","muscle","transcript-rna-seq","transcript-rna-seq","group_timepointADUResist.post_24_hr - group_timepointADUResist.pre_exercise","exercise_no_controls","RE-RE","post_24_hr",16509,1.33226762955019e-15
"MUSCLE_TRNSCRPT_DA","muscle","transcript-rna-seq","transcript-rna-seq","group_timepointADUEndur.post_15_30_45_min - group_timepointADUEndur.pre_exercise - group_timepointADUResist.post_15_30_45_min + group_timepointADUResist.pre_exercise","Endur_vs_Resist","EE-RE","post_15_30_45_min",16509,3.44169137633799e-15
"MUSCLE_TRNSCRPT_DA","muscle","transcript-rna-seq","transcript-rna-seq","group_timepointADUEndur.post_3.5_4_hr - group_timepointADUEndur.pre_exercise - group_timepointADUResist.post_3.5_4_hr + group_timepointADUResist.pre_exercise","Endur_vs_Resist","EE-RE","post_3.5_4_hr",16509,1.55431223447522e-15
"MUSCLE_TRNSCRPT_DA","muscle","transcript-rna-seq","transcript-rna-seq","group_timepointADUEndur.post_24_hr - group_timepointADUEndur.pre_exercise - group_timepointADUResist.post_24_hr + group_timepointADUResist.pre_exercise","Endur_vs_Resist","EE-RE","post_24_hr",16509,1.72084568816899e-15
"MUSCLE_TRNSCRPT_DA","muscle","transcript-rna-seq","transcript-rna-seq","group_timepointADUEndur.pre_exercise - group_timepointADUResist.pre_exercise","baseline","EE-RE","pre_exercise",16509,3.21964677141295e-15
"MUSCLE_TRNSCRPT_DA","muscle","transcript-rna-seq","transcript-rna-seq","group_timepointADUEndur.pre_exercise - group_timepointADUControl.pre_exercise","baseline","EE-CON","pre_exercise",16509,7.7715611723761e-16
"MUSCLE_TRNSCRPT_DA","muscle","transcript-rna-seq","transcript-rna-seq","group_timepointADUResist.pre_exercise - group_timepointADUControl.pre_exercise","baseline","RE-CON","pre_exercise",16509,2.55351295663786e-15
"MUSCLE_TRNSCRPT_DA","muscle","transcript-rna-seq","transcript-rna-seq","group_timepointADUControl.post_15_30_45_min - group_timepointADUControl.pre_exercise","control_only","CON-CON","post_15_30_45_min",16509,3.10862446895044e-15
"MUSCLE_TRNSCRPT_DA","muscle","transcript-rna-seq","transcript-rna-seq","group_timepointADUControl.post_3.5_4_hr - group_timepointADUControl.pre_exercise","control_only","CON-CON","post_3.5_4_hr",16509,2.05391259555654e-15
"MUSCLE_TRNSCRPT_DA","muscle","transcript-rna-seq","transcript-rna-seq","group_timepointADUControl.post_24_hr - group_timepointADUControl.pre_exercise","control_only","CON-CON","post_24_hr",16509,2.1094237467878e-15
"ADIPOSE_TRNSCRPT_DA","adipose","transcript-rna-seq","transcript-rna-seq","group_timepointADUEndur.post_15_30_45_min - group_timepointADUEndur.pre_exercise - group_timepointADUControl.post_15_30_45_min + group_timepointADUControl.pre_exercise","exercise_with_controls","EE-CON","post_15_30_45_min",20090,3.44169137633799e-15
"ADIPOSE_TRNSCRPT_DA","adipose","transcript-rna-seq","transcript-rna-seq","group_timepointADUEndur.post_3.5_4_hr - group_timepointADUEndur.pre_exercise - group_timepointADUControl.post_3.5_4_hr + group_timepointADUControl.pre_exercise","exercise_with_controls","EE-CON","post_3.5_4_hr",20090,3.77475828372553e-15
"ADIPOSE_TRNSCRPT_DA","adipose","transcript-rna-seq","transcript-rna-seq","group_timepointADUEndur.post_24_hr - group_timepointADUEndur.pre_exercise - group_timepointADUControl.post_24_hr + group_timepointADUControl.pre_exercise","exercise_with_controls","EE-CON","post_24_hr",20090,4.9960036108132e-16
"ADIPOSE_TRNSCRPT_DA","adipose","transcript-rna-seq","transcript-rna-seq","group_timepointADUResist.post_15_30_45_min - group_timepointADUResist.pre_exercise - group_timepointADUControl.post_15_30_45_min + group_timepointADUControl.pre_exercise","exercise_with_controls","RE-CON","post_15_30_45_min",20090,3.88578058618805e-15
"ADIPOSE_TRNSCRPT_DA","adipose","transcript-rna-seq","transcript-rna-seq","group_timepointADUResist.post_3.5_4_hr - group_timepointADUResist.pre_exercise - group_timepointADUControl.post_3.5_4_hr + group_timepointADUControl.pre_exercise","exercise_with_controls","RE-CON","post_3.5_4_hr",20090,3.66373598126302e-15
"ADIPOSE_TRNSCRPT_DA","adipose","transcript-rna-seq","transcript-rna-seq","group_timepointADUResist.post_24_hr - group_timepointADUResist.pre_exercise - group_timepointADUControl.post_24_hr + group_timepointADUControl.pre_exercise","exercise_with_controls","RE-CON","post_24_hr",20090,7.7715611723761e-16
"ADIPOSE_TRNSCRPT_DA","adipose","transcript-rna-seq","transcript-rna-seq","group_timepointADUEndur.post_15_30_45_min - group_timepointADUEndur.pre_exercise","exercise_no_controls","EE-EE","post_15_30_45_min",20090,2.38697950294409e-15
"ADIPOSE_TRNSCRPT_DA","adipose","transcript-rna-seq","transcript-rna-seq","group_timepointADUEndur.post_3.5_4_hr - group_timepointADUEndur.pre_exercise","exercise_no_controls","EE-EE","post_3.5_4_hr",20090,1.63757896132211e-15
"ADIPOSE_TRNSCRPT_DA","adipose","transcript-rna-seq","transcript-rna-seq","group_timepointADUEndur.post_24_hr - group_timepointADUEndur.pre_exercise","exercise_no_controls","EE-EE","post_24_hr",20090,3.88578058618805e-15
"ADIPOSE_TRNSCRPT_DA","adipose","transcript-rna-seq","transcript-rna-seq","group_timepointADUResist.post_15_30_45_min - group_timepointADUResist.pre_exercise","exercise_no_controls","RE-RE","post_15_30_45_min",20090,2.44249065417534e-15
"ADIPOSE_TRNSCRPT_DA","adipose","transcript-rna-seq","transcript-rna-seq","group_timepointADUResist.post_3.5_4_hr - group_timepointADUResist.pre_exercise","exercise_no_controls","RE-RE","post_3.5_4_hr",20090,1.49880108324396e-15
"ADIPOSE_TRNSCRPT_DA","adipose","transcript-rna-seq","transcript-rna-seq","group_timepointADUResist.post_24_hr - group_timepointADUResist.pre_exercise","exercise_no_controls","RE-RE","post_24_hr",20090,2.99760216648792e-15
"ADIPOSE_TRNSCRPT_DA","adipose","transcript-rna-seq","transcript-rna-seq","group_timepointADUEndur.post_15_30_45_min - group_timepointADUEndur.pre_exercise - group_timepointADUResist.post_15_30_45_min + group_timepointADUResist.pre_exercise","Endur_vs_Resist","EE-RE","post_15_30_45_min",20090,3.77475828372553e-15
"ADIPOSE_TRNSCRPT_DA","adipose","transcript-rna-seq","transcript-rna-seq","group_timepointADUEndur.post_3.5_4_hr - group_timepointADUEndur.pre_exercise - group_timepointADUResist.post_3.5_4_hr + group_timepointADUResist.pre_exercise","Endur_vs_Resist","EE-RE","post_3.5_4_hr",20090,1.66533453693773e-15
"ADIPOSE_TRNSCRPT_DA","adipose","transcript-rna-seq","transcript-rna-seq","group_timepointADUEndur.post_24_hr - group_timepointADUEndur.pre_exercise - group_timepointADUResist.post_24_hr + group_timepointADUResist.pre_exercise","Endur_vs_Resist","EE-RE","post_24_hr",20090,6.38378239159465e-16
"ADIPOSE_TRNSCRPT_DA","adipose","transcript-rna-seq","transcript-rna-seq","group_timepointADUEndur.pre_exercise - group_timepointADUResist.pre_exercise","baseline","EE-RE","pre_exercise",20090,4.10782519111308e-15
"ADIPOSE_TRNSCRPT_DA","adipose","transcript-rna-seq","transcript-rna-seq","group_timepointADUEndur.pre_exercise - group_timepointADUControl.pre_exercise","baseline","EE-CON","pre_exercise",20090,3.5527136788005e-15
"ADIPOSE_TRNSCRPT_DA","adipose","transcript-rna-seq","transcript-rna-seq","group_timepointADUResist.pre_exercise - group_timepointADUControl.pre_exercise","baseline","RE-CON","pre_exercise",20090,2.88657986402541e-15
"ADIPOSE_TRNSCRPT_DA","adipose","transcript-rna-seq","transcript-rna-seq","group_timepointADUControl.post_15_30_45_min - group_timepointADUControl.pre_exercise","control_only","CON-CON","post_15_30_45_min",20090,3.88578058618805e-15
"ADIPOSE_TRNSCRPT_DA","adipose","transcript-rna-seq","transcript-rna-seq","group_timepointADUControl.post_3.5_4_hr - group_timepointADUControl.pre_exercise","control_only","CON-CON","post_3.5_4_hr",20090,1.83186799063151e-15
"ADIPOSE_TRNSCRPT_DA","adipose","transcript-rna-seq","transcript-rna-seq","group_timepointADUControl.post_24_hr - group_timepointADUControl.pre_exercise","control_only","CON-CON","post_24_hr",20090,4.55191440096314e-15
"MUSCLE_PROT_PR_DA","muscle","prot-pr","prot-pr","group_timepointADUEndur.post_15_30_45_min - group_timepointADUEndur.pre_exercise - group_timepointADUControl.post_15_30_45_min + group_timepointADUControl.pre_exercise","exercise_with_controls","EE-CON","post_15_30_45_min",6211,6.66133814775094e-16
"MUSCLE_PROT_PR_DA","muscle","prot-pr","prot-pr","group_timepointADUEndur.post_3.5_4_hr - group_timepointADUEndur.pre_exercise - group_timepointADUControl.post_3.5_4_hr + group_timepointADUControl.pre_exercise","exercise_with_controls","EE-CON","post_3.5_4_hr",6211,2.22044604925031e-15
"MUSCLE_PROT_PR_DA","muscle","prot-pr","prot-pr","group_timepointADUEndur.post_24_hr - group_timepointADUEndur.pre_exercise - group_timepointADUControl.post_24_hr + group_timepointADUControl.pre_exercise","exercise_with_controls","EE-CON","post_24_hr",6211,3.10862446895044e-15
"MUSCLE_PROT_PR_DA","muscle","prot-pr","prot-pr","group_timepointADUResist.post_15_30_45_min - group_timepointADUResist.pre_exercise - group_timepointADUControl.post_15_30_45_min + group_timepointADUControl.pre_exercise","exercise_with_controls","RE-CON","post_15_30_45_min",6211,1.77635683940025e-15
"MUSCLE_PROT_PR_DA","muscle","prot-pr","prot-pr","group_timepointADUResist.post_3.5_4_hr - group_timepointADUResist.pre_exercise - group_timepointADUControl.post_3.5_4_hr + group_timepointADUControl.pre_exercise","exercise_with_controls","RE-CON","post_3.5_4_hr",6211,2.1094237467878e-15
"MUSCLE_PROT_PR_DA","muscle","prot-pr","prot-pr","group_timepointADUResist.post_24_hr - group_timepointADUResist.pre_exercise - group_timepointADUControl.post_24_hr + group_timepointADUControl.pre_exercise","exercise_with_controls","RE-CON","post_24_hr",6211,2.88657986402541e-15
"MUSCLE_PROT_PR_DA","muscle","prot-pr","prot-pr","group_timepointADUEndur.post_15_30_45_min - group_timepointADUEndur.pre_exercise","exercise_no_controls","EE-EE","post_15_30_45_min",6211,3.44169137633799e-15
"MUSCLE_PROT_PR_DA","muscle","prot-pr","prot-pr","group_timepointADUEndur.post_3.5_4_hr - group_timepointADUEndur.pre_exercise","exercise_no_controls","EE-EE","post_3.5_4_hr",6211,2.77555756156289e-15
"MUSCLE_PROT_PR_DA","muscle","prot-pr","prot-pr","group_timepointADUEndur.post_24_hr - group_timepointADUEndur.pre_exercise","exercise_no_controls","EE-EE","post_24_hr",6211,2.66453525910038e-15
"MUSCLE_PROT_PR_DA","muscle","prot-pr","prot-pr","group_timepointADUResist.post_15_30_45_min - group_timepointADUResist.pre_exercise","exercise_no_controls","RE-RE","post_15_30_45_min",6211,1.55431223447522e-15
"MUSCLE_PROT_PR_DA","muscle","prot-pr","prot-pr","group_timepointADUResist.post_3.5_4_hr - group_timepointADUResist.pre_exercise","exercise_no_controls","RE-RE","post_3.5_4_hr",6211,3.33066907387547e-15
"MUSCLE_PROT_PR_DA","muscle","prot-pr","prot-pr","group_timepointADUResist.post_24_hr - group_timepointADUResist.pre_exercise","exercise_no_controls","RE-RE","post_24_hr",6211,2.38697950294409e-15
"MUSCLE_PROT_PR_DA","muscle","prot-pr","prot-pr","group_timepointADUEndur.post_15_30_45_min - group_timepointADUEndur.pre_exercise - group_timepointADUResist.post_15_30_45_min + group_timepointADUResist.pre_exercise","Endur_vs_Resist","EE-RE","post_15_30_45_min",6211,1.11022302462516e-15
"MUSCLE_PROT_PR_DA","muscle","prot-pr","prot-pr","group_timepointADUEndur.post_3.5_4_hr - group_timepointADUEndur.pre_exercise - group_timepointADUResist.post_3.5_4_hr + group_timepointADUResist.pre_exercise","Endur_vs_Resist","EE-RE","post_3.5_4_hr",6211,2.99760216648792e-15
"MUSCLE_PROT_PR_DA","muscle","prot-pr","prot-pr","group_timepointADUEndur.post_24_hr - group_timepointADUEndur.pre_exercise - group_timepointADUResist.post_24_hr + group_timepointADUResist.pre_exercise","Endur_vs_Resist","EE-RE","post_24_hr",6211,2.77555756156289e-15
"MUSCLE_PROT_PR_DA","muscle","prot-pr","prot-pr","group_timepointADUEndur.pre_exercise - group_timepointADUResist.pre_exercise","baseline","EE-RE","pre_exercise",6211,2.38697950294409e-15
"MUSCLE_PROT_PR_DA","muscle","prot-pr","prot-pr","group_timepointADUEndur.pre_exercise - group_timepointADUControl.pre_exercise","baseline","EE-CON","pre_exercise",6211,2.77555756156289e-15
"MUSCLE_PROT_PR_DA","muscle","prot-pr","prot-pr","group_timepointADUResist.pre_exercise - group_timepointADUControl.pre_exercise","baseline","RE-CON","pre_exercise",6211,2.44249065417534e-15
"MUSCLE_PROT_PR_DA","muscle","prot-pr","prot-pr","group_timepointADUControl.post_15_30_45_min - group_timepointADUControl.pre_exercise","control_only","CON-CON","post_15_30_45_min",6211,2.66453525910038e-15
"MUSCLE_PROT_PR_DA","muscle","prot-pr","prot-pr","group_timepointADUControl.post_3.5_4_hr - group_timepointADUControl.pre_exercise","control_only","CON-CON","post_3.5_4_hr",6211,1.55431223447522e-15
"MUSCLE_PROT_PR_DA","muscle","prot-pr","prot-pr","group_timepointADUControl.post_24_hr - group_timepointADUControl.pre_exercise","control_only","CON-CON","post_24_hr",6211,3.66373598126302e-15
"ADIPOSE_PROT_PR_DA","adipose","prot-pr","prot-pr","group_timepointADUEndur.post_3.5_4_hr - group_timepointADUEndur.pre_exercise - group_timepointADUControl.post_3.5_4_hr + group_timepointADUControl.pre_exercise","exercise_with_controls","EE-CON","post_3.5_4_hr",7056,1.88737914186277e-15
"ADIPOSE_PROT_PR_DA","adipose","prot-pr","prot-pr","group_timepointADUResist.post_3.5_4_hr - group_timepointADUResist.pre_exercise - group_timepointADUControl.post_3.5_4_hr + group_timepointADUControl.pre_exercise","exercise_with_controls","RE-CON","post_3.5_4_hr",7056,2.99760216648792e-15
"ADIPOSE_PROT_PR_DA","adipose","prot-pr","prot-pr","group_timepointADUEndur.post_3.5_4_hr - group_timepointADUEndur.pre_exercise","exercise_no_controls","EE-EE","post_3.5_4_hr",7056,2.38697950294409e-15
"ADIPOSE_PROT_PR_DA","adipose","prot-pr","prot-pr","group_timepointADUResist.post_3.5_4_hr - group_timepointADUResist.pre_exercise","exercise_no_controls","RE-RE","post_3.5_4_hr",7056,3.21964677141295e-15
"ADIPOSE_PROT_PR_DA","adipose","prot-pr","prot-pr","group_timepointADUEndur.post_3.5_4_hr - group_timepointADUEndur.pre_exercise - group_timepointADUResist.post_3.5_4_hr + group_timepointADUResist.pre_exercise","Endur_vs_Resist","EE-RE","post_3.5_4_hr",7056,2.33146835171283e-15
"ADIPOSE_PROT_PR_DA","adipose","prot-pr","prot-pr","group_timepointADUEndur.pre_exercise - group_timepointADUResist.pre_exercise","baseline","EE-RE","pre_exercise",7056,1.77635683940025e-15
"ADIPOSE_PROT_PR_DA","adipose","prot-pr","prot-pr","group_timepointADUEndur.pre_exercise - group_timepointADUControl.pre_exercise","baseline","EE-CON","pre_exercise",7056,1.60982338570648e-15
"ADIPOSE_PROT_PR_DA","adipose","prot-pr","prot-pr","group_timepointADUResist.pre_exercise - group_timepointADUControl.pre_exercise","baseline","RE-CON","pre_exercise",7056,2.44249065417534e-15
"ADIPOSE_PROT_PR_DA","adipose","prot-pr","prot-pr","group_timepointADUControl.post_3.5_4_hr - group_timepointADUControl.pre_exercise","control_only","CON-CON","post_3.5_4_hr",7056,1.88737914186277e-15
"MUSCLE_PROT_PH_DA","muscle","prot-ph","prot-ph","group_timepointADUEndur.post_15_30_45_min - group_timepointADUEndur.pre_exercise - group_timepointADUControl.post_15_30_45_min + group_timepointADUControl.pre_exercise","exercise_with_controls","EE-CON","post_15_30_45_min",18164,2.38697950294409e-15
"MUSCLE_PROT_PH_DA","muscle","prot-ph","prot-ph","group_timepointADUEndur.post_3.5_4_hr - group_timepointADUEndur.pre_exercise - group_timepointADUControl.post_3.5_4_hr + group_timepointADUControl.pre_exercise","exercise_with_controls","EE-CON","post_3.5_4_hr",18164,4.10782519111308e-15
"MUSCLE_PROT_PH_DA","muscle","prot-ph","prot-ph","group_timepointADUEndur.post_24_hr - group_timepointADUEndur.pre_exercise - group_timepointADUControl.post_24_hr + group_timepointADUControl.pre_exercise","exercise_with_controls","EE-CON","post_24_hr",18164,3.99680288865056e-15
"MUSCLE_PROT_PH_DA","muscle","prot-ph","prot-ph","group_timepointADUResist.post_15_30_45_min - group_timepointADUResist.pre_exercise - group_timepointADUControl.post_15_30_45_min + group_timepointADUControl.pre_exercise","exercise_with_controls","RE-CON","post_15_30_45_min",18164,1.77635683940025e-15
"MUSCLE_PROT_PH_DA","muscle","prot-ph","prot-ph","group_timepointADUResist.post_3.5_4_hr - group_timepointADUResist.pre_exercise - group_timepointADUControl.post_3.5_4_hr + group_timepointADUControl.pre_exercise","exercise_with_controls","RE-CON","post_3.5_4_hr",18164,2.60902410786912e-15
"MUSCLE_PROT_PH_DA","muscle","prot-ph","prot-ph","group_timepointADUResist.post_24_hr - group_timepointADUResist.pre_exercise - group_timepointADUControl.post_24_hr + group_timepointADUControl.pre_exercise","exercise_with_controls","RE-CON","post_24_hr",18164,3.33066907387547e-15
"MUSCLE_PROT_PH_DA","muscle","prot-ph","prot-ph","group_timepointADUEndur.post_15_30_45_min - group_timepointADUEndur.pre_exercise","exercise_no_controls","EE-EE","post_15_30_45_min",18164,1.99840144432528e-15
"MUSCLE_PROT_PH_DA","muscle","prot-ph","prot-ph","group_timepointADUEndur.post_3.5_4_hr - group_timepointADUEndur.pre_exercise","exercise_no_controls","EE-EE","post_3.5_4_hr",18164,2.99760216648792e-15
"MUSCLE_PROT_PH_DA","muscle","prot-ph","prot-ph","group_timepointADUEndur.post_24_hr - group_timepointADUEndur.pre_exercise","exercise_no_controls","EE-EE","post_24_hr",18164,3.44169137633799e-15
"MUSCLE_PROT_PH_DA","muscle","prot-ph","prot-ph","group_timepointADUResist.post_15_30_45_min - group_timepointADUResist.pre_exercise","exercise_no_controls","RE-RE","post_15_30_45_min",18164,1.4432899320127e-15
"MUSCLE_PROT_PH_DA","muscle","prot-ph","prot-ph","group_timepointADUResist.post_3.5_4_hr - group_timepointADUResist.pre_exercise","exercise_no_controls","RE-RE","post_3.5_4_hr",18164,1.94289029309402e-15
"MUSCLE_PROT_PH_DA","muscle","prot-ph","prot-ph","group_timepointADUResist.post_24_hr - group_timepointADUResist.pre_exercise","exercise_no_controls","RE-RE","post_24_hr",18164,2.55351295663786e-15
"MUSCLE_PROT_PH_DA","muscle","prot-ph","prot-ph","group_timepointADUEndur.post_15_30_45_min - group_timepointADUEndur.pre_exercise - group_timepointADUResist.post_15_30_45_min + group_timepointADUResist.pre_exercise","Endur_vs_Resist","EE-RE","post_15_30_45_min",18164,2.16493489801906e-15
"MUSCLE_PROT_PH_DA","muscle","prot-ph","prot-ph","group_timepointADUEndur.post_3.5_4_hr - group_timepointADUEndur.pre_exercise - group_timepointADUResist.post_3.5_4_hr + group_timepointADUResist.pre_exercise","Endur_vs_Resist","EE-RE","post_3.5_4_hr",18164,2.33146835171283e-15
"MUSCLE_PROT_PH_DA","muscle","prot-ph","prot-ph","group_timepointADUEndur.post_24_hr - group_timepointADUEndur.pre_exercise - group_timepointADUResist.post_24_hr + group_timepointADUResist.pre_exercise","Endur_vs_Resist","EE-RE","post_24_hr",18164,3.44169137633799e-15
"MUSCLE_PROT_PH_DA","muscle","prot-ph","prot-ph","group_timepointADUEndur.pre_exercise - group_timepointADUResist.pre_exercise","baseline","EE-RE","pre_exercise",18164,2.33146835171283e-15
"MUSCLE_PROT_PH_DA","muscle","prot-ph","prot-ph","group_timepointADUEndur.pre_exercise - group_timepointADUControl.pre_exercise","baseline","EE-CON","pre_exercise",18164,2.66453525910038e-15
"MUSCLE_PROT_PH_DA","muscle","prot-ph","prot-ph","group_timepointADUResist.pre_exercise - group_timepointADUControl.pre_exercise","baseline","RE-CON","pre_exercise",18164,2.27595720048157e-15
"MUSCLE_PROT_PH_DA","muscle","prot-ph","prot-ph","group_timepointADUControl.post_15_30_45_min - group_timepointADUControl.pre_exercise","control_only","CON-CON","post_15_30_45_min",18164,3.66373598126302e-15
"MUSCLE_PROT_PH_DA","muscle","prot-ph","prot-ph","group_timepointADUControl.post_3.5_4_hr - group_timepointADUControl.pre_exercise","control_only","CON-CON","post_3.5_4_hr",18164,3.88578058618805e-15
"MUSCLE_PROT_PH_DA","muscle","prot-ph","prot-ph","group_timepointADUControl.post_24_hr - group_timepointADUControl.pre_exercise","control_only","CON-CON","post_24_hr",18164,4.2188474935756e-15
