tissue,assay,platform,full_model,contrast,contrast_short,contrast_type,contrast_category,randomGroupCode,Timepoint,feature_id,logFC,CI.L_calculated,CI.R_calculated,degrees_of_freedom,logLik,t,AveExpr,z.std,p_value,adj_p_value,source_object,sample_time,source_significant,correction_status
blood,metab,metab-u-hilicpos,~ 0 + group_timepoint +  BMI + calculatedAge + codedsiteid + raw_intensity_post + Sex + (1 | pid),group_timepointADUEndur.during_20_min - group_timepointADUEndur.pre_exercise - group_timepointADUControl.during_20_min + group_timepointADUControl.pre_exercise,Endur.during_20_min - Control.during_20_min (delta-delta),exercise_with_controls,EE-CON,ADUEndur,during_20_min,Tryptophan,0.0253540616992325,-0.033411908826368,0.084120032224833,684.539705712386,430.766505883108,0.847102835653364,26.8473476084865,0.84657323266933,0.397233038914189,0.576894454854631,BLOOD_METAB_DA,During 20 min,False,Original source q; attempted independent BH groupings did not reproduce it
blood,metab,metab-u-rppos,~ 0 + group_timepoint +  BMI + calculatedAge + codedsiteid + raw_intensity_post + Sex + (1 | pid),group_timepointADUEndur.during_20_min - group_timepointADUEndur.pre_exercise - group_timepointADUControl.during_20_min + group_timepointADUControl.pre_exercise,Endur.during_20_min - Control.during_20_min (delta-delta),exercise_with_controls,EE-CON,ADUEndur,during_20_min,Kynurenine,0.117185829900553,0.0154242300166163,0.218947429784489,672.821492945058,-14.5933393829796,2.26108904039157,19.3574929289604,2.255996558376,0.0240708466712267,0.137130884066383,BLOOD_METAB_DA,During 20 min,False,Original source q; attempted independent BH groupings did not reproduce it
blood,metab,metab-u-hilicpos,~ 0 + group_timepoint +  BMI + calculatedAge + codedsiteid + raw_intensity_post + Sex + (1 | pid),group_timepointADUEndur.during_40_min - group_timepointADUEndur.pre_exercise - group_timepointADUControl.during_40_min + group_timepointADUControl.pre_exercise,Endur.during_40_min - Control.during_40_min (delta-delta),exercise_with_controls,EE-CON,ADUEndur,during_40_min,Tryptophan,-0.0045444927775832,-0.0637159191307919,0.0546269335756253,684.539705712386,430.766505883108,-0.150795105174764,26.8473476084865,-0.150738995140384,0.88018161100893,0.924420271257929,BLOOD_METAB_DA,During 40 min,False,Original source q; attempted independent BH groupings did not reproduce it
blood,metab,metab-u-rppos,~ 0 + group_timepoint +  BMI + calculatedAge + codedsiteid + raw_intensity_post + Sex + (1 | pid),group_timepointADUEndur.during_40_min - group_timepointADUEndur.pre_exercise - group_timepointADUControl.during_40_min + group_timepointADUControl.pre_exercise,Endur.during_40_min - Control.during_40_min (delta-delta),exercise_with_controls,EE-CON,ADUEndur,during_40_min,Kynurenine,-0.015882301548551,-0.117999517869398,0.0862349147722957,672.821492945058,-14.5933393829796,-0.305380150022857,19.3574929289604,-0.305256712353633,0.760170641993073,0.887652675122346,BLOOD_METAB_DA,During 40 min,False,Original source q; attempted independent BH groupings did not reproduce it
blood,metab,metab-u-hilicpos,~ 0 + group_timepoint +  BMI + calculatedAge + codedsiteid + raw_intensity_post + Sex + (1 | pid),group_timepointADUEndur.post_10_min - group_timepointADUEndur.pre_exercise - group_timepointADUControl.post_10_min + group_timepointADUControl.pre_exercise,Endur.post_10_min - Control.post_10_min (delta-delta),exercise_with_controls,EE-CON,ADUEndur,post_10_min,Tryptophan,-0.15347009196875,-0.212721677224405,-0.0942185067130935,684.539705712386,430.766505883108,-5.08555470851028,26.8473476084865,-5.03677484919603,4.73441116686613e-07,5.52347969467715e-06,BLOOD_METAB_DA,Post 10 min,True,Original source q; attempted independent BH groupings did not reproduce it
blood,metab,metab-u-rppos,~ 0 + group_timepoint +  BMI + calculatedAge + codedsiteid + raw_intensity_post + Sex + (1 | pid),group_timepointADUEndur.post_10_min - group_timepointADUEndur.pre_exercise - group_timepointADUControl.post_10_min + group_timepointADUControl.pre_exercise,Endur.post_10_min - Control.post_10_min (delta-delta),exercise_with_controls,EE-CON,ADUEndur,post_10_min,Kynurenine,-0.146417548657904,-0.249436341440143,-0.0433987558756659,672.821492945058,-14.5933393829796,-2.79063331682467,19.3574929289604,-2.78162101887482,0.0054088160579958,0.0290530691115204,BLOOD_METAB_DA,Post 10 min,True,Original source q; attempted independent BH groupings did not reproduce it
blood,metab,metab-u-hilicpos,~ 0 + group_timepoint +  BMI + calculatedAge + codedsiteid + raw_intensity_post + Sex + (1 | pid),group_timepointADUEndur.post_15_30_45_min - group_timepointADUEndur.pre_exercise - group_timepointADUControl.post_15_30_45_min + group_timepointADUControl.pre_exercise,Endur.post_15_30_45_min - Control.post_15_30_45_min (delta-delta),exercise_with_controls,EE-CON,ADUEndur,post_15_30_45_min,Tryptophan,0.0470711308947216,-0.0112191865972734,0.105361448386717,684.539705712386,430.766505883108,1.58552459353135,26.8473476084865,1.58349851724896,0.113307884354108,0.309041669284005,BLOOD_METAB_DA,Post 30 min,False,Original source q; attempted independent BH groupings did not reproduce it
blood,metab,metab-u-rppos,~ 0 + group_timepoint +  BMI + calculatedAge + codedsiteid + raw_intensity_post + Sex + (1 | pid),group_timepointADUEndur.post_15_30_45_min - group_timepointADUEndur.pre_exercise - group_timepointADUControl.post_15_30_45_min + group_timepointADUControl.pre_exercise,Endur.post_15_30_45_min - Control.post_15_30_45_min (delta-delta),exercise_with_controls,EE-CON,ADUEndur,post_15_30_45_min,Kynurenine,-0.0657954180408744,-0.166797026442919,0.0352061903611705,672.821492945058,-14.5933393829796,-1.27906975661754,19.3574929289604,-1.27782351073829,0.20131166263163,0.573267107444767,BLOOD_METAB_DA,Post 30 min,False,Original source q; attempted independent BH groupings did not reproduce it
blood,metab,metab-u-hilicpos,~ 0 + group_timepoint +  BMI + calculatedAge + codedsiteid + raw_intensity_post + Sex + (1 | pid),group_timepointADUEndur.post_3.5_4_hr - group_timepointADUEndur.pre_exercise - group_timepointADUControl.post_3.5_4_hr + group_timepointADUControl.pre_exercise,Endur.post_3.5_4_hr - Control.post_3.5_4_hr (delta-delta),exercise_with_controls,EE-CON,ADUEndur,post_3.5_4_hr,Tryptophan,-0.0157737326275189,-0.0932471457448904,0.0616996804898526,684.539705712386,430.766505883108,-0.399753504310454,26.8473476084865,-0.399585574362002,0.689461783247666,0.972067774120201,BLOOD_METAB_DA,Post 3.5 h,False,Original source q; attempted independent BH groupings did not reproduce it
blood,metab,metab-u-rppos,~ 0 + group_timepoint +  BMI + calculatedAge + codedsiteid + raw_intensity_post + Sex + (1 | pid),group_timepointADUEndur.post_3.5_4_hr - group_timepointADUEndur.pre_exercise - group_timepointADUControl.post_3.5_4_hr + group_timepointADUControl.pre_exercise,Endur.post_3.5_4_hr - Control.post_3.5_4_hr (delta-delta),exercise_with_controls,EE-CON,ADUEndur,post_3.5_4_hr,Kynurenine,0.0681714909162388,-0.065800978306135,0.202143960138612,672.821492945058,-14.5933393829796,0.999098528684507,19.3574929289604,0.99836574931717,0.3181020357556,0.84398329324225,BLOOD_METAB_DA,Post 3.5 h,False,Original source q; attempted independent BH groupings did not reproduce it
blood,metab,metab-u-hilicpos,~ 0 + group_timepoint +  BMI + calculatedAge + codedsiteid + raw_intensity_post + Sex + (1 | pid),group_timepointADUEndur.post_24_hr - group_timepointADUEndur.pre_exercise - group_timepointADUControl.post_24_hr + group_timepointADUControl.pre_exercise,Endur.post_24_hr - Control.post_24_hr (delta-delta),exercise_with_controls,EE-CON,ADUEndur,post_24_hr,Tryptophan,0.0068581154632525,-0.0658898551412008,0.0796060860677059,684.539705712386,430.766505883108,0.185095165441622,26.8473476084865,0.185025762255098,0.85320882907589,0.954919990897446,BLOOD_METAB_DA,Post 24 h,False,Original source q; attempted independent BH groupings did not reproduce it
blood,metab,metab-u-rppos,~ 0 + group_timepoint +  BMI + calculatedAge + codedsiteid + raw_intensity_post + Sex + (1 | pid),group_timepointADUEndur.post_24_hr - group_timepointADUEndur.pre_exercise - group_timepointADUControl.post_24_hr + group_timepointADUControl.pre_exercise,Endur.post_24_hr - Control.post_24_hr (delta-delta),exercise_with_controls,EE-CON,ADUEndur,post_24_hr,Kynurenine,0.0305077718534221,-0.0952978883386651,0.156313432045509,672.821492945058,-14.5933393829796,0.476137428426443,19.3574929289604,0.475922686250167,0.634129459235418,0.969896045359225,BLOOD_METAB_DA,Post 24 h,False,Original source q; attempted independent BH groupings did not reproduce it
blood,metab,metab-u-hilicpos,~ 0 + group_timepoint +  BMI + calculatedAge + codedsiteid + raw_intensity_post + Sex + (1 | pid),group_timepointADUResist.post_10_min - group_timepointADUResist.pre_exercise - group_timepointADUControl.post_10_min + group_timepointADUControl.pre_exercise,Resist.post_10_min - Control.post_10_min (delta-delta),exercise_with_controls,RE-CON,ADUResist,post_10_min,Tryptophan,-0.0350016445148427,-0.0934680151921925,0.0234647261625071,684.539705712386,430.766505883108,-1.17542979769115,26.8473476084865,-1.17441142798577,0.240230270032966,0.360002487745765,BLOOD_METAB_DA,Post 10 min,False,Original source q; attempted independent BH groupings did not reproduce it
blood,metab,metab-u-rppos,~ 0 + group_timepoint +  BMI + calculatedAge + codedsiteid + raw_intensity_post + Sex + (1 | pid),group_timepointADUResist.post_10_min - group_timepointADUResist.pre_exercise - group_timepointADUControl.post_10_min + group_timepointADUControl.pre_exercise,Resist.post_10_min - Control.post_10_min (delta-delta),exercise_with_controls,RE-CON,ADUResist,post_10_min,Kynurenine,0.0669585364524252,-0.0343061610715945,0.168223233976445,672.821492945058,-14.5933393829796,1.29829680652377,19.3574929289604,1.29700935333756,0.194627968568902,0.415796114669927,BLOOD_METAB_DA,Post 10 min,False,Original source q; attempted independent BH groupings did not reproduce it
blood,metab,metab-u-hilicpos,~ 0 + group_timepoint +  BMI + calculatedAge + codedsiteid + raw_intensity_post + Sex + (1 | pid),group_timepointADUResist.post_15_30_45_min - group_timepointADUResist.pre_exercise - group_timepointADUControl.post_15_30_45_min + group_timepointADUControl.pre_exercise,Resist.post_15_30_45_min - Control.post_15_30_45_min (delta-delta),exercise_with_controls,RE-CON,ADUResist,post_15_30_45_min,Tryptophan,0.113814894295196,0.0565262646532189,0.171103523937173,684.539705712386,430.766505883108,3.90072140742108,26.8473476084865,3.87795844147713,0.0001053367053737,0.0005852039187429,BLOOD_METAB_DA,Post 30 min,True,Original source q; attempted independent BH groupings did not reproduce it
blood,metab,metab-u-rppos,~ 0 + group_timepoint +  BMI + calculatedAge + codedsiteid + raw_intensity_post + Sex + (1 | pid),group_timepointADUResist.post_15_30_45_min - group_timepointADUResist.pre_exercise - group_timepointADUControl.post_15_30_45_min + group_timepointADUControl.pre_exercise,Resist.post_15_30_45_min - Control.post_15_30_45_min (delta-delta),exercise_with_controls,RE-CON,ADUResist,post_15_30_45_min,Kynurenine,0.145071625641425,0.0458238224978011,0.244319428785048,672.821492945058,-14.5933393829796,2.87004167091875,19.3574929289604,2.86029570255536,0.004232461564555,0.0225580485862483,BLOOD_METAB_DA,Post 30 min,True,Original source q; attempted independent BH groupings did not reproduce it
blood,metab,metab-u-hilicpos,~ 0 + group_timepoint +  BMI + calculatedAge + codedsiteid + raw_intensity_post + Sex + (1 | pid),group_timepointADUResist.post_3.5_4_hr - group_timepointADUResist.pre_exercise - group_timepointADUControl.post_3.5_4_hr + group_timepointADUControl.pre_exercise,Resist.post_3.5_4_hr - Control.post_3.5_4_hr (delta-delta),exercise_with_controls,RE-CON,ADUResist,post_3.5_4_hr,Tryptophan,-0.10596878305029,-0.181521676631755,-0.0304158894688255,684.539705712386,430.766505883108,-2.75381702979731,26.8473476084865,-2.74532700757793,0.0060450628826283,0.0268342155613237,BLOOD_METAB_DA,Post 3.5 h,True,Original source q; attempted independent BH groupings did not reproduce it
blood,metab,metab-u-rppos,~ 0 + group_timepoint +  BMI + calculatedAge + codedsiteid + raw_intensity_post + Sex + (1 | pid),group_timepointADUResist.post_3.5_4_hr - group_timepointADUResist.pre_exercise - group_timepointADUControl.post_3.5_4_hr + group_timepointADUControl.pre_exercise,Resist.post_3.5_4_hr - Control.post_3.5_4_hr (delta-delta),exercise_with_controls,RE-CON,ADUResist,post_3.5_4_hr,Kynurenine,-0.0561306820483836,-0.187033024730283,0.074771660633516,672.821492945058,-14.5933393829796,-0.841920921160293,19.3574929289604,-0.841394579219862,0.400126921279996,0.73744745296377,BLOOD_METAB_DA,Post 3.5 h,False,Original source q; attempted independent BH groupings did not reproduce it
blood,metab,metab-u-hilicpos,~ 0 + group_timepoint +  BMI + calculatedAge + codedsiteid + raw_intensity_post + Sex + (1 | pid),group_timepointADUResist.post_24_hr - group_timepointADUResist.pre_exercise - group_timepointADUControl.post_24_hr + group_timepointADUControl.pre_exercise,Resist.post_24_hr - Control.post_24_hr (delta-delta),exercise_with_controls,RE-CON,ADUResist,post_24_hr,Tryptophan,-0.0418789118757239,-0.114076897766745,0.0303190740152972,684.539705712386,430.766505883108,-1.1388761372861,26.8473476084865,-1.13793458925683,0.255147796635321,0.587538252712436,BLOOD_METAB_DA,Post 24 h,False,Original source q; attempted independent BH groupings did not reproduce it
blood,metab,metab-u-rppos,~ 0 + group_timepoint +  BMI + calculatedAge + codedsiteid + raw_intensity_post + Sex + (1 | pid),group_timepointADUResist.post_24_hr - group_timepointADUResist.pre_exercise - group_timepointADUControl.post_24_hr + group_timepointADUControl.pre_exercise,Resist.post_24_hr - Control.post_24_hr (delta-delta),exercise_with_controls,RE-CON,ADUResist,post_24_hr,Kynurenine,-0.124686338324725,-0.248333855796864,-0.0010388208525862,672.821492945058,-14.5933393829796,-1.97994613629249,19.3574929289604,-1.97638363875385,0.0481113431839242,0.37345730519093,BLOOD_METAB_DA,Post 24 h,False,Original source q; attempted independent BH groupings did not reproduce it
blood,metab,metab-u-hilicpos,~ 0 + group_timepoint +  BMI + calculatedAge + codedsiteid + raw_intensity_post + Sex + (1 | pid),group_timepointADUEndur.post_10_min - group_timepointADUEndur.pre_exercise - group_timepointADUResist.post_10_min + group_timepointADUResist.pre_exercise,Endur.post_10_min - Resist.post_10_min (delta-delta),Endur_vs_Resist,EE-RE,ADUEndur,post_10_min,Tryptophan,-0.118468447453907,-0.167415400138864,-0.0695214947689497,684.539705712386,430.766505883108,-4.75215346337863,26.8473476084865,-4.71209445864892,2.45183675620537e-06,2.04319729683781e-05,BLOOD_METAB_DA,Post 10 min,True,Original source q; attempted independent BH groupings did not reproduce it
blood,metab,metab-u-rppos,~ 0 + group_timepoint +  BMI + calculatedAge + codedsiteid + raw_intensity_post + Sex + (1 | pid),group_timepointADUEndur.post_10_min - group_timepointADUEndur.pre_exercise - group_timepointADUResist.post_10_min + group_timepointADUResist.pre_exercise,Endur.post_10_min - Resist.post_10_min (delta-delta),Endur_vs_Resist,EE-RE,ADUEndur,post_10_min,Kynurenine,-0.21337608511033,-0.299389344667685,-0.127362825552974,672.821492945058,-14.5933393829796,-4.87084920122041,19.3574929289604,-4.82723613937702,1.38440932008997e-06,1.23937596274721e-05,BLOOD_METAB_DA,Post 10 min,True,Original source q; attempted independent BH groupings did not reproduce it
blood,metab,metab-u-hilicpos,~ 0 + group_timepoint +  BMI + calculatedAge + codedsiteid + raw_intensity_post + Sex + (1 | pid),group_timepointADUEndur.post_15_30_45_min - group_timepointADUEndur.pre_exercise - group_timepointADUResist.post_15_30_45_min + group_timepointADUResist.pre_exercise,Endur.post_15_30_45_min - Resist.post_15_30_45_min (delta-delta),Endur_vs_Resist,EE-RE,ADUEndur,post_15_30_45_min,Tryptophan,-0.0667437634004742,-0.115339513216182,-0.0181480135847661,684.539705712386,430.766505883108,-2.69665731842038,26.8473476084865,-2.68858970228551,0.0071754554045422,0.0302579444769853,BLOOD_METAB_DA,Post 30 min,True,Original source q; attempted independent BH groupings did not reproduce it
blood,metab,metab-u-rppos,~ 0 + group_timepoint +  BMI + calculatedAge + codedsiteid + raw_intensity_post + Sex + (1 | pid),group_timepointADUEndur.post_15_30_45_min - group_timepointADUEndur.pre_exercise - group_timepointADUResist.post_15_30_45_min + group_timepointADUResist.pre_exercise,Endur.post_15_30_45_min - Resist.post_15_30_45_min (delta-delta),Endur_vs_Resist,EE-RE,ADUEndur,post_15_30_45_min,Kynurenine,-0.210867043682299,-0.296012632759561,-0.125721454605037,672.821492945058,-14.5933393829796,-4.86262972485791,19.3574929289604,-4.81921209119064,1.44126275016916e-06,1.5053188723989e-05,BLOOD_METAB_DA,Post 30 min,True,Original source q; attempted independent BH groupings did not reproduce it
blood,metab,metab-u-hilicpos,~ 0 + group_timepoint +  BMI + calculatedAge + codedsiteid + raw_intensity_post + Sex + (1 | pid),group_timepointADUEndur.post_3.5_4_hr - group_timepointADUEndur.pre_exercise - group_timepointADUResist.post_3.5_4_hr + group_timepointADUResist.pre_exercise,Endur.post_3.5_4_hr - Resist.post_3.5_4_hr (delta-delta),Endur_vs_Resist,EE-RE,ADUEndur,post_3.5_4_hr,Tryptophan,0.0901950504227713,0.0262664126900801,0.154123688155462,684.539705712386,430.766505883108,2.77009304797917,26.8473476084865,2.76147678573293,0.0057540607035891,0.0378308280488513,BLOOD_METAB_DA,Post 3.5 h,True,Original source q; attempted independent BH groupings did not reproduce it
blood,metab,metab-u-rppos,~ 0 + group_timepoint +  BMI + calculatedAge + codedsiteid + raw_intensity_post + Sex + (1 | pid),group_timepointADUEndur.post_3.5_4_hr - group_timepointADUEndur.pre_exercise - group_timepointADUResist.post_3.5_4_hr + group_timepointADUResist.pre_exercise,Endur.post_3.5_4_hr - Resist.post_3.5_4_hr (delta-delta),Endur_vs_Resist,EE-RE,ADUEndur,post_3.5_4_hr,Kynurenine,0.124302172964622,0.012902342044952,0.235702003884293,672.821492945058,-14.5933393829796,2.19083762150624,19.3574929289604,2.18621751408919,0.028799695508058,0.338396422219682,BLOOD_METAB_DA,Post 3.5 h,False,Original source q; attempted independent BH groupings did not reproduce it
blood,metab,metab-u-hilicpos,~ 0 + group_timepoint +  BMI + calculatedAge + codedsiteid + raw_intensity_post + Sex + (1 | pid),group_timepointADUEndur.post_24_hr - group_timepointADUEndur.pre_exercise - group_timepointADUResist.post_24_hr + group_timepointADUResist.pre_exercise,Endur.post_24_hr - Resist.post_24_hr (delta-delta),Endur_vs_Resist,EE-RE,ADUEndur,post_24_hr,Tryptophan,0.0487370273389764,-0.0130519132963626,0.110525967974315,684.539705712386,430.766505883108,1.54864447756004,26.8473476084865,1.54675867440029,0.121921448704191,0.346930951597292,BLOOD_METAB_DA,Post 24 h,False,Original source q; attempted independent BH groupings did not reproduce it
blood,metab,metab-u-rppos,~ 0 + group_timepoint +  BMI + calculatedAge + codedsiteid + raw_intensity_post + Sex + (1 | pid),group_timepointADUEndur.post_24_hr - group_timepointADUEndur.pre_exercise - group_timepointADUResist.post_24_hr + group_timepointADUResist.pre_exercise,Endur.post_24_hr - Resist.post_24_hr (delta-delta),Endur_vs_Resist,EE-RE,ADUEndur,post_24_hr,Kynurenine,0.155194110178147,0.0497051346925321,0.260683085663763,672.821492945058,-14.5933393829796,2.88858826900127,19.3574929289604,2.87878244737386,0.0039921362060639,0.0611281813541664,BLOOD_METAB_DA,Post 24 h,False,Original source q; attempted independent BH groupings did not reproduce it
muscle,metab,metab-u-rpneg,~ 0 + group_timepoint +  BMI + calculatedAge + codedsiteid + raw_intensity_post + Sex + (1 | pid),group_timepointADUEndur.post_15_30_45_min - group_timepointADUEndur.pre_exercise - group_timepointADUControl.post_15_30_45_min + group_timepointADUControl.pre_exercise,Endur.post_15_30_45_min - Control.post_15_30_45_min (delta-delta),exercise_with_controls,EE-CON,ADUEndur,post_15_30_45_min,Tryptophan,0.277059095702434,0.0606204164113721,0.493497774993496,258.663901044505,-139.327249388146,2.51990764842309,17.9633331718314,2.50340956247725,0.0123003111873459,0.211565352422349,MUSCLE_METAB_DA,Post 15 min,False,Original source q; attempted independent BH groupings did not reproduce it
muscle,metab,metab-u-rppos,~ 0 + group_timepoint +  BMI + calculatedAge + codedsiteid + raw_intensity_post + Sex + (1 | pid),group_timepointADUEndur.post_15_30_45_min - group_timepointADUEndur.pre_exercise - group_timepointADUControl.post_15_30_45_min + group_timepointADUControl.pre_exercise,Endur.post_15_30_45_min - Control.post_15_30_45_min (delta-delta),exercise_with_controls,EE-CON,ADUEndur,post_15_30_45_min,Kynurenine,-0.0699749265217022,-0.279109693552232,0.139159840508828,249.859513199934,-144.69902305086,-0.658711201722981,16.4050110658692,-0.657846562822538,0.510636730866542,0.777666947925192,MUSCLE_METAB_DA,Post 15 min,False,Original source q; attempted independent BH groupings did not reproduce it
muscle,metab,metab-u-rpneg,~ 0 + group_timepoint +  BMI + calculatedAge + codedsiteid + raw_intensity_post + Sex + (1 | pid),group_timepointADUEndur.post_3.5_4_hr - group_timepointADUEndur.pre_exercise - group_timepointADUControl.post_3.5_4_hr + group_timepointADUControl.pre_exercise,Endur.post_3.5_4_hr - Control.post_3.5_4_hr (delta-delta),exercise_with_controls,EE-CON,ADUEndur,post_3.5_4_hr,Tryptophan,0.0174337879370299,-0.212042758376219,0.246910334250279,258.663901044505,-139.327249388146,0.149542647538262,17.9633331718314,0.14940748839084,0.881232103172528,0.986702353911112,MUSCLE_METAB_DA,Post 3.5 h,False,Original source q; attempted independent BH groupings did not reproduce it
muscle,metab,metab-u-rppos,~ 0 + group_timepoint +  BMI + calculatedAge + codedsiteid + raw_intensity_post + Sex + (1 | pid),group_timepointADUEndur.post_3.5_4_hr - group_timepointADUEndur.pre_exercise - group_timepointADUControl.post_3.5_4_hr + group_timepointADUControl.pre_exercise,Endur.post_3.5_4_hr - Control.post_3.5_4_hr (delta-delta),exercise_with_controls,EE-CON,ADUEndur,post_3.5_4_hr,Kynurenine,0.0252475099536689,-0.200324716974343,0.250819736881681,249.859513199934,-144.69902305086,0.220321440250035,16.4050110658692,0.220115879106437,0.825780908334887,0.963836502974127,MUSCLE_METAB_DA,Post 3.5 h,False,Original source q; attempted independent BH groupings did not reproduce it
muscle,metab,metab-u-rpneg,~ 0 + group_timepoint +  BMI + calculatedAge + codedsiteid + raw_intensity_post + Sex + (1 | pid),group_timepointADUEndur.post_24_hr - group_timepointADUEndur.pre_exercise - group_timepointADUControl.post_24_hr + group_timepointADUControl.pre_exercise,Endur.post_24_hr - Control.post_24_hr (delta-delta),exercise_with_controls,EE-CON,ADUEndur,post_24_hr,Tryptophan,-0.0754164855239843,-0.281541700245777,0.130708729197809,258.663901044505,-139.327249388146,-0.720274569992729,17.9633331718314,-0.719281497547665,0.47196749373874,0.948895595936377,MUSCLE_METAB_DA,Post 24 h,False,Original source q; attempted independent BH groupings did not reproduce it
muscle,metab,metab-u-rppos,~ 0 + group_timepoint +  BMI + calculatedAge + codedsiteid + raw_intensity_post + Sex + (1 | pid),group_timepointADUEndur.post_24_hr - group_timepointADUEndur.pre_exercise - group_timepointADUControl.post_24_hr + group_timepointADUControl.pre_exercise,Endur.post_24_hr - Control.post_24_hr (delta-delta),exercise_with_controls,EE-CON,ADUEndur,post_24_hr,Kynurenine,-0.147759416423614,-0.349901833408801,0.0543830005615719,249.859513199934,-144.69902305086,-1.43908606399605,16.4050110658692,-1.4350304845138,0.151278410898065,0.558295212940425,MUSCLE_METAB_DA,Post 24 h,False,Original source q; attempted independent BH groupings did not reproduce it
muscle,metab,metab-u-rpneg,~ 0 + group_timepoint +  BMI + calculatedAge + codedsiteid + raw_intensity_post + Sex + (1 | pid),group_timepointADUResist.post_15_30_45_min - group_timepointADUResist.pre_exercise - group_timepointADUControl.post_15_30_45_min + group_timepointADUControl.pre_exercise,Resist.post_15_30_45_min - Control.post_15_30_45_min (delta-delta),exercise_with_controls,RE-CON,ADUResist,post_15_30_45_min,Tryptophan,0.157187132349843,-0.0523593727800203,0.366733637479707,258.663901044505,-139.327249388146,1.47673634162204,17.9633331718314,1.47247677575026,0.140892173989747,0.526814215787748,MUSCLE_METAB_DA,Post 15 min,False,Original source q; attempted independent BH groupings did not reproduce it
muscle,metab,metab-u-rppos,~ 0 + group_timepoint +  BMI + calculatedAge + codedsiteid + raw_intensity_post + Sex + (1 | pid),group_timepointADUResist.post_15_30_45_min - group_timepointADUResist.pre_exercise - group_timepointADUControl.post_15_30_45_min + group_timepointADUControl.pre_exercise,Resist.post_15_30_45_min - Control.post_15_30_45_min (delta-delta),exercise_with_controls,RE-CON,ADUResist,post_15_30_45_min,Kynurenine,-0.016137894813081,-0.218672837488486,0.186397047862324,249.859513199934,-144.69902305086,-0.156869964200441,16.4050110658692,-0.156721691136142,0.87546419127388,0.948396970949024,MUSCLE_METAB_DA,Post 15 min,False,Original source q; attempted independent BH groupings did not reproduce it
muscle,metab,metab-u-rpneg,~ 0 + group_timepoint +  BMI + calculatedAge + codedsiteid + raw_intensity_post + Sex + (1 | pid),group_timepointADUResist.post_3.5_4_hr - group_timepointADUResist.pre_exercise - group_timepointADUControl.post_3.5_4_hr + group_timepointADUControl.pre_exercise,Resist.post_3.5_4_hr - Control.post_3.5_4_hr (delta-delta),exercise_with_controls,RE-CON,ADUResist,post_3.5_4_hr,Tryptophan,-0.0871285999146743,-0.308145850738598,0.13388865090925,258.663901044505,-139.327249388146,-0.775983635090687,17.9633331718314,-0.774881557998492,0.438409650501457,0.875302256003544,MUSCLE_METAB_DA,Post 3.5 h,False,Original source q; attempted independent BH groupings did not reproduce it
muscle,metab,metab-u-rppos,~ 0 + group_timepoint +  BMI + calculatedAge + codedsiteid + raw_intensity_post + Sex + (1 | pid),group_timepointADUResist.post_3.5_4_hr - group_timepointADUResist.pre_exercise - group_timepointADUControl.post_3.5_4_hr + group_timepointADUControl.pre_exercise,Resist.post_3.5_4_hr - Control.post_3.5_4_hr (delta-delta),exercise_with_controls,RE-CON,ADUResist,post_3.5_4_hr,Kynurenine,0.182629601158784,-0.0344216819488904,0.399680884266458,249.859513199934,-144.69902305086,1.65632766828187,16.4050110658692,1.6507949819869,0.0987804451332027,0.819877694605582,MUSCLE_METAB_DA,Post 3.5 h,False,Original source q; attempted independent BH groupings did not reproduce it
muscle,metab,metab-u-rpneg,~ 0 + group_timepoint +  BMI + calculatedAge + codedsiteid + raw_intensity_post + Sex + (1 | pid),group_timepointADUResist.post_24_hr - group_timepointADUResist.pre_exercise - group_timepointADUControl.post_24_hr + group_timepointADUControl.pre_exercise,Resist.post_24_hr - Control.post_24_hr (delta-delta),exercise_with_controls,RE-CON,ADUResist,post_24_hr,Tryptophan,-0.115734069207569,-0.319101261170703,0.0876331227555648,258.663901044505,-139.327249388146,-1.12034352177597,17.9633331718314,-1.11804317395264,0.263548554515845,0.875037552046619,MUSCLE_METAB_DA,Post 24 h,False,Original source q; attempted independent BH groupings did not reproduce it
muscle,metab,metab-u-rppos,~ 0 + group_timepoint +  BMI + calculatedAge + codedsiteid + raw_intensity_post + Sex + (1 | pid),group_timepointADUResist.post_24_hr - group_timepointADUResist.pre_exercise - group_timepointADUControl.post_24_hr + group_timepointADUControl.pre_exercise,Resist.post_24_hr - Control.post_24_hr (delta-delta),exercise_with_controls,RE-CON,ADUResist,post_24_hr,Kynurenine,-0.0595911304619463,-0.259000072169063,0.13981781124517,249.859513199934,-144.69902305086,-0.588344303723883,16.4050110658692,-0.587613318421845,0.556791869431282,0.915123270550425,MUSCLE_METAB_DA,Post 24 h,False,Original source q; attempted independent BH groupings did not reproduce it
muscle,metab,metab-u-rpneg,~ 0 + group_timepoint +  BMI + calculatedAge + codedsiteid + raw_intensity_post + Sex + (1 | pid),group_timepointADUEndur.post_15_30_45_min - group_timepointADUEndur.pre_exercise - group_timepointADUResist.post_15_30_45_min + group_timepointADUResist.pre_exercise,Endur.post_15_30_45_min - Resist.post_15_30_45_min (delta-delta),Endur_vs_Resist,EE-RE,ADUEndur,post_15_30_45_min,Tryptophan,0.11987196335259,-0.0641391992283925,0.303883125933573,258.663901044505,-139.327249388146,1.28241943426711,17.9633331718314,1.2793564572311,0.200771559821472,0.719431422693608,MUSCLE_METAB_DA,Post 15 min,False,Original source q; attempted independent BH groupings did not reproduce it
muscle,metab,metab-u-rppos,~ 0 + group_timepoint +  BMI + calculatedAge + codedsiteid + raw_intensity_post + Sex + (1 | pid),group_timepointADUEndur.post_15_30_45_min - group_timepointADUEndur.pre_exercise - group_timepointADUResist.post_15_30_45_min + group_timepointADUResist.pre_exercise,Endur.post_15_30_45_min - Resist.post_15_30_45_min (delta-delta),Endur_vs_Resist,EE-RE,ADUEndur,post_15_30_45_min,Kynurenine,-0.0538370317086212,-0.234572960888739,0.126898897471497,249.859513199934,-144.69902305086,-0.586416352547219,16.4050110658692,-0.585698336649151,0.558078252067731,0.806580102389546,MUSCLE_METAB_DA,Post 15 min,False,Original source q; attempted independent BH groupings did not reproduce it
muscle,metab,metab-u-rpneg,~ 0 + group_timepoint +  BMI + calculatedAge + codedsiteid + raw_intensity_post + Sex + (1 | pid),group_timepointADUEndur.post_3.5_4_hr - group_timepointADUEndur.pre_exercise - group_timepointADUResist.post_3.5_4_hr + group_timepointADUResist.pre_exercise,Endur.post_3.5_4_hr - Resist.post_3.5_4_hr (delta-delta),Endur_vs_Resist,EE-RE,ADUEndur,post_3.5_4_hr,Tryptophan,0.104562387851704,-0.0761000205310614,0.28522479623447,258.663901044505,-139.327249388146,1.13930952637154,17.9633331718314,1.13697143310971,0.255550227987039,0.58821096362177,MUSCLE_METAB_DA,Post 3.5 h,False,Original source q; attempted independent BH groupings did not reproduce it
muscle,metab,metab-u-rppos,~ 0 + group_timepoint +  BMI + calculatedAge + codedsiteid + raw_intensity_post + Sex + (1 | pid),group_timepointADUEndur.post_3.5_4_hr - group_timepointADUEndur.pre_exercise - group_timepointADUResist.post_3.5_4_hr + group_timepointADUResist.pre_exercise,Endur.post_3.5_4_hr - Resist.post_3.5_4_hr (delta-delta),Endur_vs_Resist,EE-RE,ADUEndur,post_3.5_4_hr,Kynurenine,-0.157382091205115,-0.334569702819067,0.019805520408838,249.859513199934,-144.69902305086,-1.74850461639103,16.4050110658692,-1.74215349407612,0.0814815891831357,0.987256924094847,MUSCLE_METAB_DA,Post 3.5 h,False,Original source q; attempted independent BH groupings did not reproduce it
muscle,metab,metab-u-rpneg,~ 0 + group_timepoint +  BMI + calculatedAge + codedsiteid + raw_intensity_post + Sex + (1 | pid),group_timepointADUEndur.post_24_hr - group_timepointADUEndur.pre_exercise - group_timepointADUResist.post_24_hr + group_timepointADUResist.pre_exercise,Endur.post_24_hr - Resist.post_24_hr (delta-delta),Endur_vs_Resist,EE-RE,ADUEndur,post_24_hr,Tryptophan,0.040317583683585,-0.131379489138685,0.212014656505855,258.663901044505,-139.327249388146,0.462278570844094,17.9633331718314,0.461766584451025,0.644248716219601,0.971975439903407,MUSCLE_METAB_DA,Post 24 h,False,Original source q; attempted independent BH groupings did not reproduce it
muscle,metab,metab-u-rppos,~ 0 + group_timepoint +  BMI + calculatedAge + codedsiteid + raw_intensity_post + Sex + (1 | pid),group_timepointADUEndur.post_24_hr - group_timepointADUEndur.pre_exercise - group_timepointADUResist.post_24_hr + group_timepointADUResist.pre_exercise,Endur.post_24_hr - Resist.post_24_hr (delta-delta),Endur_vs_Resist,EE-RE,ADUEndur,post_24_hr,Kynurenine,-0.0881682859616681,-0.256599631688863,0.0802630597655269,249.859513199934,-144.69902305086,-1.03055955124725,16.4050110658692,-1.02861134414462,0.303662345066692,0.840132488017848,MUSCLE_METAB_DA,Post 24 h,False,Original source q; attempted independent BH groupings did not reproduce it
adipose,metab,metab-u-hilicpos,~ 0 + group_timepoint +  BMI + calculatedAge + codedsiteid + raw_intensity_post + Sex + (1 | pid),group_timepointADUEndur.post_15_30_45_min - group_timepointADUEndur.pre_exercise - group_timepointADUControl.post_15_30_45_min + group_timepointADUControl.pre_exercise,Endur.post_15_30_45_min - Control.post_15_30_45_min (delta-delta),exercise_with_controls,EE-CON,ADUEndur,post_15_30_45_min,Tryptophan,-0.120760676677925,-0.60737547766509,0.36585412430924,187.90901999389,-323.404516031073,-0.488977402631282,21.7034210698171,-0.488316736359859,0.625325508621402,0.994959598436099,ADIPOSE_METAB_DA,Post 45 min,False,Original source q; attempted independent BH groupings did not reproduce it
adipose,metab,metab-u-hilicpos,~ 0 + group_timepoint +  BMI + calculatedAge + codedsiteid + raw_intensity_post + Sex + (1 | pid),group_timepointADUEndur.post_3.5_4_hr - group_timepointADUEndur.pre_exercise - group_timepointADUControl.post_3.5_4_hr + group_timepointADUControl.pre_exercise,Endur.post_3.5_4_hr - Control.post_3.5_4_hr (delta-delta),exercise_with_controls,EE-CON,ADUEndur,post_3.5_4_hr,Tryptophan,0.197333372363168,-0.19479783509218,0.589464579818516,187.90901999389,-323.404516031073,0.992162438102998,21.7034210698171,0.989772677743769,0.322285242256263,0.45818865766553,ADIPOSE_METAB_DA,Post 4 h,False,Original source q; attempted independent BH groupings did not reproduce it
adipose,metab,metab-u-hilicpos,~ 0 + group_timepoint +  BMI + calculatedAge + codedsiteid + raw_intensity_post + Sex + (1 | pid),group_timepointADUEndur.post_24_hr - group_timepointADUEndur.pre_exercise - group_timepointADUControl.post_24_hr + group_timepointADUControl.pre_exercise,Endur.post_24_hr - Control.post_24_hr (delta-delta),exercise_with_controls,EE-CON,ADUEndur,post_24_hr,Tryptophan,0.346884262322167,-0.106657995015148,0.800426519659482,187.90901999389,-323.404516031073,1.50720354347283,21.7034210698171,1.50171793322159,0.13316997047011,0.937718162053212,ADIPOSE_METAB_DA,Post 24 h,False,Original source q; attempted independent BH groupings did not reproduce it
adipose,metab,metab-u-hilicpos,~ 0 + group_timepoint +  BMI + calculatedAge + codedsiteid + raw_intensity_post + Sex + (1 | pid),group_timepointADUResist.post_15_30_45_min - group_timepointADUResist.pre_exercise - group_timepointADUControl.post_15_30_45_min + group_timepointADUControl.pre_exercise,Resist.post_15_30_45_min - Control.post_15_30_45_min (delta-delta),exercise_with_controls,RE-CON,ADUResist,post_15_30_45_min,Tryptophan,-0.147528991574546,-0.630863540862838,0.335805557713745,187.90901999389,-323.404516031073,-0.601459623208539,21.7034210698171,-0.600555727910446,0.548135932834349,0.80347875868886,ADIPOSE_METAB_DA,Post 45 min,False,Original source q; attempted independent BH groupings did not reproduce it
adipose,metab,metab-u-hilicpos,~ 0 + group_timepoint +  BMI + calculatedAge + codedsiteid + raw_intensity_post + Sex + (1 | pid),group_timepointADUResist.post_3.5_4_hr - group_timepointADUResist.pre_exercise - group_timepointADUControl.post_3.5_4_hr + group_timepointADUControl.pre_exercise,Resist.post_3.5_4_hr - Control.post_3.5_4_hr (delta-delta),exercise_with_controls,RE-CON,ADUResist,post_3.5_4_hr,Tryptophan,0.0885947800858524,-0.286297666394341,0.463487226566046,187.90901999389,-323.404516031073,0.465966181748922,21.7034210698171,0.465266234585552,0.641740811785374,0.827600172575674,ADIPOSE_METAB_DA,Post 4 h,False,Original source q; attempted independent BH groupings did not reproduce it
adipose,metab,metab-u-hilicpos,~ 0 + group_timepoint +  BMI + calculatedAge + codedsiteid + raw_intensity_post + Sex + (1 | pid),group_timepointADUResist.post_24_hr - group_timepointADUResist.pre_exercise - group_timepointADUControl.post_24_hr + group_timepointADUControl.pre_exercise,Resist.post_24_hr - Control.post_24_hr (delta-delta),exercise_with_controls,RE-CON,ADUResist,post_24_hr,Tryptophan,-0.189512787294603,-0.653771289201098,0.274745714611891,187.90901999389,-323.404516031073,-0.80439948820363,21.7034210698171,-0.80292793735037,0.422016387379349,0.858123692152598,ADIPOSE_METAB_DA,Post 24 h,False,Original source q; attempted independent BH groupings did not reproduce it
adipose,metab,metab-u-hilicpos,~ 0 + group_timepoint +  BMI + calculatedAge + codedsiteid + raw_intensity_post + Sex + (1 | pid),group_timepointADUEndur.post_15_30_45_min - group_timepointADUEndur.pre_exercise - group_timepointADUResist.post_15_30_45_min + group_timepointADUResist.pre_exercise,Endur.post_15_30_45_min - Resist.post_15_30_45_min (delta-delta),Endur_vs_Resist,EE-RE,ADUEndur,post_15_30_45_min,Tryptophan,0.0267683148966213,-0.396930265337185,0.450466895130427,187.90901999389,-323.404516031073,0.124466811057359,21.7034210698171,0.124332478807805,0.901052032437944,0.95133642759044,ADIPOSE_METAB_DA,Post 45 min,False,Original source q; attempted independent BH groupings did not reproduce it
adipose,metab,metab-u-hilicpos,~ 0 + group_timepoint +  BMI + calculatedAge + codedsiteid + raw_intensity_post + Sex + (1 | pid),group_timepointADUEndur.post_3.5_4_hr - group_timepointADUEndur.pre_exercise - group_timepointADUResist.post_3.5_4_hr + group_timepointADUResist.pre_exercise,Endur.post_3.5_4_hr - Resist.post_3.5_4_hr (delta-delta),Endur_vs_Resist,EE-RE,ADUEndur,post_3.5_4_hr,Tryptophan,0.108738592277316,-0.214904393383573,0.432381577938205,187.90901999389,-323.404516031073,0.662464540174377,21.7034210698171,0.661292104555859,0.508425003864879,0.749926880700697,ADIPOSE_METAB_DA,Post 4 h,False,Original source q; attempted independent BH groupings did not reproduce it
adipose,metab,metab-u-hilicpos,~ 0 + group_timepoint +  BMI + calculatedAge + codedsiteid + raw_intensity_post + Sex + (1 | pid),group_timepointADUEndur.post_24_hr - group_timepointADUEndur.pre_exercise - group_timepointADUResist.post_24_hr + group_timepointADUResist.pre_exercise,Endur.post_24_hr - Resist.post_24_hr (delta-delta),Endur_vs_Resist,EE-RE,ADUEndur,post_24_hr,Tryptophan,0.53639704961677,0.139742569143422,0.933051530090118,187.90901999389,-323.404516031073,2.66456274505666,21.7034210698171,2.64134658494519,0.0082577196375908,0.210374502039196,ADIPOSE_METAB_DA,Post 24 h,False,Original source q; attempted independent BH groupings did not reproduce it
