"source_object","tissue","assay","platform","feature_id","gene_symbol","contrast","contrast_short","contrast_type","contrast_category","Timepoint","full_model","logFC","CI.L_calculated","CI.R_calculated","p_value","adj_p_value","bh_recomputed"
"BLOOD_PROT_OL_DA","blood","prot-ol","prot-ol","OID21084","WARS1","group_timepointADUEndur.during_20_min - group_timepointADUEndur.pre_exercise - group_timepointADUControl.during_20_min + group_timepointADUControl.pre_exercise","Endur.during_20_min - Control.during_20_min (delta-delta)","exercise_with_controls","EE-CON","during_20_min","~ 0 + group_timepoint +  BMI + calculatedAge + Sex + (1 | pid)",0.247576082424826,-0.0940198289271941,0.589171993776846,0.154283993677989,0.482228231328123,0.482228231328124
"BLOOD_PROT_OL_DA","blood","prot-ol","prot-ol","OID21084","WARS1","group_timepointADUEndur.during_40_min - group_timepointADUEndur.pre_exercise - group_timepointADUControl.during_40_min + group_timepointADUControl.pre_exercise","Endur.during_40_min - Control.during_40_min (delta-delta)","exercise_with_controls","EE-CON","during_40_min","~ 0 + group_timepoint +  BMI + calculatedAge + Sex + (1 | pid)",0.387096700245689,0.0376263135766776,0.736567086914701,0.0301535451984885,0.135725480012219,0.135725480012219
"BLOOD_PROT_OL_DA","blood","prot-ol","prot-ol","OID21084","WARS1","group_timepointADUEndur.post_10_min - group_timepointADUEndur.pre_exercise - group_timepointADUControl.post_10_min + group_timepointADUControl.pre_exercise","Endur.post_10_min - Control.post_10_min (delta-delta)","exercise_with_controls","EE-CON","post_10_min","~ 0 + group_timepoint +  BMI + calculatedAge + Sex + (1 | pid)",0.243202272901016,-0.0983936384510454,0.584798184253078,0.161648207509592,0.719087417037254,0.719087417037255
"BLOOD_PROT_OL_DA","blood","prot-ol","prot-ol","OID21084","WARS1","group_timepointADUEndur.post_15_30_45_min - group_timepointADUEndur.pre_exercise - group_timepointADUControl.post_15_30_45_min + group_timepointADUControl.pre_exercise","Endur.post_15_30_45_min - Control.post_15_30_45_min (delta-delta)","exercise_with_controls","EE-CON","post_15_30_45_min","~ 0 + group_timepoint +  BMI + calculatedAge + Sex + (1 | pid)",0.0231044903684528,-0.325104807686782,0.371313788423688,0.895909425100154,0.971494228208209,0.971494228208209
"BLOOD_PROT_OL_DA","blood","prot-ol","prot-ol","OID21084","WARS1","group_timepointADUEndur.post_3.5_4_hr - group_timepointADUEndur.pre_exercise - group_timepointADUControl.post_3.5_4_hr + group_timepointADUControl.pre_exercise","Endur.post_3.5_4_hr - Control.post_3.5_4_hr (delta-delta)","exercise_with_controls","EE-CON","post_3.5_4_hr","~ 0 + group_timepoint +  BMI + calculatedAge + Sex + (1 | pid)",-0.0267437066228673,-0.469768981817283,0.416281568571548,0.90526370739343,0.974000511295741,0.974000511295741
"BLOOD_PROT_OL_DA","blood","prot-ol","prot-ol","OID21084","WARS1","group_timepointADUEndur.post_24_hr - group_timepointADUEndur.pre_exercise - group_timepointADUControl.post_24_hr + group_timepointADUControl.pre_exercise","Endur.post_24_hr - Control.post_24_hr (delta-delta)","exercise_with_controls","EE-CON","post_24_hr","~ 0 + group_timepoint +  BMI + calculatedAge + Sex + (1 | pid)",0.00376037839633209,-0.413048282687914,0.420569039480579,0.985808675280149,0.998993098076371,0.998993098076371
"BLOOD_PROT_OL_DA","blood","prot-ol","prot-ol","OID21084","WARS1","group_timepointADUResist.post_10_min - group_timepointADUResist.pre_exercise - group_timepointADUControl.post_10_min + group_timepointADUControl.pre_exercise","Resist.post_10_min - Control.post_10_min (delta-delta)","exercise_with_controls","RE-CON","post_10_min","~ 0 + group_timepoint +  BMI + calculatedAge + Sex + (1 | pid)",0.566828359621336,0.241715712838675,0.891941006403996,0.000733704881777327,0.0311630516797181,0.031163051679718
"BLOOD_PROT_OL_DA","blood","prot-ol","prot-ol","OID21084","WARS1","group_timepointADUResist.post_15_30_45_min - group_timepointADUResist.pre_exercise - group_timepointADUControl.post_15_30_45_min + group_timepointADUControl.pre_exercise","Resist.post_15_30_45_min - Control.post_15_30_45_min (delta-delta)","exercise_with_controls","RE-CON","post_15_30_45_min","~ 0 + group_timepoint +  BMI + calculatedAge + Sex + (1 | pid)",0.226766666666667,-0.0934327999304305,0.546966133263765,0.163855485736271,0.491913608661645,0.491913608661644
"BLOOD_PROT_OL_DA","blood","prot-ol","prot-ol","OID21084","WARS1","group_timepointADUResist.post_3.5_4_hr - group_timepointADUResist.pre_exercise - group_timepointADUControl.post_3.5_4_hr + group_timepointADUControl.pre_exercise","Resist.post_3.5_4_hr - Control.post_3.5_4_hr (delta-delta)","exercise_with_controls","RE-CON","post_3.5_4_hr","~ 0 + group_timepoint +  BMI + calculatedAge + Sex + (1 | pid)",0.00554903276392657,-0.393950048344696,0.40504811387255,0.978153288981484,0.995657979933212,0.995657979933212
"BLOOD_PROT_OL_DA","blood","prot-ol","prot-ol","OID21084","WARS1","group_timepointADUResist.post_24_hr - group_timepointADUResist.pre_exercise - group_timepointADUControl.post_24_hr + group_timepointADUControl.pre_exercise","Resist.post_24_hr - Control.post_24_hr (delta-delta)","exercise_with_controls","RE-CON","post_24_hr","~ 0 + group_timepoint +  BMI + calculatedAge + Sex + (1 | pid)",0.0999797509788462,-0.30995625467045,0.509915756628142,0.630760366608418,0.788382588337726,0.788382588337726
"BLOOD_PROT_OL_DA","blood","prot-ol","prot-ol","OID21084","WARS1","group_timepointADUEndur.during_20_min - group_timepointADUEndur.pre_exercise","Endur.during_20_min - Endur.pre_exercise","exercise_no_controls","EE-EE","during_20_min","~ 0 + group_timepoint +  BMI + calculatedAge + Sex + (1 | pid)",0.163359415758159,-0.0715259928908679,0.398244824407185,0.171515665676142,0.308889052112461,0.30888905211246
"BLOOD_PROT_OL_DA","blood","prot-ol","prot-ol","OID21084","WARS1","group_timepointADUEndur.during_40_min - group_timepointADUEndur.pre_exercise","Endur.during_40_min - Endur.pre_exercise","exercise_no_controls","EE-EE","during_40_min","~ 0 + group_timepoint +  BMI + calculatedAge + Sex + (1 | pid)",0.172480033579022,-0.0737171255248047,0.418677192682849,0.168431912509953,0.304423494931893,0.304423494931892
"BLOOD_PROT_OL_DA","blood","prot-ol","prot-ol","OID21084","WARS1","group_timepointADUEndur.post_10_min - group_timepointADUEndur.pre_exercise","Endur.post_10_min - Endur.pre_exercise","exercise_no_controls","EE-EE","post_10_min","~ 0 + group_timepoint +  BMI + calculatedAge + Sex + (1 | pid)",0.0469522729010158,-0.187933135748058,0.28183768155009,0.693539725693291,0.848657850869942,0.848657850869942
"BLOOD_PROT_OL_DA","blood","prot-ol","prot-ol","OID21084","WARS1","group_timepointADUEndur.post_15_30_45_min - group_timepointADUEndur.pre_exercise","Endur.post_15_30_45_min - Endur.pre_exercise","exercise_no_controls","EE-EE","post_15_30_45_min","~ 0 + group_timepoint +  BMI + calculatedAge + Sex + (1 | pid)",-0.060378842964881,-0.30478244027602,0.184024754346258,0.626302886494249,0.966773232107385,0.966773232107385
"BLOOD_PROT_OL_DA","blood","prot-ol","prot-ol","OID21084","WARS1","group_timepointADUEndur.post_3.5_4_hr - group_timepointADUEndur.pre_exercise","Endur.post_3.5_4_hr - Endur.pre_exercise","exercise_no_controls","EE-EE","post_3.5_4_hr","~ 0 + group_timepoint +  BMI + calculatedAge + Sex + (1 | pid)",-0.133722445309555,-0.464805845199901,0.197360954580792,0.426305721303305,0.999082405856272,0.999082405856272
"BLOOD_PROT_OL_DA","blood","prot-ol","prot-ol","OID21084","WARS1","group_timepointADUEndur.post_24_hr - group_timepointADUEndur.pre_exercise","Endur.post_24_hr - Endur.pre_exercise","exercise_no_controls","EE-EE","post_24_hr","~ 0 + group_timepoint +  BMI + calculatedAge + Sex + (1 | pid)",-0.28838862223841,-0.583170577532708,0.00639333305588763,0.0551196088328089,0.630918504116371,0.630918504116371
"BLOOD_PROT_OL_DA","blood","prot-ol","prot-ol","OID21084","WARS1","group_timepointADUResist.post_10_min - group_timepointADUResist.pre_exercise","Resist.post_10_min - Resist.pre_exercise","exercise_no_controls","RE-RE","post_10_min","~ 0 + group_timepoint +  BMI + calculatedAge + Sex + (1 | pid)",0.370578359621335,0.160384051722144,0.580772667520527,0.000641651611651621,0.00811803869384238,0.00811803869384238
"BLOOD_PROT_OL_DA","blood","prot-ol","prot-ol","OID21084","WARS1","group_timepointADUResist.post_15_30_45_min - group_timepointADUResist.pre_exercise","Resist.post_15_30_45_min - Resist.pre_exercise","exercise_no_controls","RE-RE","post_15_30_45_min","~ 0 + group_timepoint +  BMI + calculatedAge + Sex + (1 | pid)",0.143283333333333,-0.0592285906702464,0.345795257336913,0.164254547000809,0.523390022275342,0.523390022275344
"BLOOD_PROT_OL_DA","blood","prot-ol","prot-ol","OID21084","WARS1","group_timepointADUResist.post_3.5_4_hr - group_timepointADUResist.pre_exercise","Resist.post_3.5_4_hr - Resist.pre_exercise","exercise_no_controls","RE-RE","post_3.5_4_hr","~ 0 + group_timepoint +  BMI + calculatedAge + Sex + (1 | pid)",-0.101429705922761,-0.37136290117723,0.168503489331708,0.459213870539258,0.868644222925458,0.868644222925458
"BLOOD_PROT_OL_DA","blood","prot-ol","prot-ol","OID21084","WARS1","group_timepointADUResist.post_24_hr - group_timepointADUResist.pre_exercise","Resist.post_24_hr - Resist.pre_exercise","exercise_no_controls","RE-RE","post_24_hr","~ 0 + group_timepoint +  BMI + calculatedAge + Sex + (1 | pid)",-0.192169249655896,-0.476995511200047,0.092657011888255,0.184676364535813,0.82354137759537,0.823541377595372
"BLOOD_PROT_OL_DA","blood","prot-ol","prot-ol","OID21084","WARS1","group_timepointADUEndur.post_10_min - group_timepointADUEndur.pre_exercise - group_timepointADUResist.post_10_min + group_timepointADUResist.pre_exercise","Endur.post_10_min - Resist.post_10_min (delta-delta)","Endur_vs_Resist","EE-RE","post_10_min","~ 0 + group_timepoint +  BMI + calculatedAge + Sex + (1 | pid)",-0.32362608672032,-0.63879570073185,-0.00845647270878852,0.044230234622094,0.226946688510735,0.226946688510735
"BLOOD_PROT_OL_DA","blood","prot-ol","prot-ol","OID21084","WARS1","group_timepointADUEndur.post_15_30_45_min - group_timepointADUEndur.pre_exercise - group_timepointADUResist.post_15_30_45_min + group_timepointADUResist.pre_exercise","Endur.post_15_30_45_min - Resist.post_15_30_45_min (delta-delta)","Endur_vs_Resist","EE-RE","post_15_30_45_min","~ 0 + group_timepoint +  BMI + calculatedAge + Sex + (1 | pid)",-0.203662176298214,-0.521064413140436,0.113740060544007,0.206926822240426,0.9962271718238,0.9962271718238
"BLOOD_PROT_OL_DA","blood","prot-ol","prot-ol","OID21084","WARS1","group_timepointADUEndur.post_3.5_4_hr - group_timepointADUEndur.pre_exercise - group_timepointADUResist.post_3.5_4_hr + group_timepointADUResist.pre_exercise","Endur.post_3.5_4_hr - Resist.post_3.5_4_hr (delta-delta)","Endur_vs_Resist","EE-RE","post_3.5_4_hr","~ 0 + group_timepoint +  BMI + calculatedAge + Sex + (1 | pid)",-0.0322927393867938,-0.459549479573474,0.394964000799886,0.881551393188282,0.988378319957115,0.988378319957115
"BLOOD_PROT_OL_DA","blood","prot-ol","prot-ol","OID21084","WARS1","group_timepointADUEndur.post_24_hr - group_timepointADUEndur.pre_exercise - group_timepointADUResist.post_24_hr + group_timepointADUResist.pre_exercise","Endur.post_24_hr - Resist.post_24_hr (delta-delta)","Endur_vs_Resist","EE-RE","post_24_hr","~ 0 + group_timepoint +  BMI + calculatedAge + Sex + (1 | pid)",-0.0962193725825142,-0.506428642997179,0.313989897832151,0.643893665743249,0.901507773620712,0.901507773620712
"BLOOD_PROT_OL_DA","blood","prot-ol","prot-ol","OID21084","WARS1","group_timepointADUEndur.pre_exercise - group_timepointADUResist.pre_exercise","Endur.pre_exercise - Resist.pre_exercise","baseline","EE-RE","pre_exercise","~ 0 + group_timepoint +  BMI + calculatedAge + Sex + (1 | pid)",0.114798068675804,-0.188187758828049,0.417783896179658,0.454124514569876,0.833502293573585,0.833502293573585
"BLOOD_PROT_OL_DA","blood","prot-ol","prot-ol","OID21084","WARS1","group_timepointADUEndur.pre_exercise - group_timepointADUControl.pre_exercise","Endur.pre_exercise - Control.pre_exercise","baseline","EE-CON","pre_exercise","~ 0 + group_timepoint +  BMI + calculatedAge + Sex + (1 | pid)",0.134819818394942,-0.215331196006302,0.484970832796186,0.44650526355266,0.930191736234327,0.930191736234328
"BLOOD_PROT_OL_DA","blood","prot-ol","prot-ol","OID21084","WARS1","group_timepointADUResist.pre_exercise - group_timepointADUControl.pre_exercise","Resist.pre_exercise - Control.pre_exercise","baseline","RE-CON","pre_exercise","~ 0 + group_timepoint +  BMI + calculatedAge + Sex + (1 | pid)",0.0200217497191377,-0.307185167588562,0.347228667026837,0.90353408293574,0.971401969286755,0.971401969286755
"BLOOD_PROT_OL_DA","blood","prot-ol","prot-ol","OID21084","WARS1","group_timepointADUControl.during_20_min - group_timepointADUControl.pre_exercise","Control.during_20_min - Control.pre_exercise","control_only","CON-CON","during_20_min","~ 0 + group_timepoint +  BMI + calculatedAge + Sex + (1 | pid)",-0.0842166666666672,-0.332242106985627,0.163808773652293,0.503453394952883,0.812521025795257,0.812521025795257
"BLOOD_PROT_OL_DA","blood","prot-ol","prot-ol","OID21084","WARS1","group_timepointADUControl.during_40_min - group_timepointADUControl.pre_exercise","Control.during_40_min - Control.pre_exercise","control_only","CON-CON","during_40_min","~ 0 + group_timepoint +  BMI + calculatedAge + Sex + (1 | pid)",-0.214616666666667,-0.462642106985631,0.0334087736522964,0.0894103534197033,0.490221154830466,0.490221154830465
"BLOOD_PROT_OL_DA","blood","prot-ol","prot-ol","OID21084","WARS1","group_timepointADUControl.post_10_min - group_timepointADUControl.pre_exercise","Control.post_10_min - Control.pre_exercise","control_only","CON-CON","post_10_min","~ 0 + group_timepoint +  BMI + calculatedAge + Sex + (1 | pid)",-0.19625,-0.444275440318973,0.0517754403189727,0.120111334968809,0.75124494473175,0.751244944731748
"BLOOD_PROT_OL_DA","blood","prot-ol","prot-ol","OID21084","WARS1","group_timepointADUControl.post_15_30_45_min - group_timepointADUControl.pre_exercise","Control.post_15_30_45_min - Control.pre_exercise","control_only","CON-CON","post_15_30_45_min","~ 0 + group_timepoint +  BMI + calculatedAge + Sex + (1 | pid)",-0.0834833333333338,-0.331508773652334,0.164542106985666,0.507171719933314,0.828802749682731,0.828802749682732
"BLOOD_PROT_OL_DA","blood","prot-ol","prot-ol","OID21084","WARS1","group_timepointADUControl.post_3.5_4_hr - group_timepointADUControl.pre_exercise","Control.post_3.5_4_hr - Control.pre_exercise","control_only","CON-CON","post_3.5_4_hr","~ 0 + group_timepoint +  BMI + calculatedAge + Sex + (1 | pid)",-0.106978738686687,-0.40152849920429,0.187571021830916,0.474283286978006,0.807697134688504,0.807697134688505
"BLOOD_PROT_OL_DA","blood","prot-ol","prot-ol","OID21084","WARS1","group_timepointADUControl.post_24_hr - group_timepointADUControl.pre_exercise","Control.post_24_hr - Control.pre_exercise","control_only","CON-CON","post_24_hr","~ 0 + group_timepoint +  BMI + calculatedAge + Sex + (1 | pid)",-0.292149000634742,-0.586788864463593,0.00249086319410918,0.0519452062556548,0.422267400878519,0.422267400878518
"BLOOD_TRNSCRPT_DA","blood","transcript-rna-seq","transcript-rna-seq","ENSG00000140105.18","WARS1","group_timepointADUEndur.during_20_min - group_timepointADUEndur.pre_exercise - group_timepointADUControl.during_20_min + group_timepointADUControl.pre_exercise","Endur.during_20_min - Control.during_20_min (delta-delta)","exercise_with_controls","EE-CON","during_20_min","~ 0 + group_timepoint +  Batch + BMI + calculatedAge + codedsiteid + pct_umi_dup + RIN + Sex + (1 | pid)",-0.0612792992809092,-0.167394449448629,0.04483585088681,0.257209665227228,0.536874737594602,0.536874737594602
"BLOOD_TRNSCRPT_DA","blood","transcript-rna-seq","transcript-rna-seq","ENSG00000140105.18","WARS1","group_timepointADUEndur.during_40_min - group_timepointADUEndur.pre_exercise - group_timepointADUControl.during_40_min + group_timepointADUControl.pre_exercise","Endur.during_40_min - Control.during_40_min (delta-delta)","exercise_with_controls","EE-CON","during_40_min","~ 0 + group_timepoint +  Batch + BMI + calculatedAge + codedsiteid + pct_umi_dup + RIN + Sex + (1 | pid)",0.0168679286000311,-0.0877393793036779,0.12147523650374,0.751605592106645,0.903460447953658,0.903460447953658
"BLOOD_TRNSCRPT_DA","blood","transcript-rna-seq","transcript-rna-seq","ENSG00000140105.18","WARS1","group_timepointADUEndur.post_10_min - group_timepointADUEndur.pre_exercise - group_timepointADUControl.post_10_min + group_timepointADUControl.pre_exercise","Endur.post_10_min - Control.post_10_min (delta-delta)","exercise_with_controls","EE-CON","post_10_min","~ 0 + group_timepoint +  Batch + BMI + calculatedAge + codedsiteid + pct_umi_dup + RIN + Sex + (1 | pid)",-0.0475558671346787,-0.152376391907818,0.0572646576384603,0.373299240974214,0.768231423725358,0.768231423725358
"BLOOD_TRNSCRPT_DA","blood","transcript-rna-seq","transcript-rna-seq","ENSG00000140105.18","WARS1","group_timepointADUEndur.post_15_30_45_min - group_timepointADUEndur.pre_exercise - group_timepointADUControl.post_15_30_45_min + group_timepointADUControl.pre_exercise","Endur.post_15_30_45_min - Control.post_15_30_45_min (delta-delta)","exercise_with_controls","EE-CON","post_15_30_45_min","~ 0 + group_timepoint +  Batch + BMI + calculatedAge + codedsiteid + pct_umi_dup + RIN + Sex + (1 | pid)",-0.0365617907016045,-0.140145791601503,0.0670222101982939,0.488469520899826,0.788109211286734,0.788109211286734
"BLOOD_TRNSCRPT_DA","blood","transcript-rna-seq","transcript-rna-seq","ENSG00000140105.18","WARS1","group_timepointADUEndur.post_3.5_4_hr - group_timepointADUEndur.pre_exercise - group_timepointADUControl.post_3.5_4_hr + group_timepointADUControl.pre_exercise","Endur.post_3.5_4_hr - Control.post_3.5_4_hr (delta-delta)","exercise_with_controls","EE-CON","post_3.5_4_hr","~ 0 + group_timepoint +  Batch + BMI + calculatedAge + codedsiteid + pct_umi_dup + RIN + Sex + (1 | pid)",0.00812461274004672,-0.128430631941344,0.144679857421437,0.907025070614856,0.965524150278693,0.965524150278693
"BLOOD_TRNSCRPT_DA","blood","transcript-rna-seq","transcript-rna-seq","ENSG00000140105.18","WARS1","group_timepointADUEndur.post_24_hr - group_timepointADUEndur.pre_exercise - group_timepointADUControl.post_24_hr + group_timepointADUControl.pre_exercise","Endur.post_24_hr - Control.post_24_hr (delta-delta)","exercise_with_controls","EE-CON","post_24_hr","~ 0 + group_timepoint +  Batch + BMI + calculatedAge + codedsiteid + pct_umi_dup + RIN + Sex + (1 | pid)",0.132083975586254,0.00454608222058903,0.259621868951919,0.0423973397700822,0.999767340976767,0.999767340976767
"BLOOD_TRNSCRPT_DA","blood","transcript-rna-seq","transcript-rna-seq","ENSG00000140105.18","WARS1","group_timepointADUResist.post_10_min - group_timepointADUResist.pre_exercise - group_timepointADUControl.post_10_min + group_timepointADUControl.pre_exercise","Resist.post_10_min - Control.post_10_min (delta-delta)","exercise_with_controls","RE-CON","post_10_min","~ 0 + group_timepoint +  Batch + BMI + calculatedAge + codedsiteid + pct_umi_dup + RIN + Sex + (1 | pid)",0.0433246596117733,-0.0599292012155195,0.146578520439066,0.410257438198195,0.743685442285377,0.743685442285376
"BLOOD_TRNSCRPT_DA","blood","transcript-rna-seq","transcript-rna-seq","ENSG00000140105.18","WARS1","group_timepointADUResist.post_15_30_45_min - group_timepointADUResist.pre_exercise - group_timepointADUControl.post_15_30_45_min + group_timepointADUControl.pre_exercise","Resist.post_15_30_45_min - Control.post_15_30_45_min (delta-delta)","exercise_with_controls","RE-CON","post_15_30_45_min","~ 0 + group_timepoint +  Batch + BMI + calculatedAge + codedsiteid + pct_umi_dup + RIN + Sex + (1 | pid)",0.0900059580218517,-0.011342494189409,0.191354410233112,0.0816515205536058,0.277112948228061,0.277112948228061
"BLOOD_TRNSCRPT_DA","blood","transcript-rna-seq","transcript-rna-seq","ENSG00000140105.18","WARS1","group_timepointADUResist.post_3.5_4_hr - group_timepointADUResist.pre_exercise - group_timepointADUControl.post_3.5_4_hr + group_timepointADUControl.pre_exercise","Resist.post_3.5_4_hr - Control.post_3.5_4_hr (delta-delta)","exercise_with_controls","RE-CON","post_3.5_4_hr","~ 0 + group_timepoint +  Batch + BMI + calculatedAge + codedsiteid + pct_umi_dup + RIN + Sex + (1 | pid)",0.0719434306291102,-0.0606501079060875,0.204536969164308,0.287052106312787,0.534376159457307,0.534376159457307
"BLOOD_TRNSCRPT_DA","blood","transcript-rna-seq","transcript-rna-seq","ENSG00000140105.18","WARS1","group_timepointADUResist.post_24_hr - group_timepointADUResist.pre_exercise - group_timepointADUControl.post_24_hr + group_timepointADUControl.pre_exercise","Resist.post_24_hr - Control.post_24_hr (delta-delta)","exercise_with_controls","RE-CON","post_24_hr","~ 0 + group_timepoint +  Batch + BMI + calculatedAge + codedsiteid + pct_umi_dup + RIN + Sex + (1 | pid)",0.162477620865221,0.0389543465321901,0.286000895198251,0.010019500693933,0.608573881321038,0.60857388132104
"BLOOD_TRNSCRPT_DA","blood","transcript-rna-seq","transcript-rna-seq","ENSG00000140105.18","WARS1","group_timepointADUEndur.during_20_min - group_timepointADUEndur.pre_exercise","Endur.during_20_min - Endur.pre_exercise","exercise_no_controls","EE-EE","during_20_min","~ 0 + group_timepoint +  Batch + BMI + calculatedAge + codedsiteid + pct_umi_dup + RIN + Sex + (1 | pid)",0.0419893708177188,-0.0224729929708285,0.106451734606266,0.201313193559155,0.398241577775175,0.398241577775175
"BLOOD_TRNSCRPT_DA","blood","transcript-rna-seq","transcript-rna-seq","ENSG00000140105.18","WARS1","group_timepointADUEndur.during_40_min - group_timepointADUEndur.pre_exercise","Endur.during_40_min - Endur.pre_exercise","exercise_no_controls","EE-EE","during_40_min","~ 0 + group_timepoint +  Batch + BMI + calculatedAge + codedsiteid + pct_umi_dup + RIN + Sex + (1 | pid)",0.0726998977094189,0.00723051122765486,0.138169284191183,0.0295822161617767,0.0974016476432204,0.0974016476432203
"BLOOD_TRNSCRPT_DA","blood","transcript-rna-seq","transcript-rna-seq","ENSG00000140105.18","WARS1","group_timepointADUEndur.post_10_min - group_timepointADUEndur.pre_exercise","Endur.post_10_min - Endur.pre_exercise","exercise_no_controls","EE-EE","post_10_min","~ 0 + group_timepoint +  Batch + BMI + calculatedAge + codedsiteid + pct_umi_dup + RIN + Sex + (1 | pid)",0.00538906337273737,-0.0584368123215936,0.0692149390670683,0.868359345012564,0.937115873592423,0.937115873592423
"BLOOD_TRNSCRPT_DA","blood","transcript-rna-seq","transcript-rna-seq","ENSG00000140105.18","WARS1","group_timepointADUEndur.post_15_30_45_min - group_timepointADUEndur.pre_exercise","Endur.post_15_30_45_min - Endur.pre_exercise","exercise_no_controls","EE-EE","post_15_30_45_min","~ 0 + group_timepoint +  Batch + BMI + calculatedAge + codedsiteid + pct_umi_dup + RIN + Sex + (1 | pid)",0.0360328825850988,-0.0272640165977342,0.0993297817679319,0.26403002084831,0.42599344421908,0.42599344421908
"BLOOD_TRNSCRPT_DA","blood","transcript-rna-seq","transcript-rna-seq","ENSG00000140105.18","WARS1","group_timepointADUEndur.post_3.5_4_hr - group_timepointADUEndur.pre_exercise","Endur.post_3.5_4_hr - Endur.pre_exercise","exercise_no_controls","EE-EE","post_3.5_4_hr","~ 0 + group_timepoint +  Batch + BMI + calculatedAge + codedsiteid + pct_umi_dup + RIN + Sex + (1 | pid)",0.0183124851748691,-0.066238040675027,0.102863011024765,0.670744708239393,0.796189329245998,0.796189329245997
"BLOOD_TRNSCRPT_DA","blood","transcript-rna-seq","transcript-rna-seq","ENSG00000140105.18","WARS1","group_timepointADUEndur.post_24_hr - group_timepointADUEndur.pre_exercise","Endur.post_24_hr - Endur.pre_exercise","exercise_no_controls","EE-EE","post_24_hr","~ 0 + group_timepoint +  Batch + BMI + calculatedAge + codedsiteid + pct_umi_dup + RIN + Sex + (1 | pid)",0.0416110145078203,-0.0394282604607963,0.122650289476437,0.313681581559938,0.999250475706347,0.999250475706347
"BLOOD_TRNSCRPT_DA","blood","transcript-rna-seq","transcript-rna-seq","ENSG00000140105.18","WARS1","group_timepointADUResist.post_10_min - group_timepointADUResist.pre_exercise","Resist.post_10_min - Resist.pre_exercise","exercise_no_controls","RE-RE","post_10_min","~ 0 + group_timepoint +  Batch + BMI + calculatedAge + codedsiteid + pct_umi_dup + RIN + Sex + (1 | pid)",0.0962695901191895,0.0351325651855748,0.157406615052804,0.00207537408370473,0.00981320627554098,0.00981320627554096
"BLOOD_TRNSCRPT_DA","blood","transcript-rna-seq","transcript-rna-seq","ENSG00000140105.18","WARS1","group_timepointADUResist.post_15_30_45_min - group_timepointADUResist.pre_exercise","Resist.post_15_30_45_min - Resist.pre_exercise","exercise_no_controls","RE-RE","post_15_30_45_min","~ 0 + group_timepoint +  Batch + BMI + calculatedAge + codedsiteid + pct_umi_dup + RIN + Sex + (1 | pid)",0.162600631308555,0.102569555086225,0.222631707530885,1.45711706003517e-07,1.08483078615458e-06,1.08483078615458e-06
"BLOOD_TRNSCRPT_DA","blood","transcript-rna-seq","transcript-rna-seq","ENSG00000140105.18","WARS1","group_timepointADUResist.post_3.5_4_hr - group_timepointADUResist.pre_exercise","Resist.post_3.5_4_hr - Resist.pre_exercise","exercise_no_controls","RE-RE","post_3.5_4_hr","~ 0 + group_timepoint +  Batch + BMI + calculatedAge + codedsiteid + pct_umi_dup + RIN + Sex + (1 | pid)",0.0821313030639326,0.00405477422632068,0.160207831901544,0.0392636082169451,0.0882624928552203,0.0882624928552201
"BLOOD_TRNSCRPT_DA","blood","transcript-rna-seq","transcript-rna-seq","ENSG00000140105.18","WARS1","group_timepointADUResist.post_24_hr - group_timepointADUResist.pre_exercise","Resist.post_24_hr - Resist.pre_exercise","exercise_no_controls","RE-RE","post_24_hr","~ 0 + group_timepoint +  Batch + BMI + calculatedAge + codedsiteid + pct_umi_dup + RIN + Sex + (1 | pid)",0.0720046597867867,-0.00225846179475682,0.14626778136833,0.0573631166939151,0.31970033573434,0.31970033573434
"BLOOD_TRNSCRPT_DA","blood","transcript-rna-seq","transcript-rna-seq","ENSG00000140105.18","WARS1","group_timepointADUEndur.post_10_min - group_timepointADUEndur.pre_exercise - group_timepointADUResist.post_10_min + group_timepointADUResist.pre_exercise","Endur.post_10_min - Resist.post_10_min (delta-delta)","Endur_vs_Resist","EE-RE","post_10_min","~ 0 + group_timepoint +  Batch + BMI + calculatedAge + codedsiteid + pct_umi_dup + RIN + Sex + (1 | pid)",-0.0908805267464521,-0.179036633112072,-0.00272442038083225,0.0433482103742769,0.988628184602676,0.988628184602675
"BLOOD_TRNSCRPT_DA","blood","transcript-rna-seq","transcript-rna-seq","ENSG00000140105.18","WARS1","group_timepointADUEndur.post_15_30_45_min - group_timepointADUEndur.pre_exercise - group_timepointADUResist.post_15_30_45_min + group_timepointADUResist.pre_exercise","Endur.post_15_30_45_min - Resist.post_15_30_45_min (delta-delta)","Endur_vs_Resist","EE-RE","post_15_30_45_min","~ 0 + group_timepoint +  Batch + BMI + calculatedAge + codedsiteid + pct_umi_dup + RIN + Sex + (1 | pid)",-0.126567748723456,-0.213501528077761,-0.0396339693691514,0.00439117030441937,0.216885467111469,0.216885467111469
"BLOOD_TRNSCRPT_DA","blood","transcript-rna-seq","transcript-rna-seq","ENSG00000140105.18","WARS1","group_timepointADUEndur.post_3.5_4_hr - group_timepointADUEndur.pre_exercise - group_timepointADUResist.post_3.5_4_hr + group_timepointADUResist.pre_exercise","Endur.post_3.5_4_hr - Resist.post_3.5_4_hr (delta-delta)","Endur_vs_Resist","EE-RE","post_3.5_4_hr","~ 0 + group_timepoint +  Batch + BMI + calculatedAge + codedsiteid + pct_umi_dup + RIN + Sex + (1 | pid)",-0.0638188178890635,-0.178103223557254,0.0504655877791275,0.273232785899926,0.999699063875898,0.999699063875898
"BLOOD_TRNSCRPT_DA","blood","transcript-rna-seq","transcript-rna-seq","ENSG00000140105.18","WARS1","group_timepointADUEndur.post_24_hr - group_timepointADUEndur.pre_exercise - group_timepointADUResist.post_24_hr + group_timepointADUResist.pre_exercise","Endur.post_24_hr - Resist.post_24_hr (delta-delta)","Endur_vs_Resist","EE-RE","post_24_hr","~ 0 + group_timepoint +  Batch + BMI + calculatedAge + codedsiteid + pct_umi_dup + RIN + Sex + (1 | pid)",-0.0303936452789664,-0.140194854417522,0.0794075638595891,0.586919021897991,0.989944183206583,0.989944183206582
"BLOOD_TRNSCRPT_DA","blood","transcript-rna-seq","transcript-rna-seq","ENSG00000140105.18","WARS1","group_timepointADUEndur.pre_exercise - group_timepointADUResist.pre_exercise","Endur.pre_exercise - Resist.pre_exercise","baseline","EE-RE","pre_exercise","~ 0 + group_timepoint +  Batch + BMI + calculatedAge + codedsiteid + pct_umi_dup + RIN + Sex + (1 | pid)",0.0278891141992679,-0.181015797832543,0.236794026231079,0.792448622577842,0.976230739195056,0.976230739195055
"BLOOD_TRNSCRPT_DA","blood","transcript-rna-seq","transcript-rna-seq","ENSG00000140105.18","WARS1","group_timepointADUEndur.pre_exercise - group_timepointADUControl.pre_exercise","Endur.pre_exercise - Control.pre_exercise","baseline","EE-CON","pre_exercise","~ 0 + group_timepoint +  Batch + BMI + calculatedAge + codedsiteid + pct_umi_dup + RIN + Sex + (1 | pid)",-0.0477028653144185,-0.297153250084334,0.201747519455497,0.706260143262274,0.999647764033787,0.999647764033787
"BLOOD_TRNSCRPT_DA","blood","transcript-rna-seq","transcript-rna-seq","ENSG00000140105.18","WARS1","group_timepointADUResist.pre_exercise - group_timepointADUControl.pre_exercise","Resist.pre_exercise - Control.pre_exercise","baseline","RE-CON","pre_exercise","~ 0 + group_timepoint +  Batch + BMI + calculatedAge + codedsiteid + pct_umi_dup + RIN + Sex + (1 | pid)",-0.0755919795136863,-0.318636530759396,0.167452571732023,0.540043443797556,0.910157141796735,0.910157141796735
"BLOOD_TRNSCRPT_DA","blood","transcript-rna-seq","transcript-rna-seq","ENSG00000140105.18","WARS1","group_timepointADUControl.during_20_min - group_timepointADUControl.pre_exercise","Control.during_20_min - Control.pre_exercise","control_only","CON-CON","during_20_min","~ 0 + group_timepoint +  Batch + BMI + calculatedAge + codedsiteid + pct_umi_dup + RIN + Sex + (1 | pid)",0.103268670098628,0.01891153740898,0.187625802788276,0.0165071646169043,0.494877195389553,0.494877195389551
"BLOOD_TRNSCRPT_DA","blood","transcript-rna-seq","transcript-rna-seq","ENSG00000140105.18","WARS1","group_timepointADUControl.during_40_min - group_timepointADUControl.pre_exercise","Control.during_40_min - Control.pre_exercise","control_only","CON-CON","during_40_min","~ 0 + group_timepoint +  Batch + BMI + calculatedAge + codedsiteid + pct_umi_dup + RIN + Sex + (1 | pid)",0.0558319691093878,-0.0258675852375751,0.137531523456351,0.180078798939192,0.5508420880129,0.550842088012899
"BLOOD_TRNSCRPT_DA","blood","transcript-rna-seq","transcript-rna-seq","ENSG00000140105.18","WARS1","group_timepointADUControl.post_10_min - group_timepointADUControl.pre_exercise","Control.post_10_min - Control.pre_exercise","control_only","CON-CON","post_10_min","~ 0 + group_timepoint +  Batch + BMI + calculatedAge + codedsiteid + pct_umi_dup + RIN + Sex + (1 | pid)",0.0529449305074161,-0.0304418781462624,0.136331739161095,0.212912725958442,0.694024979512592,0.694024979512592
"BLOOD_TRNSCRPT_DA","blood","transcript-rna-seq","transcript-rna-seq","ENSG00000140105.18","WARS1","group_timepointADUControl.post_15_30_45_min - group_timepointADUControl.pre_exercise","Control.post_15_30_45_min - Control.pre_exercise","control_only","CON-CON","post_15_30_45_min","~ 0 + group_timepoint +  Batch + BMI + calculatedAge + codedsiteid + pct_umi_dup + RIN + Sex + (1 | pid)",0.0725946732867033,-0.00979143362161504,0.154980780195022,0.0840555850624743,0.484204478473704,0.484204478473704
"BLOOD_TRNSCRPT_DA","blood","transcript-rna-seq","transcript-rna-seq","ENSG00000140105.18","WARS1","group_timepointADUControl.post_3.5_4_hr - group_timepointADUControl.pre_exercise","Control.post_3.5_4_hr - Control.pre_exercise","control_only","CON-CON","post_3.5_4_hr","~ 0 + group_timepoint +  Batch + BMI + calculatedAge + codedsiteid + pct_umi_dup + RIN + Sex + (1 | pid)",0.0101878724348223,-0.0970926323286854,0.11746837719833,0.852120161975929,0.969898261825573,0.969898261825574
"BLOOD_TRNSCRPT_DA","blood","transcript-rna-seq","transcript-rna-seq","ENSG00000140105.18","WARS1","group_timepointADUControl.post_24_hr - group_timepointADUControl.pre_exercise","Control.post_24_hr - Control.pre_exercise","control_only","CON-CON","post_24_hr","~ 0 + group_timepoint +  Batch + BMI + calculatedAge + codedsiteid + pct_umi_dup + RIN + Sex + (1 | pid)",-0.0904729610784338,-0.189297728670667,0.00835180651379935,0.0726895323706394,0.946292480881625,0.946292480881625
"MUSCLE_TRNSCRPT_DA","muscle","transcript-rna-seq","transcript-rna-seq","ENSG00000140105.18","WARS1","group_timepointADUEndur.post_15_30_45_min - group_timepointADUEndur.pre_exercise - group_timepointADUControl.post_15_30_45_min + group_timepointADUControl.pre_exercise","Endur.post_15_30_45_min - Control.post_15_30_45_min (delta-delta)","exercise_with_controls","EE-CON","post_15_30_45_min","~ 0 + group_timepoint +  Batch + BMI + calculatedAge + codedsiteid + pct_umi_dup + RIN + Sex + (1 | pid)",-0.00814294310396146,-0.131114201501693,0.11482831529377,0.896336979426861,0.974468566912847,0.974468566912847
"MUSCLE_TRNSCRPT_DA","muscle","transcript-rna-seq","transcript-rna-seq","ENSG00000140105.18","WARS1","group_timepointADUEndur.post_3.5_4_hr - group_timepointADUEndur.pre_exercise - group_timepointADUControl.post_3.5_4_hr + group_timepointADUControl.pre_exercise","Endur.post_3.5_4_hr - Control.post_3.5_4_hr (delta-delta)","exercise_with_controls","EE-CON","post_3.5_4_hr","~ 0 + group_timepoint +  Batch + BMI + calculatedAge + codedsiteid + pct_umi_dup + RIN + Sex + (1 | pid)",0.374023822324999,0.245245896050639,0.50280174859936,3.03848453771472e-08,1.47971508062337e-06,1.47971508062337e-06
"MUSCLE_TRNSCRPT_DA","muscle","transcript-rna-seq","transcript-rna-seq","ENSG00000140105.18","WARS1","group_timepointADUEndur.post_24_hr - group_timepointADUEndur.pre_exercise - group_timepointADUControl.post_24_hr + group_timepointADUControl.pre_exercise","Endur.post_24_hr - Control.post_24_hr (delta-delta)","exercise_with_controls","EE-CON","post_24_hr","~ 0 + group_timepoint +  Batch + BMI + calculatedAge + codedsiteid + pct_umi_dup + RIN + Sex + (1 | pid)",0.0911827068581932,-0.028725184366217,0.211090598082603,0.135470172312328,0.432169483034632,0.432169483034632
"MUSCLE_TRNSCRPT_DA","muscle","transcript-rna-seq","transcript-rna-seq","ENSG00000140105.18","WARS1","group_timepointADUResist.post_15_30_45_min - group_timepointADUResist.pre_exercise - group_timepointADUControl.post_15_30_45_min + group_timepointADUControl.pre_exercise","Resist.post_15_30_45_min - Control.post_15_30_45_min (delta-delta)","exercise_with_controls","RE-CON","post_15_30_45_min","~ 0 + group_timepoint +  Batch + BMI + calculatedAge + codedsiteid + pct_umi_dup + RIN + Sex + (1 | pid)",0.0893094340647886,-0.0297503203282814,0.208369188457859,0.140826024949997,0.494658903382874,0.494658903382872
"MUSCLE_TRNSCRPT_DA","muscle","transcript-rna-seq","transcript-rna-seq","ENSG00000140105.18","WARS1","group_timepointADUResist.post_3.5_4_hr - group_timepointADUResist.pre_exercise - group_timepointADUControl.post_3.5_4_hr + group_timepointADUControl.pre_exercise","Resist.post_3.5_4_hr - Control.post_3.5_4_hr (delta-delta)","exercise_with_controls","RE-CON","post_3.5_4_hr","~ 0 + group_timepoint +  Batch + BMI + calculatedAge + codedsiteid + pct_umi_dup + RIN + Sex + (1 | pid)",0.329233033544573,0.20589925144943,0.452566815639716,3.14757899843592e-07,3.62872777131136e-06,3.62872777131136e-06
"MUSCLE_TRNSCRPT_DA","muscle","transcript-rna-seq","transcript-rna-seq","ENSG00000140105.18","WARS1","group_timepointADUResist.post_24_hr - group_timepointADUResist.pre_exercise - group_timepointADUControl.post_24_hr + group_timepointADUControl.pre_exercise","Resist.post_24_hr - Control.post_24_hr (delta-delta)","exercise_with_controls","RE-CON","post_24_hr","~ 0 + group_timepoint +  Batch + BMI + calculatedAge + codedsiteid + pct_umi_dup + RIN + Sex + (1 | pid)",-0.0326763433624029,-0.149934075690137,0.0845813889653311,0.583576567073405,0.778778235050913,0.778778235050913
"MUSCLE_TRNSCRPT_DA","muscle","transcript-rna-seq","transcript-rna-seq","ENSG00000140105.18","WARS1","group_timepointADUEndur.post_15_30_45_min - group_timepointADUEndur.pre_exercise","Endur.post_15_30_45_min - Endur.pre_exercise","exercise_no_controls","EE-EE","post_15_30_45_min","~ 0 + group_timepoint +  Batch + BMI + calculatedAge + codedsiteid + pct_umi_dup + RIN + Sex + (1 | pid)",0.00054698629134986,-0.0766640630664855,0.0777580356491852,0.988879212716292,0.996435045242652,0.996435045242653
"MUSCLE_TRNSCRPT_DA","muscle","transcript-rna-seq","transcript-rna-seq","ENSG00000140105.18","WARS1","group_timepointADUEndur.post_3.5_4_hr - group_timepointADUEndur.pre_exercise","Endur.post_3.5_4_hr - Endur.pre_exercise","exercise_no_controls","EE-EE","post_3.5_4_hr","~ 0 + group_timepoint +  Batch + BMI + calculatedAge + codedsiteid + pct_umi_dup + RIN + Sex + (1 | pid)",0.42813834662465,0.349438206783855,0.506838486465446,2.60430354040212e-22,1.39592360871749e-20,1.39592360871749e-20
"MUSCLE_TRNSCRPT_DA","muscle","transcript-rna-seq","transcript-rna-seq","ENSG00000140105.18","WARS1","group_timepointADUEndur.post_24_hr - group_timepointADUEndur.pre_exercise","Endur.post_24_hr - Endur.pre_exercise","exercise_no_controls","EE-EE","post_24_hr","~ 0 + group_timepoint +  Batch + BMI + calculatedAge + codedsiteid + pct_umi_dup + RIN + Sex + (1 | pid)",0.127242976185365,0.0545822009208221,0.199903751449909,0.000660465309062903,0.00427760760585306,0.00427760760585307
"MUSCLE_TRNSCRPT_DA","muscle","transcript-rna-seq","transcript-rna-seq","ENSG00000140105.18","WARS1","group_timepointADUResist.post_15_30_45_min - group_timepointADUResist.pre_exercise","Resist.post_15_30_45_min - Resist.pre_exercise","exercise_no_controls","RE-RE","post_15_30_45_min","~ 0 + group_timepoint +  Batch + BMI + calculatedAge + codedsiteid + pct_umi_dup + RIN + Sex + (1 | pid)",0.0979993634601,0.0283915064503779,0.167607220469822,0.00597777041832895,0.0310528474454869,0.0310528474454868
"MUSCLE_TRNSCRPT_DA","muscle","transcript-rna-seq","transcript-rna-seq","ENSG00000140105.18","WARS1","group_timepointADUResist.post_3.5_4_hr - group_timepointADUResist.pre_exercise","Resist.post_3.5_4_hr - Resist.pre_exercise","exercise_no_controls","RE-RE","post_3.5_4_hr","~ 0 + group_timepoint +  Batch + BMI + calculatedAge + codedsiteid + pct_umi_dup + RIN + Sex + (1 | pid)",0.383347557844224,0.313832420589653,0.452862695098795,9.26347250812229e-23,1.46766475658916e-21,1.46766475658916e-21
"MUSCLE_TRNSCRPT_DA","muscle","transcript-rna-seq","transcript-rna-seq","ENSG00000140105.18","WARS1","group_timepointADUResist.post_24_hr - group_timepointADUResist.pre_exercise","Resist.post_24_hr - Resist.pre_exercise","exercise_no_controls","RE-RE","post_24_hr","~ 0 + group_timepoint +  Batch + BMI + calculatedAge + codedsiteid + pct_umi_dup + RIN + Sex + (1 | pid)",0.00338392596476922,-0.0648799437669246,0.0716477956964631,0.922296759285484,0.949500947807686,0.949500947807686
"MUSCLE_TRNSCRPT_DA","muscle","transcript-rna-seq","transcript-rna-seq","ENSG00000140105.18","WARS1","group_timepointADUEndur.post_15_30_45_min - group_timepointADUEndur.pre_exercise - group_timepointADUResist.post_15_30_45_min + group_timepointADUResist.pre_exercise","Endur.post_15_30_45_min - Resist.post_15_30_45_min (delta-delta)","Endur_vs_Resist","EE-RE","post_15_30_45_min","~ 0 + group_timepoint +  Batch + BMI + calculatedAge + codedsiteid + pct_umi_dup + RIN + Sex + (1 | pid)",-0.0974523771687501,-0.201321431730855,0.00641667739335455,0.0658083239054979,0.546271792705371,0.54627179270537
"MUSCLE_TRNSCRPT_DA","muscle","transcript-rna-seq","transcript-rna-seq","ENSG00000140105.18","WARS1","group_timepointADUEndur.post_3.5_4_hr - group_timepointADUEndur.pre_exercise - group_timepointADUResist.post_3.5_4_hr + group_timepointADUResist.pre_exercise","Endur.post_3.5_4_hr - Resist.post_3.5_4_hr (delta-delta)","Endur_vs_Resist","EE-RE","post_3.5_4_hr","~ 0 + group_timepoint +  Batch + BMI + calculatedAge + codedsiteid + pct_umi_dup + RIN + Sex + (1 | pid)",0.0447907887804266,-0.0602863336305412,0.149867911191394,0.401984233569376,0.59137031830305,0.59137031830305
"MUSCLE_TRNSCRPT_DA","muscle","transcript-rna-seq","transcript-rna-seq","ENSG00000140105.18","WARS1","group_timepointADUEndur.post_24_hr - group_timepointADUEndur.pre_exercise - group_timepointADUResist.post_24_hr + group_timepointADUResist.pre_exercise","Endur.post_24_hr - Resist.post_24_hr (delta-delta)","Endur_vs_Resist","EE-RE","post_24_hr","~ 0 + group_timepoint +  Batch + BMI + calculatedAge + codedsiteid + pct_umi_dup + RIN + Sex + (1 | pid)",0.123859050220596,0.0244269296108359,0.223291170830356,0.0148397733337279,0.0687015754252702,0.0687015754252703
"MUSCLE_TRNSCRPT_DA","muscle","transcript-rna-seq","transcript-rna-seq","ENSG00000140105.18","WARS1","group_timepointADUEndur.pre_exercise - group_timepointADUResist.pre_exercise","Endur.pre_exercise - Resist.pre_exercise","baseline","EE-RE","pre_exercise","~ 0 + group_timepoint +  Batch + BMI + calculatedAge + codedsiteid + pct_umi_dup + RIN + Sex + (1 | pid)",0.00053483912674146,-0.0891204217094348,0.0901900999629177,0.990631489694868,0.997702248863627,0.997702248863627
"MUSCLE_TRNSCRPT_DA","muscle","transcript-rna-seq","transcript-rna-seq","ENSG00000140105.18","WARS1","group_timepointADUEndur.pre_exercise - group_timepointADUControl.pre_exercise","Endur.pre_exercise - Control.pre_exercise","baseline","EE-CON","pre_exercise","~ 0 + group_timepoint +  Batch + BMI + calculatedAge + codedsiteid + pct_umi_dup + RIN + Sex + (1 | pid)",-0.0720846126751011,-0.18021473922155,0.0360455138713483,0.190307964713886,0.999716112231279,0.999716112231279
"MUSCLE_TRNSCRPT_DA","muscle","transcript-rna-seq","transcript-rna-seq","ENSG00000140105.18","WARS1","group_timepointADUResist.pre_exercise - group_timepointADUControl.pre_exercise","Resist.pre_exercise - Control.pre_exercise","baseline","RE-CON","pre_exercise","~ 0 + group_timepoint +  Batch + BMI + calculatedAge + codedsiteid + pct_umi_dup + RIN + Sex + (1 | pid)",-0.0726194518018426,-0.179761471891366,0.0345225682876805,0.183042696431675,0.602810576277858,0.602810576277858
"MUSCLE_TRNSCRPT_DA","muscle","transcript-rna-seq","transcript-rna-seq","ENSG00000140105.18","WARS1","group_timepointADUControl.post_15_30_45_min - group_timepointADUControl.pre_exercise","Control.post_15_30_45_min - Control.pre_exercise","control_only","CON-CON","post_15_30_45_min","~ 0 + group_timepoint +  Batch + BMI + calculatedAge + codedsiteid + pct_umi_dup + RIN + Sex + (1 | pid)",0.00868992939531132,-0.0875281352238334,0.104907994014456,0.858956987926087,0.972618306947717,0.972618306947717
"MUSCLE_TRNSCRPT_DA","muscle","transcript-rna-seq","transcript-rna-seq","ENSG00000140105.18","WARS1","group_timepointADUControl.post_3.5_4_hr - group_timepointADUControl.pre_exercise","Control.post_3.5_4_hr - Control.pre_exercise","control_only","CON-CON","post_3.5_4_hr","~ 0 + group_timepoint +  Batch + BMI + calculatedAge + codedsiteid + pct_umi_dup + RIN + Sex + (1 | pid)",0.054114524299651,-0.0478643743880901,0.156093422987392,0.296969095294576,0.580155727960274,0.580155727960273
"MUSCLE_TRNSCRPT_DA","muscle","transcript-rna-seq","transcript-rna-seq","ENSG00000140105.18","WARS1","group_timepointADUControl.post_24_hr - group_timepointADUControl.pre_exercise","Control.post_24_hr - Control.pre_exercise","control_only","CON-CON","post_24_hr","~ 0 + group_timepoint +  Batch + BMI + calculatedAge + codedsiteid + pct_umi_dup + RIN + Sex + (1 | pid)",0.0360602693271721,-0.0596779949430239,0.131798533597368,0.458868514777771,0.72733877042093,0.72733877042093
"ADIPOSE_TRNSCRPT_DA","adipose","transcript-rna-seq","transcript-rna-seq","ENSG00000140105.18","WARS1","group_timepointADUEndur.post_15_30_45_min - group_timepointADUEndur.pre_exercise - group_timepointADUControl.post_15_30_45_min + group_timepointADUControl.pre_exercise","Endur.post_15_30_45_min - Control.post_15_30_45_min (delta-delta)","exercise_with_controls","EE-CON","post_15_30_45_min","~ 0 + group_timepoint +  Batch + BMI + calculatedAge + codedsiteid + pct_umi_dup + RIN + Sex + (1 | pid)",-0.169030530121263,-0.347481012085022,0.00941995184249619,0.063235491241362,0.660978677959918,0.660978677959918
"ADIPOSE_TRNSCRPT_DA","adipose","transcript-rna-seq","transcript-rna-seq","ENSG00000140105.18","WARS1","group_timepointADUEndur.post_3.5_4_hr - group_timepointADUEndur.pre_exercise - group_timepointADUControl.post_3.5_4_hr + group_timepointADUControl.pre_exercise","Endur.post_3.5_4_hr - Control.post_3.5_4_hr (delta-delta)","exercise_with_controls","EE-CON","post_3.5_4_hr","~ 0 + group_timepoint +  Batch + BMI + calculatedAge + codedsiteid + pct_umi_dup + RIN + Sex + (1 | pid)",-0.034363049085786,-0.177356036931262,0.10862993875969,0.635868998367337,0.973540242281016,0.973540242281017
"ADIPOSE_TRNSCRPT_DA","adipose","transcript-rna-seq","transcript-rna-seq","ENSG00000140105.18","WARS1","group_timepointADUEndur.post_24_hr - group_timepointADUEndur.pre_exercise - group_timepointADUControl.post_24_hr + group_timepointADUControl.pre_exercise","Endur.post_24_hr - Control.post_24_hr (delta-delta)","exercise_with_controls","EE-CON","post_24_hr","~ 0 + group_timepoint +  Batch + BMI + calculatedAge + codedsiteid + pct_umi_dup + RIN + Sex + (1 | pid)",-0.039405719879932,-0.2072902817886,0.128478842028736,0.643777128666733,0.999984488297589,0.999984488297589
"ADIPOSE_TRNSCRPT_DA","adipose","transcript-rna-seq","transcript-rna-seq","ENSG00000140105.18","WARS1","group_timepointADUResist.post_15_30_45_min - group_timepointADUResist.pre_exercise - group_timepointADUControl.post_15_30_45_min + group_timepointADUControl.pre_exercise","Resist.post_15_30_45_min - Control.post_15_30_45_min (delta-delta)","exercise_with_controls","RE-CON","post_15_30_45_min","~ 0 + group_timepoint +  Batch + BMI + calculatedAge + codedsiteid + pct_umi_dup + RIN + Sex + (1 | pid)",-0.105153621877206,-0.282994343737514,0.0726870999831015,0.244835071601608,0.8436940975088,0.8436940975088
"ADIPOSE_TRNSCRPT_DA","adipose","transcript-rna-seq","transcript-rna-seq","ENSG00000140105.18","WARS1","group_timepointADUResist.post_3.5_4_hr - group_timepointADUResist.pre_exercise - group_timepointADUControl.post_3.5_4_hr + group_timepointADUControl.pre_exercise","Resist.post_3.5_4_hr - Control.post_3.5_4_hr (delta-delta)","exercise_with_controls","RE-CON","post_3.5_4_hr","~ 0 + group_timepoint +  Batch + BMI + calculatedAge + codedsiteid + pct_umi_dup + RIN + Sex + (1 | pid)",-0.057380694927275,-0.194312443231701,0.079551053377151,0.409311866064775,0.891485493915842,0.891485493915843
"ADIPOSE_TRNSCRPT_DA","adipose","transcript-rna-seq","transcript-rna-seq","ENSG00000140105.18","WARS1","group_timepointADUResist.post_24_hr - group_timepointADUResist.pre_exercise - group_timepointADUControl.post_24_hr + group_timepointADUControl.pre_exercise","Resist.post_24_hr - Control.post_24_hr (delta-delta)","exercise_with_controls","RE-CON","post_24_hr","~ 0 + group_timepoint +  Batch + BMI + calculatedAge + codedsiteid + pct_umi_dup + RIN + Sex + (1 | pid)",-0.128518450552839,-0.297282868649831,0.040245967544153,0.134660998604134,0.999660577093274,0.999660577093274
"ADIPOSE_TRNSCRPT_DA","adipose","transcript-rna-seq","transcript-rna-seq","ENSG00000140105.18","WARS1","group_timepointADUEndur.post_15_30_45_min - group_timepointADUEndur.pre_exercise","Endur.post_15_30_45_min - Endur.pre_exercise","exercise_no_controls","EE-EE","post_15_30_45_min","~ 0 + group_timepoint +  Batch + BMI + calculatedAge + codedsiteid + pct_umi_dup + RIN + Sex + (1 | pid)",-0.0806040780780286,-0.19116953866831,0.0299613825122523,0.152008808754403,0.526718071686299,0.526718071686298
"ADIPOSE_TRNSCRPT_DA","adipose","transcript-rna-seq","transcript-rna-seq","ENSG00000140105.18","WARS1","group_timepointADUEndur.post_3.5_4_hr - group_timepointADUEndur.pre_exercise","Endur.post_3.5_4_hr - Endur.pre_exercise","exercise_no_controls","EE-EE","post_3.5_4_hr","~ 0 + group_timepoint +  Batch + BMI + calculatedAge + codedsiteid + pct_umi_dup + RIN + Sex + (1 | pid)",-0.0105184546541208,-0.0963428263977653,0.0753059170895236,0.809140130005399,0.900508062109118,0.900508062109117
"ADIPOSE_TRNSCRPT_DA","adipose","transcript-rna-seq","transcript-rna-seq","ENSG00000140105.18","WARS1","group_timepointADUEndur.post_24_hr - group_timepointADUEndur.pre_exercise","Endur.post_24_hr - Endur.pre_exercise","exercise_no_controls","EE-EE","post_24_hr","~ 0 + group_timepoint +  Batch + BMI + calculatedAge + codedsiteid + pct_umi_dup + RIN + Sex + (1 | pid)",-0.0832288105296417,-0.185067246854551,0.0186096257952681,0.108560986298161,0.735578487261399,0.735578487261401
"ADIPOSE_TRNSCRPT_DA","adipose","transcript-rna-seq","transcript-rna-seq","ENSG00000140105.18","WARS1","group_timepointADUResist.post_15_30_45_min - group_timepointADUResist.pre_exercise","Resist.post_15_30_45_min - Resist.pre_exercise","exercise_no_controls","RE-RE","post_15_30_45_min","~ 0 + group_timepoint +  Batch + BMI + calculatedAge + codedsiteid + pct_umi_dup + RIN + Sex + (1 | pid)",-0.0167271698339722,-0.126719622723133,0.0932652830551891,0.764451420787161,0.923206659097062,0.923206659097062
"ADIPOSE_TRNSCRPT_DA","adipose","transcript-rna-seq","transcript-rna-seq","ENSG00000140105.18","WARS1","group_timepointADUResist.post_3.5_4_hr - group_timepointADUResist.pre_exercise","Resist.post_3.5_4_hr - Resist.pre_exercise","exercise_no_controls","RE-RE","post_3.5_4_hr","~ 0 + group_timepoint +  Batch + BMI + calculatedAge + codedsiteid + pct_umi_dup + RIN + Sex + (1 | pid)",-0.0335361004956098,-0.108705759578546,0.0416335585873259,0.379745905745575,0.557598436685832,0.557598436685832
"ADIPOSE_TRNSCRPT_DA","adipose","transcript-rna-seq","transcript-rna-seq","ENSG00000140105.18","WARS1","group_timepointADUResist.post_24_hr - group_timepointADUResist.pre_exercise","Resist.post_24_hr - Resist.pre_exercise","exercise_no_controls","RE-RE","post_24_hr","~ 0 + group_timepoint +  Batch + BMI + calculatedAge + codedsiteid + pct_umi_dup + RIN + Sex + (1 | pid)",-0.172341541202549,-0.275601076522639,-0.0690820058824587,0.00119359707744044,0.110699523378974,0.110699523378974
"ADIPOSE_TRNSCRPT_DA","adipose","transcript-rna-seq","transcript-rna-seq","ENSG00000140105.18","WARS1","group_timepointADUEndur.post_15_30_45_min - group_timepointADUEndur.pre_exercise - group_timepointADUResist.post_15_30_45_min + group_timepointADUResist.pre_exercise","Endur.post_15_30_45_min - Resist.post_15_30_45_min (delta-delta)","Endur_vs_Resist","EE-RE","post_15_30_45_min","~ 0 + group_timepoint +  Batch + BMI + calculatedAge + codedsiteid + pct_umi_dup + RIN + Sex + (1 | pid)",-0.0638769082440565,-0.21968429090262,0.0919304744145073,0.419574143954649,0.903138092408413,0.903138092408413
"ADIPOSE_TRNSCRPT_DA","adipose","transcript-rna-seq","transcript-rna-seq","ENSG00000140105.18","WARS1","group_timepointADUEndur.post_3.5_4_hr - group_timepointADUEndur.pre_exercise - group_timepointADUResist.post_3.5_4_hr + group_timepointADUResist.pre_exercise","Endur.post_3.5_4_hr - Resist.post_3.5_4_hr (delta-delta)","Endur_vs_Resist","EE-RE","post_3.5_4_hr","~ 0 + group_timepoint +  Batch + BMI + calculatedAge + codedsiteid + pct_umi_dup + RIN + Sex + (1 | pid)",0.023017645841489,-0.0910580638550745,0.137093355538053,0.690923645263665,0.999161799173372,0.999161799173372
"ADIPOSE_TRNSCRPT_DA","adipose","transcript-rna-seq","transcript-rna-seq","ENSG00000140105.18","WARS1","group_timepointADUEndur.post_24_hr - group_timepointADUEndur.pre_exercise - group_timepointADUResist.post_24_hr + group_timepointADUResist.pre_exercise","Endur.post_24_hr - Resist.post_24_hr (delta-delta)","Endur_vs_Resist","EE-RE","post_24_hr","~ 0 + group_timepoint +  Batch + BMI + calculatedAge + codedsiteid + pct_umi_dup + RIN + Sex + (1 | pid)",0.0891127306729071,-0.0565618959114903,0.234787357257305,0.228969626276745,0.999827188422841,0.999827188422841
"ADIPOSE_TRNSCRPT_DA","adipose","transcript-rna-seq","transcript-rna-seq","ENSG00000140105.18","WARS1","group_timepointADUEndur.pre_exercise - group_timepointADUResist.pre_exercise","Endur.pre_exercise - Resist.pre_exercise","baseline","EE-RE","pre_exercise","~ 0 + group_timepoint +  Batch + BMI + calculatedAge + codedsiteid + pct_umi_dup + RIN + Sex + (1 | pid)",-0.0298566644151919,-0.167478765367413,0.107765436537029,0.669093406073871,0.96072089784135,0.960720897841351
"ADIPOSE_TRNSCRPT_DA","adipose","transcript-rna-seq","transcript-rna-seq","ENSG00000140105.18","WARS1","group_timepointADUEndur.pre_exercise - group_timepointADUControl.pre_exercise","Endur.pre_exercise - Control.pre_exercise","baseline","EE-CON","pre_exercise","~ 0 + group_timepoint +  Batch + BMI + calculatedAge + codedsiteid + pct_umi_dup + RIN + Sex + (1 | pid)",-0.054595727463493,-0.219967492397746,0.110776037470761,0.515605403295243,0.940063963829599,0.940063963829599
"ADIPOSE_TRNSCRPT_DA","adipose","transcript-rna-seq","transcript-rna-seq","ENSG00000140105.18","WARS1","group_timepointADUResist.pre_exercise - group_timepointADUControl.pre_exercise","Resist.pre_exercise - Control.pre_exercise","baseline","RE-CON","pre_exercise","~ 0 + group_timepoint +  Batch + BMI + calculatedAge + codedsiteid + pct_umi_dup + RIN + Sex + (1 | pid)",-0.0247390630483011,-0.187452714257536,0.137974588160934,0.764510942989267,0.942652765386126,0.942652765386126
"ADIPOSE_TRNSCRPT_DA","adipose","transcript-rna-seq","transcript-rna-seq","ENSG00000140105.18","WARS1","group_timepointADUControl.post_15_30_45_min - group_timepointADUControl.pre_exercise","Control.post_15_30_45_min - Control.pre_exercise","control_only","CON-CON","post_15_30_45_min","~ 0 + group_timepoint +  Batch + BMI + calculatedAge + codedsiteid + pct_umi_dup + RIN + Sex + (1 | pid)",0.0884264520432341,-0.051828453465936,0.228681357552404,0.215077863093875,0.88727934986571,0.88727934986571
"ADIPOSE_TRNSCRPT_DA","adipose","transcript-rna-seq","transcript-rna-seq","ENSG00000140105.18","WARS1","group_timepointADUControl.post_3.5_4_hr - group_timepointADUControl.pre_exercise","Control.post_3.5_4_hr - Control.pre_exercise","control_only","CON-CON","post_3.5_4_hr","~ 0 + group_timepoint +  Batch + BMI + calculatedAge + codedsiteid + pct_umi_dup + RIN + Sex + (1 | pid)",0.0238445944316652,-0.0907565261758266,0.138445715039157,0.681820483610536,0.848058847484767,0.848058847484767
"ADIPOSE_TRNSCRPT_DA","adipose","transcript-rna-seq","transcript-rna-seq","ENSG00000140105.18","WARS1","group_timepointADUControl.post_24_hr - group_timepointADUControl.pre_exercise","Control.post_24_hr - Control.pre_exercise","control_only","CON-CON","post_24_hr","~ 0 + group_timepoint +  Batch + BMI + calculatedAge + codedsiteid + pct_umi_dup + RIN + Sex + (1 | pid)",-0.0438230906497097,-0.177346135568506,0.0896999542690864,0.518005574954934,0.999669711569488,0.999669711569488
"MUSCLE_PROT_PR_DA","muscle","prot-pr","prot-pr","P23381","WARS1","group_timepointADUEndur.post_15_30_45_min - group_timepointADUEndur.pre_exercise - group_timepointADUControl.post_15_30_45_min + group_timepointADUControl.pre_exercise","Endur.post_15_30_45_min - Control.post_15_30_45_min (delta-delta)","exercise_with_controls","EE-CON","post_15_30_45_min","~ 0 + group_timepoint +  BMI + calculatedAge + Sex + (1 | pid)",-0.00901193341345305,-0.073738478219196,0.0557146113922899,0.784050211302646,0.997666211618705,0.997666211618705
"MUSCLE_PROT_PR_DA","muscle","prot-pr","prot-pr","P23381","WARS1","group_timepointADUEndur.post_3.5_4_hr - group_timepointADUEndur.pre_exercise - group_timepointADUControl.post_3.5_4_hr + group_timepointADUControl.pre_exercise","Endur.post_3.5_4_hr - Control.post_3.5_4_hr (delta-delta)","exercise_with_controls","EE-CON","post_3.5_4_hr","~ 0 + group_timepoint +  BMI + calculatedAge + Sex + (1 | pid)",-0.0205813883166128,-0.0924910449544236,0.051328268321198,0.57330971283075,0.999239529582803,0.999239529582802
"MUSCLE_PROT_PR_DA","muscle","prot-pr","prot-pr","P23381","WARS1","group_timepointADUEndur.post_24_hr - group_timepointADUEndur.pre_exercise - group_timepointADUControl.post_24_hr + group_timepointADUControl.pre_exercise","Endur.post_24_hr - Control.post_24_hr (delta-delta)","exercise_with_controls","EE-CON","post_24_hr","~ 0 + group_timepoint +  BMI + calculatedAge + Sex + (1 | pid)",0.0132464804539142,-0.0490558001729846,0.0755487610808131,0.675610328777066,0.943393829144415,0.943393829144415
"MUSCLE_PROT_PR_DA","muscle","prot-pr","prot-pr","P23381","WARS1","group_timepointADUResist.post_15_30_45_min - group_timepointADUResist.pre_exercise - group_timepointADUControl.post_15_30_45_min + group_timepointADUControl.pre_exercise","Resist.post_15_30_45_min - Control.post_15_30_45_min (delta-delta)","exercise_with_controls","RE-CON","post_15_30_45_min","~ 0 + group_timepoint +  BMI + calculatedAge + Sex + (1 | pid)",-0.0089902937116712,-0.0726655606428739,0.0546849732195315,0.781085243872548,0.949749500722865,0.949749500722865
"MUSCLE_PROT_PR_DA","muscle","prot-pr","prot-pr","P23381","WARS1","group_timepointADUResist.post_3.5_4_hr - group_timepointADUResist.pre_exercise - group_timepointADUControl.post_3.5_4_hr + group_timepointADUControl.pre_exercise","Resist.post_3.5_4_hr - Control.post_3.5_4_hr (delta-delta)","exercise_with_controls","RE-CON","post_3.5_4_hr","~ 0 + group_timepoint +  BMI + calculatedAge + Sex + (1 | pid)",-0.0123291663939329,-0.0822161761945473,0.0575578434066814,0.728438098965523,0.999907031889275,0.999907031889275
"MUSCLE_PROT_PR_DA","muscle","prot-pr","prot-pr","P23381","WARS1","group_timepointADUResist.post_24_hr - group_timepointADUResist.pre_exercise - group_timepointADUControl.post_24_hr + group_timepointADUControl.pre_exercise","Resist.post_24_hr - Control.post_24_hr (delta-delta)","exercise_with_controls","RE-CON","post_24_hr","~ 0 + group_timepoint +  BMI + calculatedAge + Sex + (1 | pid)",-0.0156330009332123,-0.0758837939596783,0.0446177920932536,0.609617504255359,0.934372773954408,0.934372773954407
"MUSCLE_PROT_PR_DA","muscle","prot-pr","prot-pr","P23381","WARS1","group_timepointADUEndur.post_15_30_45_min - group_timepointADUEndur.pre_exercise","Endur.post_15_30_45_min - Endur.pre_exercise","exercise_no_controls","EE-EE","post_15_30_45_min","~ 0 + group_timepoint +  BMI + calculatedAge + Sex + (1 | pid)",0.00462302137119028,-0.0359384520214403,0.0451844947638209,0.822497971297381,0.992926795390799,0.992926795390798
"MUSCLE_PROT_PR_DA","muscle","prot-pr","prot-pr","P23381","WARS1","group_timepointADUEndur.post_3.5_4_hr - group_timepointADUEndur.pre_exercise","Endur.post_3.5_4_hr - Endur.pre_exercise","exercise_no_controls","EE-EE","post_3.5_4_hr","~ 0 + group_timepoint +  BMI + calculatedAge + Sex + (1 | pid)",-0.0212666062170222,-0.0634737015390419,0.0209404891049975,0.321808917016622,0.749243288541432,0.749243288541432
"MUSCLE_PROT_PR_DA","muscle","prot-pr","prot-pr","P23381","WARS1","group_timepointADUEndur.post_24_hr - group_timepointADUEndur.pre_exercise","Endur.post_24_hr - Endur.pre_exercise","exercise_no_controls","EE-EE","post_24_hr","~ 0 + group_timepoint +  BMI + calculatedAge + Sex + (1 | pid)",-0.0187586085148438,-0.0570579848048558,0.0195407677751681,0.335472217272509,0.761836128106742,0.761836128106742
"MUSCLE_PROT_PR_DA","muscle","prot-pr","prot-pr","P23381","WARS1","group_timepointADUResist.post_15_30_45_min - group_timepointADUResist.pre_exercise","Resist.post_15_30_45_min - Resist.pre_exercise","exercise_no_controls","RE-RE","post_15_30_45_min","~ 0 + group_timepoint +  BMI + calculatedAge + Sex + (1 | pid)",0.00464466107297214,-0.0342081997790095,0.0434975219249537,0.813972686796306,0.998665002334807,0.998665002334807
"MUSCLE_PROT_PR_DA","muscle","prot-pr","prot-pr","P23381","WARS1","group_timepointADUResist.post_3.5_4_hr - group_timepointADUResist.pre_exercise","Resist.post_3.5_4_hr - Resist.pre_exercise","exercise_no_controls","RE-RE","post_3.5_4_hr","~ 0 + group_timepoint +  BMI + calculatedAge + Sex + (1 | pid)",-0.0130143842943423,-0.0516850674491474,0.0256562988604628,0.507901678737165,0.967489136703142,0.967489136703143
"MUSCLE_PROT_PR_DA","muscle","prot-pr","prot-pr","P23381","WARS1","group_timepointADUResist.post_24_hr - group_timepointADUResist.pre_exercise","Resist.post_24_hr - Resist.pre_exercise","exercise_no_controls","RE-RE","post_24_hr","~ 0 + group_timepoint +  BMI + calculatedAge + Sex + (1 | pid)",-0.0476380899019704,-0.0824988675235589,-0.0127773122803819,0.007622856271101,0.132993146909574,0.132993146909574
"MUSCLE_PROT_PR_DA","muscle","prot-pr","prot-pr","P23381","WARS1","group_timepointADUEndur.post_15_30_45_min - group_timepointADUEndur.pre_exercise - group_timepointADUResist.post_15_30_45_min + group_timepointADUResist.pre_exercise","Endur.post_15_30_45_min - Resist.post_15_30_45_min (delta-delta)","Endur_vs_Resist","EE-RE","post_15_30_45_min","~ 0 + group_timepoint +  BMI + calculatedAge + Sex + (1 | pid)",-2.16397017818518e-05,-0.0562090061393693,0.0561657267358056,0.999395118702088,0.999972761661199,0.999972761661199
"MUSCLE_PROT_PR_DA","muscle","prot-pr","prot-pr","P23381","WARS1","group_timepointADUEndur.post_3.5_4_hr - group_timepointADUEndur.pre_exercise - group_timepointADUResist.post_3.5_4_hr + group_timepointADUResist.pre_exercise","Endur.post_3.5_4_hr - Resist.post_3.5_4_hr (delta-delta)","Endur_vs_Resist","EE-RE","post_3.5_4_hr","~ 0 + group_timepoint +  BMI + calculatedAge + Sex + (1 | pid)",-0.00825222192267988,-0.0654680685886188,0.048963624743259,0.776505591462384,0.978017100466442,0.978017100466442
"MUSCLE_PROT_PR_DA","muscle","prot-pr","prot-pr","P23381","WARS1","group_timepointADUEndur.post_24_hr - group_timepointADUEndur.pre_exercise - group_timepointADUResist.post_24_hr + group_timepointADUResist.pre_exercise","Endur.post_24_hr - Resist.post_24_hr (delta-delta)","Endur_vs_Resist","EE-RE","post_24_hr","~ 0 + group_timepoint +  BMI + calculatedAge + Sex + (1 | pid)",0.0288794813871265,-0.0229094760845814,0.0806684388588345,0.272975677183758,0.751993474737693,0.751993474737691
"MUSCLE_PROT_PR_DA","muscle","prot-pr","prot-pr","P23381","WARS1","group_timepointADUEndur.pre_exercise - group_timepointADUResist.pre_exercise","Endur.pre_exercise - Resist.pre_exercise","baseline","EE-RE","pre_exercise","~ 0 + group_timepoint +  BMI + calculatedAge + Sex + (1 | pid)",0.0590774990886427,0.00369361165768527,0.1144613865196,0.0366720664265463,0.276756020140072,0.276756020140072
"MUSCLE_PROT_PR_DA","muscle","prot-pr","prot-pr","P23381","WARS1","group_timepointADUEndur.pre_exercise - group_timepointADUControl.pre_exercise","Endur.pre_exercise - Control.pre_exercise","baseline","EE-CON","pre_exercise","~ 0 + group_timepoint +  BMI + calculatedAge + Sex + (1 | pid)",-0.0112144503927143,-0.0778983092007244,0.0554694084152957,0.740593719535637,0.940747996546949,0.940747996546949
"MUSCLE_PROT_PR_DA","muscle","prot-pr","prot-pr","P23381","WARS1","group_timepointADUResist.pre_exercise - group_timepointADUControl.pre_exercise","Resist.pre_exercise - Control.pre_exercise","baseline","RE-CON","pre_exercise","~ 0 + group_timepoint +  BMI + calculatedAge + Sex + (1 | pid)",-0.070291949481357,-0.136028762552459,-0.00455513641025482,0.0362214700347792,0.255359308043148,0.255359308043148
"MUSCLE_PROT_PR_DA","muscle","prot-pr","prot-pr","P23381","WARS1","group_timepointADUControl.post_15_30_45_min - group_timepointADUControl.pre_exercise","Control.post_15_30_45_min - Control.pre_exercise","control_only","CON-CON","post_15_30_45_min","~ 0 + group_timepoint +  BMI + calculatedAge + Sex + (1 | pid)",0.0136349547846433,-0.0368099424597801,0.0640798520290668,0.594793762494542,0.921463732556905,0.921463732556905
"MUSCLE_PROT_PR_DA","muscle","prot-pr","prot-pr","P23381","WARS1","group_timepointADUControl.post_3.5_4_hr - group_timepointADUControl.pre_exercise","Control.post_3.5_4_hr - Control.pre_exercise","control_only","CON-CON","post_3.5_4_hr","~ 0 + group_timepoint +  BMI + calculatedAge + Sex + (1 | pid)",-0.000685217900409364,-0.0589265897866545,0.0575561539858357,0.981523911430778,0.998984948163672,0.998984948163672
"MUSCLE_PROT_PR_DA","muscle","prot-pr","prot-pr","P23381","WARS1","group_timepointADUControl.post_24_hr - group_timepointADUControl.pre_exercise","Control.post_24_hr - Control.pre_exercise","control_only","CON-CON","post_24_hr","~ 0 + group_timepoint +  BMI + calculatedAge + Sex + (1 | pid)",-0.0320050889687581,-0.0811473147068076,0.0171371367692915,0.200657075594922,0.825228753756631,0.825228753756632
"ADIPOSE_PROT_PR_DA","adipose","prot-pr","prot-pr","P23381","WARS1","group_timepointADUEndur.post_3.5_4_hr - group_timepointADUEndur.pre_exercise - group_timepointADUControl.post_3.5_4_hr + group_timepointADUControl.pre_exercise","Endur.post_3.5_4_hr - Control.post_3.5_4_hr (delta-delta)","exercise_with_controls","EE-CON","post_3.5_4_hr","~ 0 + group_timepoint +  BMI + calculatedAge + Sex + (1 | pid)",-0.265728976397905,-0.4327957903945,-0.0986621624013093,0.00327454413068322,0.0608031141739495,0.0608031141739495
"ADIPOSE_PROT_PR_DA","adipose","prot-pr","prot-pr","P23381","WARS1","group_timepointADUResist.post_3.5_4_hr - group_timepointADUResist.pre_exercise - group_timepointADUControl.post_3.5_4_hr + group_timepointADUControl.pre_exercise","Resist.post_3.5_4_hr - Control.post_3.5_4_hr (delta-delta)","exercise_with_controls","RE-CON","post_3.5_4_hr","~ 0 + group_timepoint +  BMI + calculatedAge + Sex + (1 | pid)",-0.0507581573291856,-0.217869360469299,0.116353045810927,0.535211773071715,0.881878740190477,0.881878740190477
"ADIPOSE_PROT_PR_DA","adipose","prot-pr","prot-pr","P23381","WARS1","group_timepointADUEndur.post_3.5_4_hr - group_timepointADUEndur.pre_exercise","Endur.post_3.5_4_hr - Endur.pre_exercise","exercise_no_controls","EE-EE","post_3.5_4_hr","~ 0 + group_timepoint +  BMI + calculatedAge + Sex + (1 | pid)",-0.120876935001397,-0.23347778856623,-0.00827608143656509,0.0365313636280102,0.305409125307157,0.305409125307156
"ADIPOSE_PROT_PR_DA","adipose","prot-pr","prot-pr","P23381","WARS1","group_timepointADUResist.post_3.5_4_hr - group_timepointADUResist.pre_exercise","Resist.post_3.5_4_hr - Resist.pre_exercise","exercise_no_controls","RE-RE","post_3.5_4_hr","~ 0 + group_timepoint +  BMI + calculatedAge + Sex + (1 | pid)",0.0940938840673219,-0.0185726890821886,0.206760457216832,0.0973399543638025,0.893720518827898,0.893720518827897
"ADIPOSE_PROT_PR_DA","adipose","prot-pr","prot-pr","P23381","WARS1","group_timepointADUEndur.post_3.5_4_hr - group_timepointADUEndur.pre_exercise - group_timepointADUResist.post_3.5_4_hr + group_timepointADUResist.pre_exercise","Endur.post_3.5_4_hr - Resist.post_3.5_4_hr (delta-delta)","Endur_vs_Resist","EE-RE","post_3.5_4_hr","~ 0 + group_timepoint +  BMI + calculatedAge + Sex + (1 | pid)",-0.214970819068719,-0.373978675083371,-0.0559629630540676,0.010302019469367,0.184027973103427,0.184027973103427
"ADIPOSE_PROT_PR_DA","adipose","prot-pr","prot-pr","P23381","WARS1","group_timepointADUEndur.pre_exercise - group_timepointADUResist.pre_exercise","Endur.pre_exercise - Resist.pre_exercise","baseline","EE-RE","pre_exercise","~ 0 + group_timepoint +  BMI + calculatedAge + Sex + (1 | pid)",0.441885035474337,0.276876298841459,0.606893772107215,7.70047102699284e-06,0.00180517320022133,0.00180517320022133
"ADIPOSE_PROT_PR_DA","adipose","prot-pr","prot-pr","P23381","WARS1","group_timepointADUEndur.pre_exercise - group_timepointADUControl.pre_exercise","Endur.pre_exercise - Control.pre_exercise","baseline","EE-CON","pre_exercise","~ 0 + group_timepoint +  BMI + calculatedAge + Sex + (1 | pid)",0.341089665784146,0.170085842030081,0.51209348953821,0.000331107013786924,0.0114335610084143,0.0114335610084143
"ADIPOSE_PROT_PR_DA","adipose","prot-pr","prot-pr","P23381","WARS1","group_timepointADUResist.pre_exercise - group_timepointADUControl.pre_exercise","Resist.pre_exercise - Control.pre_exercise","baseline","RE-CON","pre_exercise","~ 0 + group_timepoint +  BMI + calculatedAge + Sex + (1 | pid)",-0.100795369690192,-0.27488956687625,0.0732988274958662,0.245561710849186,0.650650931938362,0.650650931938361
"ADIPOSE_PROT_PR_DA","adipose","prot-pr","prot-pr","P23381","WARS1","group_timepointADUControl.post_3.5_4_hr - group_timepointADUControl.pre_exercise","Control.post_3.5_4_hr - Control.pre_exercise","control_only","CON-CON","post_3.5_4_hr","~ 0 + group_timepoint +  BMI + calculatedAge + Sex + (1 | pid)",0.144852041396507,0.0214306569095004,0.268273425883514,0.0235417401467973,0.174120040331029,0.174120040331029
"MUSCLE_PROT_PH_DA","muscle","prot-ph","prot-ph","P23381_S353s","WARS1","group_timepointADUResist.post_15_30_45_min - group_timepointADUResist.pre_exercise - group_timepointADUControl.post_15_30_45_min + group_timepointADUControl.pre_exercise","Resist.post_15_30_45_min - Control.post_15_30_45_min (delta-delta)","exercise_with_controls","RE-CON","post_15_30_45_min","~ 0 + group_timepoint +  BMI + calculatedAge + Sex + (1 | pid)",-0.0661805568042421,-0.388659438333807,0.256298324725323,0.68518941895716,0.8386079513468,0.8386079513468
"MUSCLE_PROT_PH_DA","muscle","prot-ph","prot-ph","P23381_S353s","WARS1","group_timepointADUResist.post_15_30_45_min - group_timepointADUResist.pre_exercise","Resist.post_15_30_45_min - Resist.pre_exercise","exercise_no_controls","RE-RE","post_15_30_45_min","~ 0 + group_timepoint +  BMI + calculatedAge + Sex + (1 | pid)",0.0159179599039054,-0.175969166076118,0.207805085883929,0.869799377644187,0.924298595654888,0.924298595654889
"MUSCLE_PROT_PH_DA","muscle","prot-ph","prot-ph","P23381_S353s","WARS1","group_timepointADUResist.post_24_hr - group_timepointADUResist.pre_exercise","Resist.post_24_hr - Resist.pre_exercise","exercise_no_controls","RE-RE","post_24_hr","~ 0 + group_timepoint +  BMI + calculatedAge + Sex + (1 | pid)",-0.138744197395982,-0.315411470327916,0.0379230755359519,0.122581110618144,0.476066558321137,0.476066558321139
"MUSCLE_PROT_PH_DA","muscle","prot-ph","prot-ph","P23381_S353s","WARS1","group_timepointADUResist.post_24_hr - group_timepointADUResist.pre_exercise - group_timepointADUControl.post_24_hr + group_timepointADUControl.pre_exercise","Resist.post_24_hr - Control.post_24_hr (delta-delta)","exercise_with_controls","RE-CON","post_24_hr","~ 0 + group_timepoint +  BMI + calculatedAge + Sex + (1 | pid)",-0.209634862869266,-0.491610829197489,0.0723411034589565,0.143623353202158,0.652160132257745,0.652160132257745
"MUSCLE_PROT_PH_DA","muscle","prot-ph","prot-ph","P23381_S353s","WARS1","group_timepointADUEndur.post_3.5_4_hr - group_timepointADUEndur.pre_exercise - group_timepointADUControl.post_3.5_4_hr + group_timepointADUControl.pre_exercise","Endur.post_3.5_4_hr - Control.post_3.5_4_hr (delta-delta)","exercise_with_controls","EE-CON","post_3.5_4_hr","~ 0 + group_timepoint +  BMI + calculatedAge + Sex + (1 | pid)",0.0402147375577664,-0.275636546472961,0.356066021588494,0.801381117562003,0.990187635353678,0.990187635353678
"MUSCLE_PROT_PH_DA","muscle","prot-ph","prot-ph","P23381_S353s","WARS1","group_timepointADUEndur.post_15_30_45_min - group_timepointADUEndur.pre_exercise","Endur.post_15_30_45_min - Endur.pre_exercise","exercise_no_controls","EE-EE","post_15_30_45_min","~ 0 + group_timepoint +  BMI + calculatedAge + Sex + (1 | pid)",0.0277495923072907,-0.173991946053214,0.229491130667795,0.785804092766317,0.925398440158674,0.925398440158674
"MUSCLE_PROT_PH_DA","muscle","prot-ph","prot-ph","P23381_S353s","WARS1","group_timepointADUEndur.post_15_30_45_min - group_timepointADUEndur.pre_exercise - group_timepointADUControl.post_15_30_45_min + group_timepointADUControl.pre_exercise","Endur.post_15_30_45_min - Control.post_15_30_45_min (delta-delta)","exercise_with_controls","EE-CON","post_15_30_45_min","~ 0 + group_timepoint +  BMI + calculatedAge + Sex + (1 | pid)",-0.0543489244008568,-0.384129893538779,0.275432044737066,0.744737945400268,0.922138914910943,0.922138914910943
"MUSCLE_PROT_PH_DA","muscle","prot-ph","prot-ph","P23381_S353s","WARS1","group_timepointADUEndur.post_24_hr - group_timepointADUEndur.pre_exercise - group_timepointADUResist.post_24_hr + group_timepointADUResist.pre_exercise","Endur.post_24_hr - Resist.post_24_hr (delta-delta)","Endur_vs_Resist","EE-RE","post_24_hr","~ 0 + group_timepoint +  BMI + calculatedAge + Sex + (1 | pid)",-0.152280949294461,-0.443854053449901,0.139292154860979,0.303142977815981,0.809613023587683,0.809613023587681
"MUSCLE_PROT_PH_DA","muscle","prot-ph","prot-ph","P23381_S353s","WARS1","group_timepointADUResist.post_3.5_4_hr - group_timepointADUResist.pre_exercise - group_timepointADUControl.post_3.5_4_hr + group_timepointADUControl.pre_exercise","Resist.post_3.5_4_hr - Control.post_3.5_4_hr (delta-delta)","exercise_with_controls","RE-CON","post_3.5_4_hr","~ 0 + group_timepoint +  BMI + calculatedAge + Sex + (1 | pid)",-0.0854026078554527,-0.404876359462845,0.234071143751939,0.597547765577469,0.881429826181001,0.881429826181002
"MUSCLE_PROT_PH_DA","muscle","prot-ph","prot-ph","P23381_S353s","WARS1","group_timepointADUEndur.post_24_hr - group_timepointADUEndur.pre_exercise - group_timepointADUControl.post_24_hr + group_timepointADUControl.pre_exercise","Endur.post_24_hr - Control.post_24_hr (delta-delta)","exercise_with_controls","EE-CON","post_24_hr","~ 0 + group_timepoint +  BMI + calculatedAge + Sex + (1 | pid)",-0.361915812163727,-0.682425002190275,-0.0414066221371794,0.0272242729601588,0.700916070514473,0.700916070514474
"MUSCLE_PROT_PH_DA","muscle","prot-ph","prot-ph","P23381_S353s","WARS1","group_timepointADUEndur.pre_exercise - group_timepointADUResist.pre_exercise","Endur.pre_exercise - Resist.pre_exercise","baseline","EE-RE","pre_exercise","~ 0 + group_timepoint +  BMI + calculatedAge + Sex + (1 | pid)",0.0213804888011493,-0.13699004330883,0.179751020911129,0.789675504839598,0.923841404906171,0.923841404906171
"MUSCLE_PROT_PH_DA","muscle","prot-ph","prot-ph","P23381_S353s","WARS1","group_timepointADUEndur.pre_exercise - group_timepointADUControl.pre_exercise","Endur.pre_exercise - Control.pre_exercise","baseline","EE-CON","pre_exercise","~ 0 + group_timepoint +  BMI + calculatedAge + Sex + (1 | pid)",0.162528576434136,-0.0130790083769734,0.338136161245244,0.0693563679122744,0.454797497024748,0.454797497024748
"MUSCLE_PROT_PH_DA","muscle","prot-ph","prot-ph","P23381_S353s","WARS1","group_timepointADUEndur.post_15_30_45_min - group_timepointADUEndur.pre_exercise - group_timepointADUResist.post_15_30_45_min + group_timepointADUResist.pre_exercise","Endur.post_15_30_45_min - Resist.post_15_30_45_min (delta-delta)","Endur_vs_Resist","EE-RE","post_15_30_45_min","~ 0 + group_timepoint +  BMI + calculatedAge + Sex + (1 | pid)",0.0118316324033853,-0.266562924077316,0.290226188884087,0.933072485776756,0.976905218263243,0.976905218263243
"MUSCLE_PROT_PH_DA","muscle","prot-ph","prot-ph","P23381_S353s","WARS1","group_timepointADUResist.post_3.5_4_hr - group_timepointADUResist.pre_exercise","Resist.post_3.5_4_hr - Resist.pre_exercise","exercise_no_controls","RE-RE","post_3.5_4_hr","~ 0 + group_timepoint +  BMI + calculatedAge + Sex + (1 | pid)",-0.0226951811699902,-0.230505509547005,0.185115147207025,0.829155413249598,0.926988300994995,0.926988300994996
"MUSCLE_PROT_PH_DA","muscle","prot-ph","prot-ph","P23381_S353s","WARS1","group_timepointADUResist.pre_exercise - group_timepointADUControl.pre_exercise","Resist.pre_exercise - Control.pre_exercise","baseline","RE-CON","pre_exercise","~ 0 + group_timepoint +  BMI + calculatedAge + Sex + (1 | pid)",0.141148087632986,-0.0325007996561965,0.314796974922169,0.110151250488531,0.381174950252178,0.381174950252177
"MUSCLE_PROT_PH_DA","muscle","prot-ph","prot-ph","P23381_S353s","WARS1","group_timepointADUControl.post_15_30_45_min - group_timepointADUControl.pre_exercise","Control.post_15_30_45_min - Control.pre_exercise","control_only","CON-CON","post_15_30_45_min","~ 0 + group_timepoint +  BMI + calculatedAge + Sex + (1 | pid)",0.0820985167081474,-0.178130548534333,0.342327581950628,0.533349300581609,0.986097103398617,0.986097103398617
"MUSCLE_PROT_PH_DA","muscle","prot-ph","prot-ph","P23381_S353s","WARS1","group_timepointADUEndur.post_24_hr - group_timepointADUEndur.pre_exercise","Endur.post_24_hr - Endur.pre_exercise","exercise_no_controls","EE-EE","post_24_hr","~ 0 + group_timepoint +  BMI + calculatedAge + Sex + (1 | pid)",-0.291025146690443,-0.524341240006198,-0.0577090533746887,0.0149373241707944,0.423333650165067,0.423333650165068
"MUSCLE_PROT_PH_DA","muscle","prot-ph","prot-ph","P23381_S353s","WARS1","group_timepointADUControl.post_3.5_4_hr - group_timepointADUControl.pre_exercise","Control.post_3.5_4_hr - Control.pre_exercise","control_only","CON-CON","post_3.5_4_hr","~ 0 + group_timepoint +  BMI + calculatedAge + Sex + (1 | pid)",0.0627074266854625,-0.180211293232585,0.30562614660351,0.610178372007703,0.999597223387215,0.999597223387215
"MUSCLE_PROT_PH_DA","muscle","prot-ph","prot-ph","P23381_S353s","WARS1","group_timepointADUEndur.post_3.5_4_hr - group_timepointADUEndur.pre_exercise - group_timepointADUResist.post_3.5_4_hr + group_timepointADUResist.pre_exercise","Endur.post_3.5_4_hr - Resist.post_3.5_4_hr (delta-delta)","Endur_vs_Resist","EE-RE","post_3.5_4_hr","~ 0 + group_timepoint +  BMI + calculatedAge + Sex + (1 | pid)",0.125617345413219,-0.163080146210928,0.414314837037366,0.390633553622017,0.74217854642094,0.74217854642094
"MUSCLE_PROT_PH_DA","muscle","prot-ph","prot-ph","P23381_S353s","WARS1","group_timepointADUEndur.post_3.5_4_hr - group_timepointADUEndur.pre_exercise","Endur.post_3.5_4_hr - Endur.pre_exercise","exercise_no_controls","EE-EE","post_3.5_4_hr","~ 0 + group_timepoint +  BMI + calculatedAge + Sex + (1 | pid)",0.102922164243229,-0.0987781835860712,0.304622512072529,0.314339558537795,0.76301800631839,0.76301800631839
"MUSCLE_PROT_PH_DA","muscle","prot-ph","prot-ph","P23381_S353s","WARS1","group_timepointADUControl.post_24_hr - group_timepointADUControl.pre_exercise","Control.post_24_hr - Control.pre_exercise","control_only","CON-CON","post_24_hr","~ 0 + group_timepoint +  BMI + calculatedAge + Sex + (1 | pid)",0.0708906654732842,-0.150530829953524,0.292312160900093,0.527309519353863,0.998486355047894,0.998486355047894
"MUSCLE_PROT_PH_DA","muscle","prot-ph","prot-ph","P23381_S4s","WARS1","group_timepointADUEndur.post_15_30_45_min - group_timepointADUEndur.pre_exercise - group_timepointADUControl.post_15_30_45_min + group_timepointADUControl.pre_exercise","Endur.post_15_30_45_min - Control.post_15_30_45_min (delta-delta)","exercise_with_controls","EE-CON","post_15_30_45_min","~ 0 + group_timepoint +  BMI + calculatedAge + Sex + (1 | pid)",-0.152716640194678,-0.500528891980309,0.195095611590953,0.387367469144639,0.757822954378942,0.757822954378941
"MUSCLE_PROT_PH_DA","muscle","prot-ph","prot-ph","P23381_S4s","WARS1","group_timepointADUEndur.post_3.5_4_hr - group_timepointADUEndur.pre_exercise - group_timepointADUResist.post_3.5_4_hr + group_timepointADUResist.pre_exercise","Endur.post_3.5_4_hr - Resist.post_3.5_4_hr (delta-delta)","Endur_vs_Resist","EE-RE","post_3.5_4_hr","~ 0 + group_timepoint +  BMI + calculatedAge + Sex + (1 | pid)",-0.0835939369546571,-0.37526232634294,0.208074452433626,0.572359407766636,0.847988277542674,0.847988277542673
"MUSCLE_PROT_PH_DA","muscle","prot-ph","prot-ph","P23381_S4s","WARS1","group_timepointADUEndur.post_3.5_4_hr - group_timepointADUEndur.pre_exercise - group_timepointADUControl.post_3.5_4_hr + group_timepointADUControl.pre_exercise","Endur.post_3.5_4_hr - Control.post_3.5_4_hr (delta-delta)","exercise_with_controls","EE-CON","post_3.5_4_hr","~ 0 + group_timepoint +  BMI + calculatedAge + Sex + (1 | pid)",0.106622287503106,-0.25473766064177,0.467982235647981,0.561096035253603,0.970325003172461,0.970325003172462
"MUSCLE_PROT_PH_DA","muscle","prot-ph","prot-ph","P23381_S4s","WARS1","group_timepointADUEndur.post_24_hr - group_timepointADUEndur.pre_exercise - group_timepointADUResist.post_24_hr + group_timepointADUResist.pre_exercise","Endur.post_24_hr - Resist.post_24_hr (delta-delta)","Endur_vs_Resist","EE-RE","post_24_hr","~ 0 + group_timepoint +  BMI + calculatedAge + Sex + (1 | pid)",-0.0901846241741883,-0.364979804264221,0.184610555915844,0.518019732060383,0.901578217457942,0.901578217457942
"MUSCLE_PROT_PH_DA","muscle","prot-ph","prot-ph","P23381_S4s","WARS1","group_timepointADUEndur.post_24_hr - group_timepointADUEndur.pre_exercise","Endur.post_24_hr - Endur.pre_exercise","exercise_no_controls","EE-EE","post_24_hr","~ 0 + group_timepoint +  BMI + calculatedAge + Sex + (1 | pid)",-0.0676257919294035,-0.261244657608623,0.125993073749816,0.491532123131299,0.922704164785615,0.922704164785614
"MUSCLE_PROT_PH_DA","muscle","prot-ph","prot-ph","P23381_S4s","WARS1","group_timepointADUEndur.post_24_hr - group_timepointADUEndur.pre_exercise - group_timepointADUControl.post_24_hr + group_timepointADUControl.pre_exercise","Endur.post_24_hr - Control.post_24_hr (delta-delta)","exercise_with_controls","EE-CON","post_24_hr","~ 0 + group_timepoint +  BMI + calculatedAge + Sex + (1 | pid)",0.0702862904798823,-0.25326940003829,0.393841980998054,0.668649564583619,0.971006611056672,0.971006611056672
"MUSCLE_PROT_PH_DA","muscle","prot-ph","prot-ph","P23381_S4s","WARS1","group_timepointADUResist.post_24_hr - group_timepointADUResist.pre_exercise","Resist.post_24_hr - Resist.pre_exercise","exercise_no_controls","RE-RE","post_24_hr","~ 0 + group_timepoint +  BMI + calculatedAge + Sex + (1 | pid)",0.0225588322447847,-0.172527203965625,0.217644868455194,0.819743569288616,0.952191807767325,0.952191807767324
"MUSCLE_PROT_PH_DA","muscle","prot-ph","prot-ph","P23381_S4s","WARS1","group_timepointADUResist.post_15_30_45_min - group_timepointADUResist.pre_exercise - group_timepointADUControl.post_15_30_45_min + group_timepointADUControl.pre_exercise","Resist.post_15_30_45_min - Control.post_15_30_45_min (delta-delta)","exercise_with_controls","RE-CON","post_15_30_45_min","~ 0 + group_timepoint +  BMI + calculatedAge + Sex + (1 | pid)",0.00778413178465998,-0.336124277606099,0.351692541175419,0.964420459545509,0.984886418314205,0.984886418314205
"MUSCLE_PROT_PH_DA","muscle","prot-ph","prot-ph","P23381_S4s","WARS1","group_timepointADUResist.post_3.5_4_hr - group_timepointADUResist.pre_exercise - group_timepointADUControl.post_3.5_4_hr + group_timepointADUControl.pre_exercise","Resist.post_3.5_4_hr - Control.post_3.5_4_hr (delta-delta)","exercise_with_controls","RE-CON","post_3.5_4_hr","~ 0 + group_timepoint +  BMI + calculatedAge + Sex + (1 | pid)",0.190216224457763,-0.173672352035136,0.554104800950661,0.303652859118269,0.716398302769741,0.716398302769741
"MUSCLE_PROT_PH_DA","muscle","prot-ph","prot-ph","P23381_S4s","WARS1","group_timepointADUControl.post_3.5_4_hr - group_timepointADUControl.pre_exercise","Control.post_3.5_4_hr - Control.pre_exercise","control_only","CON-CON","post_3.5_4_hr","~ 0 + group_timepoint +  BMI + calculatedAge + Sex + (1 | pid)",-0.019819930141672,-0.317646004822312,0.278006144538968,0.895656993302727,0.999597223387215,0.999597223387215
"MUSCLE_PROT_PH_DA","muscle","prot-ph","prot-ph","P23381_S4s","WARS1","group_timepointADUControl.post_24_hr - group_timepointADUControl.pre_exercise","Control.post_24_hr - Control.pre_exercise","control_only","CON-CON","post_24_hr","~ 0 + group_timepoint +  BMI + calculatedAge + Sex + (1 | pid)",-0.137912082409286,-0.397198572404092,0.12137440758552,0.29528497765062,0.982156007914397,0.982156007914397
"MUSCLE_PROT_PH_DA","muscle","prot-ph","prot-ph","P23381_S4s","WARS1","group_timepointADUResist.post_24_hr - group_timepointADUResist.pre_exercise - group_timepointADUControl.post_24_hr + group_timepointADUControl.pre_exercise","Resist.post_24_hr - Control.post_24_hr (delta-delta)","exercise_with_controls","RE-CON","post_24_hr","~ 0 + group_timepoint +  BMI + calculatedAge + Sex + (1 | pid)",0.160470914654071,-0.164297872931548,0.485239702239689,0.33082079441714,0.80906157021935,0.809061570219349
"MUSCLE_PROT_PH_DA","muscle","prot-ph","prot-ph","P23381_S4s","WARS1","group_timepointADUEndur.post_15_30_45_min - group_timepointADUEndur.pre_exercise","Endur.post_15_30_45_min - Endur.pre_exercise","exercise_no_controls","EE-EE","post_15_30_45_min","~ 0 + group_timepoint +  BMI + calculatedAge + Sex + (1 | pid)",-0.137308290200458,-0.341153846835717,0.0665372664348019,0.185446541920594,0.492823846005218,0.492823846005219
"MUSCLE_PROT_PH_DA","muscle","prot-ph","prot-ph","P23381_S4s","WARS1","group_timepointADUEndur.pre_exercise - group_timepointADUResist.pre_exercise","Endur.pre_exercise - Resist.pre_exercise","baseline","EE-RE","pre_exercise","~ 0 + group_timepoint +  BMI + calculatedAge + Sex + (1 | pid)",0.222908216113382,0.0618432213333208,0.383973210893443,0.00695221155778182,0.102899583006608,0.102899583006608
"MUSCLE_PROT_PH_DA","muscle","prot-ph","prot-ph","P23381_S4s","WARS1","group_timepointADUResist.post_15_30_45_min - group_timepointADUResist.pre_exercise","Resist.post_15_30_45_min - Resist.pre_exercise","exercise_no_controls","RE-RE","post_15_30_45_min","~ 0 + group_timepoint +  BMI + calculatedAge + Sex + (1 | pid)",0.0231924817788802,-0.17314729888876,0.219532262446521,0.815933185596733,0.891894468506894,0.891894468506894
"MUSCLE_PROT_PH_DA","muscle","prot-ph","prot-ph","P23381_S4s","WARS1","group_timepointADUEndur.post_3.5_4_hr - group_timepointADUEndur.pre_exercise","Endur.post_3.5_4_hr - Endur.pre_exercise","exercise_no_controls","EE-EE","post_3.5_4_hr","~ 0 + group_timepoint +  BMI + calculatedAge + Sex + (1 | pid)",0.0868023573614335,-0.117862088528238,0.291466803251105,0.403709468306485,0.810901114930774,0.810901114930775
"MUSCLE_PROT_PH_DA","muscle","prot-ph","prot-ph","P23381_S4s","WARS1","group_timepointADUResist.post_3.5_4_hr - group_timepointADUResist.pre_exercise","Resist.post_3.5_4_hr - Resist.pre_exercise","exercise_no_controls","RE-RE","post_3.5_4_hr","~ 0 + group_timepoint +  BMI + calculatedAge + Sex + (1 | pid)",0.170396294316091,-0.0388937643828077,0.379686353014989,0.109892553906951,0.326852521559826,0.326852521559826
"MUSCLE_PROT_PH_DA","muscle","prot-ph","prot-ph","P23381_S4s","WARS1","group_timepointADUResist.pre_exercise - group_timepointADUControl.pre_exercise","Resist.pre_exercise - Control.pre_exercise","baseline","RE-CON","pre_exercise","~ 0 + group_timepoint +  BMI + calculatedAge + Sex + (1 | pid)",-0.218162531915725,-0.414074807872456,-0.0222502559589939,0.0292787301295543,0.201675712579911,0.201675712579911
"MUSCLE_PROT_PH_DA","muscle","prot-ph","prot-ph","P23381_S4s","WARS1","group_timepointADUEndur.post_15_30_45_min - group_timepointADUEndur.pre_exercise - group_timepointADUResist.post_15_30_45_min + group_timepointADUResist.pre_exercise","Endur.post_15_30_45_min - Resist.post_15_30_45_min (delta-delta)","Endur_vs_Resist","EE-RE","post_15_30_45_min","~ 0 + group_timepoint +  BMI + calculatedAge + Sex + (1 | pid)",-0.160500771979338,-0.443876949314873,0.122875405356197,0.265174391975151,0.577256430469396,0.577256430469396
"MUSCLE_PROT_PH_DA","muscle","prot-ph","prot-ph","P23381_S4s","WARS1","group_timepointADUEndur.pre_exercise - group_timepointADUControl.pre_exercise","Endur.pre_exercise - Control.pre_exercise","baseline","EE-CON","pre_exercise","~ 0 + group_timepoint +  BMI + calculatedAge + Sex + (1 | pid)",0.00474568419765686,-0.185115317072384,0.194606685467698,0.960711618483643,0.992556798487013,0.992556798487013
"MUSCLE_PROT_PH_DA","muscle","prot-ph","prot-ph","P23381_S4s","WARS1","group_timepointADUControl.post_15_30_45_min - group_timepointADUControl.pre_exercise","Control.post_15_30_45_min - Control.pre_exercise","control_only","CON-CON","post_15_30_45_min","~ 0 + group_timepoint +  BMI + calculatedAge + Sex + (1 | pid)",0.0154083499942202,-0.266516794746315,0.297333494734756,0.914226283094618,0.994465918902756,0.994465918902756
