source_object,tissue,assay,platform,feature_id,gene_symbol,contrast,contrast_short,contrast_type,contrast_category,Timepoint,full_model,logFC,CI.L_calculated,CI.R_calculated,p_value,adj_p_value,bh_recomputed,sample_time,source_significant
BLOOD_PROT_OL_DA,blood,prot-ol,prot-ol,OID21084,WARS1,group_timepointADUEndur.pre_exercise - group_timepointADUResist.pre_exercise,Endur.pre_exercise - Resist.pre_exercise,baseline,EE-RE,pre_exercise,~ 0 + group_timepoint +  BMI + calculatedAge + Sex + (1 | pid),0.114798068675804,-0.188187758828049,0.417783896179658,0.454124514569876,0.833502293573585,0.833502293573585,Baseline,False
BLOOD_PROT_OL_DA,blood,prot-ol,prot-ol,OID21084,WARS1,group_timepointADUEndur.pre_exercise - group_timepointADUControl.pre_exercise,Endur.pre_exercise - Control.pre_exercise,baseline,EE-CON,pre_exercise,~ 0 + group_timepoint +  BMI + calculatedAge + Sex + (1 | pid),0.134819818394942,-0.215331196006302,0.484970832796186,0.44650526355266,0.930191736234327,0.930191736234328,Baseline,False
BLOOD_PROT_OL_DA,blood,prot-ol,prot-ol,OID21084,WARS1,group_timepointADUResist.pre_exercise - group_timepointADUControl.pre_exercise,Resist.pre_exercise - Control.pre_exercise,baseline,RE-CON,pre_exercise,~ 0 + group_timepoint +  BMI + calculatedAge + Sex + (1 | pid),0.0200217497191377,-0.307185167588562,0.347228667026837,0.90353408293574,0.971401969286755,0.971401969286755,Baseline,False
BLOOD_TRNSCRPT_DA,blood,transcript-rna-seq,transcript-rna-seq,ENSG00000140105.18,WARS1,group_timepointADUEndur.pre_exercise - group_timepointADUResist.pre_exercise,Endur.pre_exercise - Resist.pre_exercise,baseline,EE-RE,pre_exercise,~ 0 + group_timepoint +  Batch + BMI + calculatedAge + codedsiteid + pct_umi_dup + RIN + Sex + (1 | pid),0.0278891141992679,-0.181015797832543,0.236794026231079,0.792448622577842,0.976230739195056,0.976230739195055,Baseline,False
BLOOD_TRNSCRPT_DA,blood,transcript-rna-seq,transcript-rna-seq,ENSG00000140105.18,WARS1,group_timepointADUEndur.pre_exercise - group_timepointADUControl.pre_exercise,Endur.pre_exercise - Control.pre_exercise,baseline,EE-CON,pre_exercise,~ 0 + group_timepoint +  Batch + BMI + calculatedAge + codedsiteid + pct_umi_dup + RIN + Sex + (1 | pid),-0.0477028653144185,-0.297153250084334,0.201747519455497,0.706260143262274,0.999647764033787,0.999647764033787,Baseline,False
BLOOD_TRNSCRPT_DA,blood,transcript-rna-seq,transcript-rna-seq,ENSG00000140105.18,WARS1,group_timepointADUResist.pre_exercise - group_timepointADUControl.pre_exercise,Resist.pre_exercise - Control.pre_exercise,baseline,RE-CON,pre_exercise,~ 0 + group_timepoint +  Batch + BMI + calculatedAge + codedsiteid + pct_umi_dup + RIN + Sex + (1 | pid),-0.0755919795136863,-0.318636530759396,0.167452571732023,0.540043443797556,0.910157141796735,0.910157141796735,Baseline,False
MUSCLE_TRNSCRPT_DA,muscle,transcript-rna-seq,transcript-rna-seq,ENSG00000140105.18,WARS1,group_timepointADUEndur.pre_exercise - group_timepointADUResist.pre_exercise,Endur.pre_exercise - Resist.pre_exercise,baseline,EE-RE,pre_exercise,~ 0 + group_timepoint +  Batch + BMI + calculatedAge + codedsiteid + pct_umi_dup + RIN + Sex + (1 | pid),0.0005348391267414,-0.0891204217094348,0.0901900999629177,0.990631489694868,0.997702248863627,0.997702248863627,Baseline,False
MUSCLE_TRNSCRPT_DA,muscle,transcript-rna-seq,transcript-rna-seq,ENSG00000140105.18,WARS1,group_timepointADUEndur.pre_exercise - group_timepointADUControl.pre_exercise,Endur.pre_exercise - Control.pre_exercise,baseline,EE-CON,pre_exercise,~ 0 + group_timepoint +  Batch + BMI + calculatedAge + codedsiteid + pct_umi_dup + RIN + Sex + (1 | pid),-0.0720846126751011,-0.18021473922155,0.0360455138713483,0.190307964713886,0.999716112231279,0.999716112231279,Baseline,False
MUSCLE_TRNSCRPT_DA,muscle,transcript-rna-seq,transcript-rna-seq,ENSG00000140105.18,WARS1,group_timepointADUResist.pre_exercise - group_timepointADUControl.pre_exercise,Resist.pre_exercise - Control.pre_exercise,baseline,RE-CON,pre_exercise,~ 0 + group_timepoint +  Batch + BMI + calculatedAge + codedsiteid + pct_umi_dup + RIN + Sex + (1 | pid),-0.0726194518018426,-0.179761471891366,0.0345225682876805,0.183042696431675,0.602810576277858,0.602810576277858,Baseline,False
ADIPOSE_TRNSCRPT_DA,adipose,transcript-rna-seq,transcript-rna-seq,ENSG00000140105.18,WARS1,group_timepointADUEndur.pre_exercise - group_timepointADUResist.pre_exercise,Endur.pre_exercise - Resist.pre_exercise,baseline,EE-RE,pre_exercise,~ 0 + group_timepoint +  Batch + BMI + calculatedAge + codedsiteid + pct_umi_dup + RIN + Sex + (1 | pid),-0.0298566644151919,-0.167478765367413,0.107765436537029,0.669093406073871,0.96072089784135,0.960720897841351,Baseline,False
ADIPOSE_TRNSCRPT_DA,adipose,transcript-rna-seq,transcript-rna-seq,ENSG00000140105.18,WARS1,group_timepointADUEndur.pre_exercise - group_timepointADUControl.pre_exercise,Endur.pre_exercise - Control.pre_exercise,baseline,EE-CON,pre_exercise,~ 0 + group_timepoint +  Batch + BMI + calculatedAge + codedsiteid + pct_umi_dup + RIN + Sex + (1 | pid),-0.054595727463493,-0.219967492397746,0.110776037470761,0.515605403295243,0.940063963829599,0.940063963829599,Baseline,False
ADIPOSE_TRNSCRPT_DA,adipose,transcript-rna-seq,transcript-rna-seq,ENSG00000140105.18,WARS1,group_timepointADUResist.pre_exercise - group_timepointADUControl.pre_exercise,Resist.pre_exercise - Control.pre_exercise,baseline,RE-CON,pre_exercise,~ 0 + group_timepoint +  Batch + BMI + calculatedAge + codedsiteid + pct_umi_dup + RIN + Sex + (1 | pid),-0.0247390630483011,-0.187452714257536,0.137974588160934,0.764510942989267,0.942652765386126,0.942652765386126,Baseline,False
MUSCLE_PROT_PR_DA,muscle,prot-pr,prot-pr,P23381,WARS1,group_timepointADUEndur.pre_exercise - group_timepointADUResist.pre_exercise,Endur.pre_exercise - Resist.pre_exercise,baseline,EE-RE,pre_exercise,~ 0 + group_timepoint +  BMI + calculatedAge + Sex + (1 | pid),0.0590774990886427,0.0036936116576852,0.1144613865196,0.0366720664265463,0.276756020140072,0.276756020140072,Baseline,False
MUSCLE_PROT_PR_DA,muscle,prot-pr,prot-pr,P23381,WARS1,group_timepointADUEndur.pre_exercise - group_timepointADUControl.pre_exercise,Endur.pre_exercise - Control.pre_exercise,baseline,EE-CON,pre_exercise,~ 0 + group_timepoint +  BMI + calculatedAge + Sex + (1 | pid),-0.0112144503927143,-0.0778983092007244,0.0554694084152957,0.740593719535637,0.940747996546949,0.940747996546949,Baseline,False
MUSCLE_PROT_PR_DA,muscle,prot-pr,prot-pr,P23381,WARS1,group_timepointADUResist.pre_exercise - group_timepointADUControl.pre_exercise,Resist.pre_exercise - Control.pre_exercise,baseline,RE-CON,pre_exercise,~ 0 + group_timepoint +  BMI + calculatedAge + Sex + (1 | pid),-0.070291949481357,-0.136028762552459,-0.0045551364102548,0.0362214700347792,0.255359308043148,0.255359308043148,Baseline,False
ADIPOSE_PROT_PR_DA,adipose,prot-pr,prot-pr,P23381,WARS1,group_timepointADUEndur.pre_exercise - group_timepointADUResist.pre_exercise,Endur.pre_exercise - Resist.pre_exercise,baseline,EE-RE,pre_exercise,~ 0 + group_timepoint +  BMI + calculatedAge + Sex + (1 | pid),0.441885035474337,0.276876298841459,0.606893772107215,7.70047102699284e-06,0.0018051732002213,0.0018051732002213,Baseline,True
ADIPOSE_PROT_PR_DA,adipose,prot-pr,prot-pr,P23381,WARS1,group_timepointADUEndur.pre_exercise - group_timepointADUControl.pre_exercise,Endur.pre_exercise - Control.pre_exercise,baseline,EE-CON,pre_exercise,~ 0 + group_timepoint +  BMI + calculatedAge + Sex + (1 | pid),0.341089665784146,0.170085842030081,0.51209348953821,0.0003311070137869,0.0114335610084143,0.0114335610084143,Baseline,True
ADIPOSE_PROT_PR_DA,adipose,prot-pr,prot-pr,P23381,WARS1,group_timepointADUResist.pre_exercise - group_timepointADUControl.pre_exercise,Resist.pre_exercise - Control.pre_exercise,baseline,RE-CON,pre_exercise,~ 0 + group_timepoint +  BMI + calculatedAge + Sex + (1 | pid),-0.100795369690192,-0.27488956687625,0.0732988274958662,0.245561710849186,0.650650931938362,0.650650931938361,Baseline,False
MUSCLE_PROT_PH_DA,muscle,prot-ph,prot-ph,P23381_S353s,WARS1,group_timepointADUEndur.pre_exercise - group_timepointADUResist.pre_exercise,Endur.pre_exercise - Resist.pre_exercise,baseline,EE-RE,pre_exercise,~ 0 + group_timepoint +  BMI + calculatedAge + Sex + (1 | pid),0.0213804888011493,-0.13699004330883,0.179751020911129,0.789675504839598,0.923841404906171,0.923841404906171,Baseline,False
MUSCLE_PROT_PH_DA,muscle,prot-ph,prot-ph,P23381_S353s,WARS1,group_timepointADUEndur.pre_exercise - group_timepointADUControl.pre_exercise,Endur.pre_exercise - Control.pre_exercise,baseline,EE-CON,pre_exercise,~ 0 + group_timepoint +  BMI + calculatedAge + Sex + (1 | pid),0.162528576434136,-0.0130790083769734,0.338136161245244,0.0693563679122744,0.454797497024748,0.454797497024748,Baseline,False
MUSCLE_PROT_PH_DA,muscle,prot-ph,prot-ph,P23381_S353s,WARS1,group_timepointADUResist.pre_exercise - group_timepointADUControl.pre_exercise,Resist.pre_exercise - Control.pre_exercise,baseline,RE-CON,pre_exercise,~ 0 + group_timepoint +  BMI + calculatedAge + Sex + (1 | pid),0.141148087632986,-0.0325007996561965,0.314796974922169,0.110151250488531,0.381174950252178,0.381174950252177,Baseline,False
MUSCLE_PROT_PH_DA,muscle,prot-ph,prot-ph,P23381_S4s,WARS1,group_timepointADUEndur.pre_exercise - group_timepointADUResist.pre_exercise,Endur.pre_exercise - Resist.pre_exercise,baseline,EE-RE,pre_exercise,~ 0 + group_timepoint +  BMI + calculatedAge + Sex + (1 | pid),0.222908216113382,0.0618432213333208,0.383973210893443,0.0069522115577818,0.102899583006608,0.102899583006608,Baseline,False
MUSCLE_PROT_PH_DA,muscle,prot-ph,prot-ph,P23381_S4s,WARS1,group_timepointADUResist.pre_exercise - group_timepointADUControl.pre_exercise,Resist.pre_exercise - Control.pre_exercise,baseline,RE-CON,pre_exercise,~ 0 + group_timepoint +  BMI + calculatedAge + Sex + (1 | pid),-0.218162531915725,-0.414074807872456,-0.0222502559589939,0.0292787301295543,0.201675712579911,0.201675712579911,Baseline,False
MUSCLE_PROT_PH_DA,muscle,prot-ph,prot-ph,P23381_S4s,WARS1,group_timepointADUEndur.pre_exercise - group_timepointADUControl.pre_exercise,Endur.pre_exercise - Control.pre_exercise,baseline,EE-CON,pre_exercise,~ 0 + group_timepoint +  BMI + calculatedAge + Sex + (1 | pid),0.0047456841976568,-0.185115317072384,0.194606685467698,0.960711618483643,0.992556798487013,0.992556798487013,Baseline,False
