"source_object","tissue","assay","platform","feature_id","gene_symbol","contrast","contrast_short","contrast_type","contrast_category","Timepoint","full_model","logFC","CI.L_calculated","CI.R_calculated","p_value","adj_p_value","t","z.std"
"BLOOD_PROT_OL_DA","blood","prot-ol","prot-ol","OID20976","CX3CL1","group_timepointADUEndur.post_3.5_4_hr - group_timepointADUEndur.pre_exercise - group_timepointADUResist.post_3.5_4_hr + group_timepointADUResist.pre_exercise","Endur.post_3.5_4_hr - Resist.post_3.5_4_hr (delta-delta)","Endur_vs_Resist","EE-RE","post_3.5_4_hr","~ 0 + group_timepoint +  BMI + calculatedAge + Sex + (1 | pid)",0.149477635416154,-0.130476551595604,0.429431822427912,0.293278728532048,0.988378319957115,1.054387069303,1.05095615275829
"BLOOD_PROT_OL_DA","blood","prot-ol","prot-ol","OID20976","CX3CL1","group_timepointADUEndur.post_15_30_45_min - group_timepointADUEndur.pre_exercise - group_timepointADUControl.post_15_30_45_min + group_timepointADUControl.pre_exercise","Endur.post_15_30_45_min - Control.post_15_30_45_min (delta-delta)","exercise_with_controls","EE-CON","post_15_30_45_min","~ 0 + group_timepoint +  BMI + calculatedAge + Sex + (1 | pid)",0.228112838021904,0.000866961926370674,0.455358714117436,0.0491427086991057,0.486348189620916,1.98246820009682,1.96735143851061
"BLOOD_PROT_OL_DA","blood","prot-ol","prot-ol","OID20976","CX3CL1","group_timepointADUEndur.post_24_hr - group_timepointADUEndur.pre_exercise","Endur.post_24_hr - Endur.pre_exercise","exercise_no_controls","EE-EE","post_24_hr","~ 0 + group_timepoint +  BMI + calculatedAge + Sex + (1 | pid)",0.300503084079028,0.107283692922671,0.493722475235385,0.00250158922485094,0.232135135068657,3.07118237949547,3.02314914221702
"BLOOD_PROT_OL_DA","blood","prot-ol","prot-ol","OID20976","CX3CL1","group_timepointADUControl.post_24_hr - group_timepointADUControl.pre_exercise","Control.post_24_hr - Control.pre_exercise","control_only","CON-CON","post_24_hr","~ 0 + group_timepoint +  BMI + calculatedAge + Sex + (1 | pid)",0.150779595016067,-0.0418143744660051,0.343373564498139,0.124051747397985,0.494037583495975,1.54609567970738,1.53798718813604
"BLOOD_PROT_OL_DA","blood","prot-ol","prot-ol","OID20976","CX3CL1","group_timepointADUResist.post_24_hr - group_timepointADUResist.pre_exercise","Resist.post_24_hr - Resist.pre_exercise","exercise_no_controls","RE-RE","post_24_hr","~ 0 + group_timepoint +  BMI + calculatedAge + Sex + (1 | pid)",0.0866787040746086,-0.100556119767367,0.273913527916584,0.36200220973186,0.889007159774775,0.914116438415045,0.911556539065803
"BLOOD_PROT_OL_DA","blood","prot-ol","prot-ol","OID20976","CX3CL1","group_timepointADUEndur.during_20_min - group_timepointADUEndur.pre_exercise - group_timepointADUControl.during_20_min + group_timepointADUControl.pre_exercise","Endur.during_20_min - Control.during_20_min (delta-delta)","exercise_with_controls","EE-CON","during_20_min","~ 0 + group_timepoint +  BMI + calculatedAge + Sex + (1 | pid)",0.56809068997232,0.345205016860948,0.790976363083693,1.28585302244832e-06,0.000364410746561854,5.03373469468105,4.84192808790252
"BLOOD_PROT_OL_DA","blood","prot-ol","prot-ol","OID20976","CX3CL1","group_timepointADUResist.post_10_min - group_timepointADUResist.pre_exercise","Resist.post_10_min - Resist.pre_exercise","exercise_no_controls","RE-RE","post_10_min","~ 0 + group_timepoint +  BMI + calculatedAge + Sex + (1 | pid)",0.210856651890685,0.0735787151109451,0.348134588670425,0.00282217673353778,0.02419550533336,3.03340882493045,2.98647092498685
"BLOOD_PROT_OL_DA","blood","prot-ol","prot-ol","OID20976","CX3CL1","group_timepointADUResist.post_15_30_45_min - group_timepointADUResist.pre_exercise - group_timepointADUControl.post_15_30_45_min + group_timepointADUControl.pre_exercise","Resist.post_15_30_45_min - Control.post_15_30_45_min (delta-delta)","exercise_with_controls","RE-CON","post_15_30_45_min","~ 0 + group_timepoint +  BMI + calculatedAge + Sex + (1 | pid)",0.115630555555556,-0.0932423416707802,0.324503452781892,0.275901861563517,0.595238737377178,1.09332175147362,1.08957168490527
"BLOOD_PROT_OL_DA","blood","prot-ol","prot-ol","OID20976","CX3CL1","group_timepointADUEndur.post_10_min - group_timepointADUEndur.pre_exercise - group_timepointADUControl.post_10_min + group_timepointADUControl.pre_exercise","Endur.post_10_min - Control.post_10_min (delta-delta)","exercise_with_controls","EE-CON","post_10_min","~ 0 + group_timepoint +  BMI + calculatedAge + Sex + (1 | pid)",0.301787118543749,0.0789014454323654,0.524672791655132,0.00827368283511482,0.260529079496838,2.67407355169913,2.64069228296428
"BLOOD_PROT_OL_DA","blood","prot-ol","prot-ol","OID20976","CX3CL1","group_timepointADUResist.post_24_hr - group_timepointADUResist.pre_exercise - group_timepointADUControl.post_24_hr + group_timepointADUControl.pre_exercise","Resist.post_24_hr - Control.post_24_hr (delta-delta)","exercise_with_controls","RE-CON","post_24_hr","~ 0 + group_timepoint +  BMI + calculatedAge + Sex + (1 | pid)",-0.0641008909414583,-0.332746237802072,0.204544455919155,0.638141945501281,0.791810102255092,-0.471186850018814,-0.470298252932243
"BLOOD_PROT_OL_DA","blood","prot-ol","prot-ol","OID20976","CX3CL1","group_timepointADUControl.post_3.5_4_hr - group_timepointADUControl.pre_exercise","Control.post_3.5_4_hr - Control.pre_exercise","control_only","CON-CON","post_3.5_4_hr","~ 0 + group_timepoint +  BMI + calculatedAge + Sex + (1 | pid)",0.059403070694587,-0.133165769091668,0.251971910480842,0.543255241027607,0.844348043617372,0.609196817429849,0.607897826781174
"BLOOD_PROT_OL_DA","blood","prot-ol","prot-ol","OID20976","CX3CL1","group_timepointADUControl.during_20_min - group_timepointADUControl.pre_exercise","Control.during_20_min - Control.pre_exercise","control_only","CON-CON","during_20_min","~ 0 + group_timepoint +  BMI + calculatedAge + Sex + (1 | pid)",0.0110999999999998,-0.15069225048629,0.172892250486289,0.892391582227446,0.991711356151643,0.135494831673932,0.135278627867452
"BLOOD_PROT_OL_DA","blood","prot-ol","prot-ol","OID20976","CX3CL1","group_timepointADUEndur.post_15_30_45_min - group_timepointADUEndur.pre_exercise - group_timepointADUResist.post_15_30_45_min + group_timepointADUResist.pre_exercise","Endur.post_15_30_45_min - Resist.post_15_30_45_min (delta-delta)","Endur_vs_Resist","EE-RE","post_15_30_45_min","~ 0 + group_timepoint +  BMI + calculatedAge + Sex + (1 | pid)",0.112482282466348,-0.0946773449209451,0.319641909853641,0.285187253595827,0.9962271718238,1.07233506339452,1.06873908701083
"BLOOD_PROT_OL_DA","blood","prot-ol","prot-ol","OID20976","CX3CL1","group_timepointADUEndur.pre_exercise - group_timepointADUControl.pre_exercise","Endur.pre_exercise - Control.pre_exercise","baseline","EE-CON","pre_exercise","~ 0 + group_timepoint +  BMI + calculatedAge + Sex + (1 | pid)",-0.131026971084154,-0.43546051167099,0.173406569502682,0.392988025897298,0.906944678658748,-0.860132531870135,-0.854211114643424
"BLOOD_PROT_OL_DA","blood","prot-ol","prot-ol","OID20976","CX3CL1","group_timepointADUResist.post_10_min - group_timepointADUResist.pre_exercise - group_timepointADUControl.post_10_min + group_timepointADUControl.pre_exercise","Resist.post_10_min - Control.post_10_min (delta-delta)","exercise_with_controls","RE-CON","post_10_min","~ 0 + group_timepoint +  BMI + calculatedAge + Sex + (1 | pid)",0.156881651890685,-0.055302138499477,0.369065442280847,0.146200131411415,0.548752985009452,1.46019858891364,1.45308508589441
"BLOOD_PROT_OL_DA","blood","prot-ol","prot-ol","OID20976","CX3CL1","group_timepointADUEndur.post_15_30_45_min - group_timepointADUEndur.pre_exercise","Endur.post_15_30_45_min - Endur.pre_exercise","exercise_no_controls","EE-EE","post_15_30_45_min","~ 0 + group_timepoint +  BMI + calculatedAge + Sex + (1 | pid)",0.206154504688571,0.0465802016499355,0.365728807727206,0.0116672899777352,0.280212710143234,2.55139272139025,2.52205067308037
"BLOOD_PROT_OL_DA","blood","prot-ol","prot-ol","OID20976","CX3CL1","group_timepointADUResist.pre_exercise - group_timepointADUControl.pre_exercise","Resist.pre_exercise - Control.pre_exercise","baseline","RE-CON","pre_exercise","~ 0 + group_timepoint +  BMI + calculatedAge + Sex + (1 | pid)",-0.168298134677827,-0.454022433719255,0.117426164363601,0.243480948571758,0.654973846651102,-1.17763148238061,-1.1663302467798
"BLOOD_PROT_OL_DA","blood","prot-ol","prot-ol","OID20976","CX3CL1","group_timepointADUEndur.during_40_min - group_timepointADUEndur.pre_exercise","Endur.during_40_min - Endur.pre_exercise","exercise_no_controls","EE-EE","during_40_min","~ 0 + group_timepoint +  BMI + calculatedAge + Sex + (1 | pid)",0.51665260444113,0.355736837240424,0.677568371641836,2.22363480136422e-09,1.75049472974061e-07,6.3406864294502,5.98056609149882
"BLOOD_PROT_OL_DA","blood","prot-ol","prot-ol","OID20976","CX3CL1","group_timepointADUResist.post_3.5_4_hr - group_timepointADUResist.pre_exercise","Resist.post_3.5_4_hr - Resist.pre_exercise","exercise_no_controls","RE-RE","post_3.5_4_hr","~ 0 + group_timepoint +  BMI + calculatedAge + Sex + (1 | pid)",0.144010113661337,-0.0331873396296338,0.321207566952308,0.110472979758638,0.589294561531176,1.60481867556974,1.59607083300105
"BLOOD_PROT_OL_DA","blood","prot-ol","prot-ol","OID20976","CX3CL1","group_timepointADUResist.post_15_30_45_min - group_timepointADUResist.pre_exercise","Resist.post_15_30_45_min - Resist.pre_exercise","exercise_no_controls","RE-RE","post_15_30_45_min","~ 0 + group_timepoint +  BMI + calculatedAge + Sex + (1 | pid)",0.0936722222222229,-0.038430597120485,0.225775041564931,0.163332885869617,0.522444016427194,1.40041322615087,1.39394939759974
"BLOOD_PROT_OL_DA","blood","prot-ol","prot-ol","OID20976","CX3CL1","group_timepointADUEndur.post_10_min - group_timepointADUEndur.pre_exercise - group_timepointADUResist.post_10_min + group_timepointADUResist.pre_exercise","Endur.post_10_min - Resist.post_10_min (delta-delta)","Endur_vs_Resist","EE-RE","post_10_min","~ 0 + group_timepoint +  BMI + calculatedAge + Sex + (1 | pid)",0.144905466653064,-0.0608667837020738,0.350677717008202,0.16623699997129,0.472225868893699,1.39073973080031,1.38439676169491
"BLOOD_PROT_OL_DA","blood","prot-ol","prot-ol","OID20976","CX3CL1","group_timepointADUEndur.during_40_min - group_timepointADUEndur.pre_exercise - group_timepointADUControl.during_40_min + group_timepointADUControl.pre_exercise","Endur.during_40_min - Control.during_40_min (delta-delta)","exercise_with_controls","EE-CON","during_40_min","~ 0 + group_timepoint +  BMI + calculatedAge + Sex + (1 | pid)",0.560544271107797,0.332354424806367,0.788734117409227,2.88885102950083e-06,0.00022741677271126,4.85132618861542,4.67856818738367
"BLOOD_PROT_OL_DA","blood","prot-ol","prot-ol","OID20976","CX3CL1","group_timepointADUControl.during_40_min - group_timepointADUControl.pre_exercise","Control.during_40_min - Control.pre_exercise","control_only","CON-CON","during_40_min","~ 0 + group_timepoint +  BMI + calculatedAge + Sex + (1 | pid)",-0.0438916666666669,-0.205683917153055,0.117900583819721,0.592861284095306,0.870062958139029,-0.535774233053014,-0.534694270423605
"BLOOD_PROT_OL_DA","blood","prot-ol","prot-ol","OID20976","CX3CL1","group_timepointADUEndur.pre_exercise - group_timepointADUResist.pre_exercise","Endur.pre_exercise - Resist.pre_exercise","baseline","EE-RE","pre_exercise","~ 0 + group_timepoint +  BMI + calculatedAge + Sex + (1 | pid)",0.0372711635936733,-0.222653593882413,0.29719592106976,0.77559676346332,0.941193698674056,0.286215585546135,0.285061841854733
"BLOOD_PROT_OL_DA","blood","prot-ol","prot-ol","OID20976","CX3CL1","group_timepointADUControl.post_10_min - group_timepointADUControl.pre_exercise","Control.post_10_min - Control.pre_exercise","control_only","CON-CON","post_10_min","~ 0 + group_timepoint +  BMI + calculatedAge + Sex + (1 | pid)",0.053975,-0.107817250486349,0.215767250486349,0.510936880002903,0.894965205003577,0.658858877441495,0.65737957727717
"BLOOD_PROT_OL_DA","blood","prot-ol","prot-ol","OID20976","CX3CL1","group_timepointADUControl.post_15_30_45_min - group_timepointADUControl.pre_exercise","Control.post_15_30_45_min - Control.pre_exercise","control_only","CON-CON","post_15_30_45_min","~ 0 + group_timepoint +  BMI + calculatedAge + Sex + (1 | pid)",-0.0219583333333329,-0.183750583819662,0.139833917152996,0.789015258587595,0.943864259799266,-0.268039700796403,-0.267589572112504
"BLOOD_PROT_OL_DA","blood","prot-ol","prot-ol","OID20976","CX3CL1","group_timepointADUEndur.post_3.5_4_hr - group_timepointADUEndur.pre_exercise","Endur.post_3.5_4_hr - Endur.pre_exercise","exercise_no_controls","EE-EE","post_3.5_4_hr","~ 0 + group_timepoint +  BMI + calculatedAge + Sex + (1 | pid)",0.293487749077491,0.0767844701440394,0.510191028010943,0.00825526845151195,0.208887774924865,2.67452886654692,2.64144715475219
"BLOOD_PROT_OL_DA","blood","prot-ol","prot-ol","OID20976","CX3CL1","group_timepointADUEndur.post_10_min - group_timepointADUEndur.pre_exercise","Endur.post_10_min - Endur.pre_exercise","exercise_no_controls","EE-EE","post_10_min","~ 0 + group_timepoint +  BMI + calculatedAge + Sex + (1 | pid)",0.355762118543749,0.202460808522747,0.50906342856475,9.18812762797429e-06,0.000448950925822054,4.5831669738214,4.43544737391711
"BLOOD_PROT_OL_DA","blood","prot-ol","prot-ol","OID20976","CX3CL1","group_timepointADUEndur.post_3.5_4_hr - group_timepointADUEndur.pre_exercise - group_timepointADUControl.post_3.5_4_hr + group_timepointADUControl.pre_exercise","Endur.post_3.5_4_hr - Control.post_3.5_4_hr (delta-delta)","exercise_with_controls","EE-CON","post_3.5_4_hr","~ 0 + group_timepoint +  BMI + calculatedAge + Sex + (1 | pid)",0.234084678382904,-0.0557834043322433,0.523952761098052,0.112724944829928,0.840104135438625,1.59477396494394,1.58606332722886
"BLOOD_PROT_OL_DA","blood","prot-ol","prot-ol","OID20976","CX3CL1","group_timepointADUEndur.during_20_min - group_timepointADUEndur.pre_exercise","Endur.during_20_min - Endur.pre_exercise","exercise_no_controls","EE-EE","during_20_min","~ 0 + group_timepoint +  BMI + calculatedAge + Sex + (1 | pid)",0.57919068997232,0.425889379951272,0.732491999993368,5.18107693870395e-12,1.83539650553588e-09,7.46152415746741,6.9005248155596
"BLOOD_PROT_OL_DA","blood","prot-ol","prot-ol","OID20976","CX3CL1","group_timepointADUEndur.post_24_hr - group_timepointADUEndur.pre_exercise - group_timepointADUResist.post_24_hr + group_timepointADUResist.pre_exercise","Endur.post_24_hr - Resist.post_24_hr (delta-delta)","Endur_vs_Resist","EE-RE","post_24_hr","~ 0 + group_timepoint +  BMI + calculatedAge + Sex + (1 | pid)",0.213824380004419,-0.055329842016727,0.482978602025566,0.118653668147892,0.602624543962593,1.56874439050492,1.56044961378963
"BLOOD_PROT_OL_DA","blood","prot-ol","prot-ol","OID20976","CX3CL1","group_timepointADUResist.post_3.5_4_hr - group_timepointADUResist.pre_exercise - group_timepointADUControl.post_3.5_4_hr + group_timepointADUControl.pre_exercise","Resist.post_3.5_4_hr - Control.post_3.5_4_hr (delta-delta)","exercise_with_controls","RE-CON","post_3.5_4_hr","~ 0 + group_timepoint +  BMI + calculatedAge + Sex + (1 | pid)",0.08460704296675,-0.17707452124258,0.346288607176081,0.524065482964744,0.962028136058094,0.638479875704165,0.637091134473522
"BLOOD_PROT_OL_DA","blood","prot-ol","prot-ol","OID20976","CX3CL1","group_timepointADUEndur.post_24_hr - group_timepointADUEndur.pre_exercise - group_timepointADUControl.post_24_hr + group_timepointADUControl.pre_exercise","Endur.post_24_hr - Control.post_24_hr (delta-delta)","exercise_with_controls","EE-CON","post_24_hr","~ 0 + group_timepoint +  BMI + calculatedAge + Sex + (1 | pid)",0.149723489062961,-0.1230939787245,0.422540956850422,0.280082705158534,0.986437074865836,1.08377688733427,1.08013356922167
"MUSCLE_TRNSCRPT_DA","muscle","transcript-rna-seq","transcript-rna-seq","ENSG00000006210.7","CX3CL1","group_timepointADUEndur.post_3.5_4_hr - group_timepointADUEndur.pre_exercise","Endur.post_3.5_4_hr - Endur.pre_exercise","exercise_no_controls","EE-EE","post_3.5_4_hr","~ 0 + group_timepoint +  Batch + BMI + calculatedAge + codedsiteid + pct_umi_dup + RIN + Sex + (1 | pid)",-0.0159851975856071,-0.23827897185238,0.206308576681166,0.887531699860698,0.930634876687008,-0.141558021487997,-0.141428172054059
"MUSCLE_TRNSCRPT_DA","muscle","transcript-rna-seq","transcript-rna-seq","ENSG00000006210.7","CX3CL1","group_timepointADUResist.post_3.5_4_hr - group_timepointADUResist.pre_exercise","Resist.post_3.5_4_hr - Resist.pre_exercise","exercise_no_controls","RE-RE","post_3.5_4_hr","~ 0 + group_timepoint +  Batch + BMI + calculatedAge + codedsiteid + pct_umi_dup + RIN + Sex + (1 | pid)",-0.269836053816453,-0.477293025817477,-0.0623790818154283,0.0109876460003329,0.0219023240545154,-2.56074223877052,-2.54309147349085
"MUSCLE_TRNSCRPT_DA","muscle","transcript-rna-seq","transcript-rna-seq","ENSG00000006210.7","CX3CL1","group_timepointADUEndur.post_24_hr - group_timepointADUEndur.pre_exercise","Endur.post_24_hr - Endur.pre_exercise","exercise_no_controls","EE-EE","post_24_hr","~ 0 + group_timepoint +  Batch + BMI + calculatedAge + codedsiteid + pct_umi_dup + RIN + Sex + (1 | pid)",-0.00899747011535901,-0.214194633128437,0.196199692897718,0.931274230937304,0.964867733960007,-0.0863209264564156,-0.0862417646954087
"MUSCLE_TRNSCRPT_DA","muscle","transcript-rna-seq","transcript-rna-seq","ENSG00000006210.7","CX3CL1","group_timepointADUEndur.post_24_hr - group_timepointADUEndur.pre_exercise - group_timepointADUResist.post_24_hr + group_timepointADUResist.pre_exercise","Endur.post_24_hr - Resist.post_24_hr (delta-delta)","Endur_vs_Resist","EE-RE","post_24_hr","~ 0 + group_timepoint +  Batch + BMI + calculatedAge + codedsiteid + pct_umi_dup + RIN + Sex + (1 | pid)",0.299362484737596,0.0146530395874099,0.584071929887782,0.0393923386736167,0.139312137796836,2.07012853747519,2.06006488090782
"MUSCLE_TRNSCRPT_DA","muscle","transcript-rna-seq","transcript-rna-seq","ENSG00000006210.7","CX3CL1","group_timepointADUEndur.post_15_30_45_min - group_timepointADUEndur.pre_exercise","Endur.post_15_30_45_min - Endur.pre_exercise","exercise_no_controls","EE-EE","post_15_30_45_min","~ 0 + group_timepoint +  Batch + BMI + calculatedAge + codedsiteid + pct_umi_dup + RIN + Sex + (1 | pid)",2.93419871761037,2.75337021600435,3.11502721921639,5.41135944079278e-100,4.4668066504024e-96,31.9279118729199,21.2267166459114
"MUSCLE_TRNSCRPT_DA","muscle","transcript-rna-seq","transcript-rna-seq","ENSG00000006210.7","CX3CL1","group_timepointADUEndur.pre_exercise - group_timepointADUControl.pre_exercise","Endur.pre_exercise - Control.pre_exercise","baseline","EE-CON","pre_exercise","~ 0 + group_timepoint +  Batch + BMI + calculatedAge + codedsiteid + pct_umi_dup + RIN + Sex + (1 | pid)",-0.140881837501006,-0.365112869278284,0.0833491942762722,0.217329326949702,0.999716112231279,-1.23609400752098,-1.23366079956557
"MUSCLE_TRNSCRPT_DA","muscle","transcript-rna-seq","transcript-rna-seq","ENSG00000006210.7","CX3CL1","group_timepointADUEndur.post_15_30_45_min - group_timepointADUEndur.pre_exercise - group_timepointADUResist.post_15_30_45_min + group_timepointADUResist.pre_exercise","Endur.post_15_30_45_min - Resist.post_15_30_45_min (delta-delta)","Endur_vs_Resist","EE-RE","post_15_30_45_min","~ 0 + group_timepoint +  Batch + BMI + calculatedAge + codedsiteid + pct_umi_dup + RIN + Sex + (1 | pid)",1.04065738403174,0.795613286980713,1.28570148108277,2.30069037217833e-15,4.22023303936578e-12,8.35672929078917,7.9239570947216
"MUSCLE_TRNSCRPT_DA","muscle","transcript-rna-seq","transcript-rna-seq","ENSG00000006210.7","CX3CL1","group_timepointADUEndur.post_3.5_4_hr - group_timepointADUEndur.pre_exercise - group_timepointADUControl.post_3.5_4_hr + group_timepointADUControl.pre_exercise","Endur.post_3.5_4_hr - Control.post_3.5_4_hr (delta-delta)","exercise_with_controls","EE-CON","post_3.5_4_hr","~ 0 + group_timepoint +  Batch + BMI + calculatedAge + codedsiteid + pct_umi_dup + RIN + Sex + (1 | pid)",0.536484088624811,0.159574205283088,0.913393971966534,0.00543861384568715,0.0416447476708948,2.8021440407346,2.77983730672207
"MUSCLE_TRNSCRPT_DA","muscle","transcript-rna-seq","transcript-rna-seq","ENSG00000006210.7","CX3CL1","group_timepointADUEndur.pre_exercise - group_timepointADUResist.pre_exercise","Endur.pre_exercise - Resist.pre_exercise","baseline","EE-RE","pre_exercise","~ 0 + group_timepoint +  Batch + BMI + calculatedAge + codedsiteid + pct_umi_dup + RIN + Sex + (1 | pid)",-0.113929159615791,-0.300944817297153,0.0730864980655714,0.231605227265605,0.728715589275371,-1.19848568918539,-1.19623407426063
"MUSCLE_TRNSCRPT_DA","muscle","transcript-rna-seq","transcript-rna-seq","ENSG00000006210.7","CX3CL1","group_timepointADUResist.post_15_30_45_min - group_timepointADUResist.pre_exercise - group_timepointADUControl.post_15_30_45_min + group_timepointADUControl.pre_exercise","Resist.post_15_30_45_min - Control.post_15_30_45_min (delta-delta)","exercise_with_controls","RE-CON","post_15_30_45_min","~ 0 + group_timepoint +  Batch + BMI + calculatedAge + codedsiteid + pct_umi_dup + RIN + Sex + (1 | pid)",2.58539303862504,2.24158143033715,2.92920464691294,7.53441974115981e-37,1.55482169383509e-33,14.8038182147977,12.6810207845617
"MUSCLE_TRNSCRPT_DA","muscle","transcript-rna-seq","transcript-rna-seq","ENSG00000006210.7","CX3CL1","group_timepointADUResist.post_24_hr - group_timepointADUResist.pre_exercise","Resist.post_24_hr - Resist.pre_exercise","exercise_no_controls","RE-RE","post_24_hr","~ 0 + group_timepoint +  Batch + BMI + calculatedAge + codedsiteid + pct_umi_dup + RIN + Sex + (1 | pid)",-0.308359954852955,-0.506991125012335,-0.109728784693575,0.00246747762931766,0.00678926469706753,-3.05671819508691,-3.02730143898072
"MUSCLE_TRNSCRPT_DA","muscle","transcript-rna-seq","transcript-rna-seq","ENSG00000006210.7","CX3CL1","group_timepointADUControl.post_3.5_4_hr - group_timepointADUControl.pre_exercise","Control.post_3.5_4_hr - Control.pre_exercise","control_only","CON-CON","post_3.5_4_hr","~ 0 + group_timepoint +  Batch + BMI + calculatedAge + codedsiteid + pct_umi_dup + RIN + Sex + (1 | pid)",-0.552469286210418,-0.856966894390412,-0.247971678030424,0.000419200863945451,0.0065973184584132,-3.5720961801776,-3.52769121442969
"MUSCLE_TRNSCRPT_DA","muscle","transcript-rna-seq","transcript-rna-seq","ENSG00000006210.7","CX3CL1","group_timepointADUEndur.post_24_hr - group_timepointADUEndur.pre_exercise - group_timepointADUControl.post_24_hr + group_timepointADUControl.pre_exercise","Endur.post_24_hr - Control.post_24_hr (delta-delta)","exercise_with_controls","EE-CON","post_24_hr","~ 0 + group_timepoint +  Batch + BMI + calculatedAge + codedsiteid + pct_umi_dup + RIN + Sex + (1 | pid)",0.127376763356873,-0.208772736035723,0.463526262749469,0.456328571859426,0.759577317074328,0.745955703294601,0.744905960040592
"MUSCLE_TRNSCRPT_DA","muscle","transcript-rna-seq","transcript-rna-seq","ENSG00000006210.7","CX3CL1","group_timepointADUResist.post_3.5_4_hr - group_timepointADUResist.pre_exercise - group_timepointADUControl.post_3.5_4_hr + group_timepointADUControl.pre_exercise","Resist.post_3.5_4_hr - Control.post_3.5_4_hr (delta-delta)","exercise_with_controls","RE-CON","post_3.5_4_hr","~ 0 + group_timepoint +  Batch + BMI + calculatedAge + codedsiteid + pct_umi_dup + RIN + Sex + (1 | pid)",0.282633232393965,-0.0853989568127586,0.650665421600689,0.131717809617627,0.251287983210983,1.51193551165871,1.50736232737433
"MUSCLE_TRNSCRPT_DA","muscle","transcript-rna-seq","transcript-rna-seq","ENSG00000006210.7","CX3CL1","group_timepointADUControl.post_24_hr - group_timepointADUControl.pre_exercise","Control.post_24_hr - Control.pre_exercise","control_only","CON-CON","post_24_hr","~ 0 + group_timepoint +  Batch + BMI + calculatedAge + codedsiteid + pct_umi_dup + RIN + Sex + (1 | pid)",-0.136374233472232,-0.403674841541098,0.130926374596634,0.316090195139085,0.605164447587981,-1.00434161763232,-1.002524799631
"MUSCLE_TRNSCRPT_DA","muscle","transcript-rna-seq","transcript-rna-seq","ENSG00000006210.7","CX3CL1","group_timepointADUResist.post_15_30_45_min - group_timepointADUResist.pre_exercise","Resist.post_15_30_45_min - Resist.pre_exercise","exercise_no_controls","RE-RE","post_15_30_45_min","~ 0 + group_timepoint +  Batch + BMI + calculatedAge + codedsiteid + pct_umi_dup + RIN + Sex + (1 | pid)",1.89354133357863,1.72742082554838,2.05966184160888,6.59385135792483e-66,6.40340541576359e-63,22.4321602127124,17.1472142839576
"MUSCLE_TRNSCRPT_DA","muscle","transcript-rna-seq","transcript-rna-seq","ENSG00000006210.7","CX3CL1","group_timepointADUResist.pre_exercise - group_timepointADUControl.pre_exercise","Resist.pre_exercise - Control.pre_exercise","baseline","RE-CON","pre_exercise","~ 0 + group_timepoint +  Batch + BMI + calculatedAge + codedsiteid + pct_umi_dup + RIN + Sex + (1 | pid)",-0.0269526778852147,-0.247444371532561,0.193539015762131,0.810093861044188,0.955333140644199,-0.240506421315424,-0.240304945925056
"MUSCLE_TRNSCRPT_DA","muscle","transcript-rna-seq","transcript-rna-seq","ENSG00000006210.7","CX3CL1","group_timepointADUEndur.post_3.5_4_hr - group_timepointADUEndur.pre_exercise - group_timepointADUResist.post_3.5_4_hr + group_timepointADUResist.pre_exercise","Endur.post_3.5_4_hr - Resist.post_3.5_4_hr (delta-delta)","Endur_vs_Resist","EE-RE","post_3.5_4_hr","~ 0 + group_timepoint +  Batch + BMI + calculatedAge + codedsiteid + pct_umi_dup + RIN + Sex + (1 | pid)",0.253850856230846,-0.0501551545024975,0.557856866964189,0.101352885430549,0.230314492164202,1.64381500937849,1.63832993930497
"MUSCLE_TRNSCRPT_DA","muscle","transcript-rna-seq","transcript-rna-seq","ENSG00000006210.7","CX3CL1","group_timepointADUControl.post_15_30_45_min - group_timepointADUControl.pre_exercise","Control.post_15_30_45_min - Control.pre_exercise","control_only","CON-CON","post_15_30_45_min","~ 0 + group_timepoint +  Batch + BMI + calculatedAge + codedsiteid + pct_umi_dup + RIN + Sex + (1 | pid)",-0.691851705046413,-0.991816050139954,-0.391887359952872,8.45984683033093e-06,0.00377469219789009,-4.54100689030672,-4.45320358985853
"MUSCLE_TRNSCRPT_DA","muscle","transcript-rna-seq","transcript-rna-seq","ENSG00000006210.7","CX3CL1","group_timepointADUResist.post_24_hr - group_timepointADUResist.pre_exercise - group_timepointADUControl.post_24_hr + group_timepointADUControl.pre_exercise","Resist.post_24_hr - Control.post_24_hr (delta-delta)","exercise_with_controls","RE-CON","post_24_hr","~ 0 + group_timepoint +  Batch + BMI + calculatedAge + codedsiteid + pct_umi_dup + RIN + Sex + (1 | pid)",-0.171985721380723,-0.50421694395622,0.160245501194775,0.309037376977201,0.54989200867823,-1.01915232283924,-1.01724398385089
"MUSCLE_TRNSCRPT_DA","muscle","transcript-rna-seq","transcript-rna-seq","ENSG00000006210.7","CX3CL1","group_timepointADUEndur.post_15_30_45_min - group_timepointADUEndur.pre_exercise - group_timepointADUControl.post_15_30_45_min + group_timepointADUControl.pre_exercise","Endur.post_15_30_45_min - Control.post_15_30_45_min (delta-delta)","exercise_with_controls","EE-CON","post_15_30_45_min","~ 0 + group_timepoint +  Batch + BMI + calculatedAge + codedsiteid + pct_umi_dup + RIN + Sex + (1 | pid)",3.62605042265678,3.27631629983293,3.97578454548064,3.33198728078686e-57,5.50077780185103e-53,20.4098405755052,15.9402162586385
"ADIPOSE_TRNSCRPT_DA","adipose","transcript-rna-seq","transcript-rna-seq","ENSG00000006210.7","CX3CL1","group_timepointADUResist.post_3.5_4_hr - group_timepointADUResist.pre_exercise","Resist.post_3.5_4_hr - Resist.pre_exercise","exercise_no_controls","RE-RE","post_3.5_4_hr","~ 0 + group_timepoint +  Batch + BMI + calculatedAge + codedsiteid + pct_umi_dup + RIN + Sex + (1 | pid)",-0.22540147695917,-0.345187755343006,-0.105615198575333,0.000269329323395111,0.00171391387615071,-3.71118035151491,-3.64314279584974
"ADIPOSE_TRNSCRPT_DA","adipose","transcript-rna-seq","transcript-rna-seq","ENSG00000006210.7","CX3CL1","group_timepointADUResist.post_3.5_4_hr - group_timepointADUResist.pre_exercise - group_timepointADUControl.post_3.5_4_hr + group_timepointADUControl.pre_exercise","Resist.post_3.5_4_hr - Control.post_3.5_4_hr (delta-delta)","exercise_with_controls","RE-CON","post_3.5_4_hr","~ 0 + group_timepoint +  Batch + BMI + calculatedAge + codedsiteid + pct_umi_dup + RIN + Sex + (1 | pid)",-0.11047199289556,-0.326832191550985,0.105888205759865,0.315213995846786,0.849831176353012,-1.00689325162145,-1.00434158512278
"ADIPOSE_TRNSCRPT_DA","adipose","transcript-rna-seq","transcript-rna-seq","ENSG00000006210.7","CX3CL1","group_timepointADUControl.post_3.5_4_hr - group_timepointADUControl.pre_exercise","Control.post_3.5_4_hr - Control.pre_exercise","control_only","CON-CON","post_3.5_4_hr","~ 0 + group_timepoint +  Batch + BMI + calculatedAge + codedsiteid + pct_umi_dup + RIN + Sex + (1 | pid)",-0.11492948406361,-0.295223549689009,0.0653645815617894,0.210222234185057,0.450828851919065,-1.2569885212589,-1.25295458727479
"ADIPOSE_TRNSCRPT_DA","adipose","transcript-rna-seq","transcript-rna-seq","ENSG00000006210.7","CX3CL1","group_timepointADUEndur.post_15_30_45_min - group_timepointADUEndur.pre_exercise - group_timepointADUResist.post_15_30_45_min + group_timepointADUResist.pre_exercise","Endur.post_15_30_45_min - Resist.post_15_30_45_min (delta-delta)","Endur_vs_Resist","EE-RE","post_15_30_45_min","~ 0 + group_timepoint +  Batch + BMI + calculatedAge + codedsiteid + pct_umi_dup + RIN + Sex + (1 | pid)",0.396903604734343,0.157327968622197,0.63647924084649,0.00127085813675882,0.31136024350591,3.26528481347736,3.22248050490762
"ADIPOSE_TRNSCRPT_DA","adipose","transcript-rna-seq","transcript-rna-seq","ENSG00000006210.7","CX3CL1","group_timepointADUResist.post_15_30_45_min - group_timepointADUResist.pre_exercise","Resist.post_15_30_45_min - Resist.pre_exercise","exercise_no_controls","RE-RE","post_15_30_45_min","~ 0 + group_timepoint +  Batch + BMI + calculatedAge + codedsiteid + pct_umi_dup + RIN + Sex + (1 | pid)",-0.099314471804063,-0.270259470931897,0.0716305273237709,0.25344254093014,0.619122160419079,-1.1450625911908,-1.14202761576432
"ADIPOSE_TRNSCRPT_DA","adipose","transcript-rna-seq","transcript-rna-seq","ENSG00000006210.7","CX3CL1","group_timepointADUEndur.post_3.5_4_hr - group_timepointADUEndur.pre_exercise - group_timepointADUControl.post_3.5_4_hr + group_timepointADUControl.pre_exercise","Endur.post_3.5_4_hr - Control.post_3.5_4_hr (delta-delta)","exercise_with_controls","EE-CON","post_3.5_4_hr","~ 0 + group_timepoint +  Batch + BMI + calculatedAge + codedsiteid + pct_umi_dup + RIN + Sex + (1 | pid)",-0.143809043507776,-0.370618567878202,0.0830004808626496,0.212656315824484,0.888364674728322,-1.2502852954112,-1.24629444686521
"ADIPOSE_TRNSCRPT_DA","adipose","transcript-rna-seq","transcript-rna-seq","ENSG00000006210.7","CX3CL1","group_timepointADUEndur.post_24_hr - group_timepointADUEndur.pre_exercise - group_timepointADUResist.post_24_hr + group_timepointADUResist.pre_exercise","Endur.post_24_hr - Resist.post_24_hr (delta-delta)","Endur_vs_Resist","EE-RE","post_24_hr","~ 0 + group_timepoint +  Batch + BMI + calculatedAge + codedsiteid + pct_umi_dup + RIN + Sex + (1 | pid)",0.0388175107406239,-0.187475750633577,0.265110772114824,0.735606662884544,0.999827188422841,0.338116652846719,0.337676928558851
"ADIPOSE_TRNSCRPT_DA","adipose","transcript-rna-seq","transcript-rna-seq","ENSG00000006210.7","CX3CL1","group_timepointADUControl.post_15_30_45_min - group_timepointADUControl.pre_exercise","Control.post_15_30_45_min - Control.pre_exercise","control_only","CON-CON","post_15_30_45_min","~ 0 + group_timepoint +  Batch + BMI + calculatedAge + codedsiteid + pct_umi_dup + RIN + Sex + (1 | pid)",-0.290191878633575,-0.51500307847019,-0.0653806787969594,0.0116540780960162,0.578326277675777,-2.54442866567804,-2.52244920207138
"ADIPOSE_TRNSCRPT_DA","adipose","transcript-rna-seq","transcript-rna-seq","ENSG00000006210.7","CX3CL1","group_timepointADUControl.post_24_hr - group_timepointADUControl.pre_exercise","Control.post_24_hr - Control.pre_exercise","control_only","CON-CON","post_24_hr","~ 0 + group_timepoint +  Batch + BMI + calculatedAge + codedsiteid + pct_umi_dup + RIN + Sex + (1 | pid)",-0.1280783832263,-0.337300271095861,0.0811435046432611,0.228869403108671,0.947263287363158,-1.20681018928199,-1.20327633642409
"ADIPOSE_TRNSCRPT_DA","adipose","transcript-rna-seq","transcript-rna-seq","ENSG00000006210.7","CX3CL1","group_timepointADUEndur.post_3.5_4_hr - group_timepointADUEndur.pre_exercise - group_timepointADUResist.post_3.5_4_hr + group_timepointADUResist.pre_exercise","Endur.post_3.5_4_hr - Resist.post_3.5_4_hr (delta-delta)","Endur_vs_Resist","EE-RE","post_3.5_4_hr","~ 0 + group_timepoint +  Batch + BMI + calculatedAge + codedsiteid + pct_umi_dup + RIN + Sex + (1 | pid)",-0.0333370506122161,-0.216149938939631,0.149475837715199,0.719516062645205,0.999161799173372,-0.35962059652352,-0.359105639852022
"ADIPOSE_TRNSCRPT_DA","adipose","transcript-rna-seq","transcript-rna-seq","ENSG00000006210.7","CX3CL1","group_timepointADUEndur.pre_exercise - group_timepointADUControl.pre_exercise","Endur.pre_exercise - Control.pre_exercise","baseline","EE-CON","pre_exercise","~ 0 + group_timepoint +  Batch + BMI + calculatedAge + codedsiteid + pct_umi_dup + RIN + Sex + (1 | pid)",-0.0675068841612303,-0.234603398572695,0.0995896302502345,0.426859464583342,0.916217124837807,-0.795976308429677,-0.794577235774664
"ADIPOSE_TRNSCRPT_DA","adipose","transcript-rna-seq","transcript-rna-seq","ENSG00000006210.7","CX3CL1","group_timepointADUEndur.post_15_30_45_min - group_timepointADUEndur.pre_exercise - group_timepointADUControl.post_15_30_45_min + group_timepointADUControl.pre_exercise","Endur.post_15_30_45_min - Control.post_15_30_45_min (delta-delta)","exercise_with_controls","EE-CON","post_15_30_45_min","~ 0 + group_timepoint +  Batch + BMI + calculatedAge + codedsiteid + pct_umi_dup + RIN + Sex + (1 | pid)",0.587781011563855,0.30693987842247,0.868622144705241,5.30284925264155e-05,0.0273164721757869,4.12547071294278,4.04186176240063
"ADIPOSE_TRNSCRPT_DA","adipose","transcript-rna-seq","transcript-rna-seq","ENSG00000006210.7","CX3CL1","group_timepointADUEndur.pre_exercise - group_timepointADUResist.pre_exercise","Endur.pre_exercise - Resist.pre_exercise","baseline","EE-RE","pre_exercise","~ 0 + group_timepoint +  Batch + BMI + calculatedAge + codedsiteid + pct_umi_dup + RIN + Sex + (1 | pid)",-0.00936803210954462,-0.147829078121148,0.129093013902059,0.894063820955349,0.989589352591641,-0.133311752654205,-0.133163823123396
"ADIPOSE_TRNSCRPT_DA","adipose","transcript-rna-seq","transcript-rna-seq","ENSG00000006210.7","CX3CL1","group_timepointADUEndur.post_3.5_4_hr - group_timepointADUEndur.pre_exercise","Endur.post_3.5_4_hr - Endur.pre_exercise","exercise_no_controls","EE-EE","post_3.5_4_hr","~ 0 + group_timepoint +  Batch + BMI + calculatedAge + codedsiteid + pct_umi_dup + RIN + Sex + (1 | pid)",-0.258738527571386,-0.396960954140746,-0.120516101002026,0.00028821491382331,0.00290092065065646,-3.69139027442156,-3.62566847998893
"ADIPOSE_TRNSCRPT_DA","adipose","transcript-rna-seq","transcript-rna-seq","ENSG00000006210.7","CX3CL1","group_timepointADUResist.post_24_hr - group_timepointADUResist.pre_exercise - group_timepointADUControl.post_24_hr + group_timepointADUControl.pre_exercise","Resist.post_24_hr - Control.post_24_hr (delta-delta)","exercise_with_controls","RE-CON","post_24_hr","~ 0 + group_timepoint +  Batch + BMI + calculatedAge + codedsiteid + pct_umi_dup + RIN + Sex + (1 | pid)",-0.0271805145064974,-0.29090248868024,0.236541459667245,0.83919803918343,0.999660577093274,-0.203170108519936,-0.202919389166411
"ADIPOSE_TRNSCRPT_DA","adipose","transcript-rna-seq","transcript-rna-seq","ENSG00000006210.7","CX3CL1","group_timepointADUResist.post_15_30_45_min - group_timepointADUResist.pre_exercise - group_timepointADUControl.post_15_30_45_min + group_timepointADUControl.pre_exercise","Resist.post_15_30_45_min - Control.post_15_30_45_min (delta-delta)","exercise_with_controls","RE-CON","post_15_30_45_min","~ 0 + group_timepoint +  Batch + BMI + calculatedAge + codedsiteid + pct_umi_dup + RIN + Sex + (1 | pid)",0.190877406829512,-0.0915962529354457,0.473351066594469,0.184287426820571,0.813732442243683,1.33199337822024,1.32766915758218
"ADIPOSE_TRNSCRPT_DA","adipose","transcript-rna-seq","transcript-rna-seq","ENSG00000006210.7","CX3CL1","group_timepointADUEndur.post_24_hr - group_timepointADUEndur.pre_exercise - group_timepointADUControl.post_24_hr + group_timepointADUControl.pre_exercise","Endur.post_24_hr - Control.post_24_hr (delta-delta)","exercise_with_controls","EE-CON","post_24_hr","~ 0 + group_timepoint +  Batch + BMI + calculatedAge + codedsiteid + pct_umi_dup + RIN + Sex + (1 | pid)",0.0116369962341265,-0.250715211068297,0.27398920353655,0.930404517127667,0.999984488297589,0.087440700376424,0.0873359022998
"ADIPOSE_TRNSCRPT_DA","adipose","transcript-rna-seq","transcript-rna-seq","ENSG00000006210.7","CX3CL1","group_timepointADUEndur.post_15_30_45_min - group_timepointADUEndur.pre_exercise","Endur.post_15_30_45_min - Endur.pre_exercise","exercise_no_controls","EE-EE","post_15_30_45_min","~ 0 + group_timepoint +  Batch + BMI + calculatedAge + codedsiteid + pct_umi_dup + RIN + Sex + (1 | pid)",0.29758913293028,0.129503088400925,0.465675177459635,0.000586112681658719,0.0269450887288871,3.48953748896254,3.43796073461915
"ADIPOSE_TRNSCRPT_DA","adipose","transcript-rna-seq","transcript-rna-seq","ENSG00000006210.7","CX3CL1","group_timepointADUResist.pre_exercise - group_timepointADUControl.pre_exercise","Resist.pre_exercise - Control.pre_exercise","baseline","RE-CON","pre_exercise","~ 0 + group_timepoint +  Batch + BMI + calculatedAge + codedsiteid + pct_umi_dup + RIN + Sex + (1 | pid)",-0.0581388520516857,-0.221782637546744,0.105504933443373,0.484611473120489,0.848883468043476,-0.700047889844248,-0.698904887117798
"ADIPOSE_TRNSCRPT_DA","adipose","transcript-rna-seq","transcript-rna-seq","ENSG00000006210.7","CX3CL1","group_timepointADUEndur.post_24_hr - group_timepointADUEndur.pre_exercise","Endur.post_24_hr - Endur.pre_exercise","exercise_no_controls","EE-EE","post_24_hr","~ 0 + group_timepoint +  Batch + BMI + calculatedAge + codedsiteid + pct_umi_dup + RIN + Sex + (1 | pid)",-0.116441386992173,-0.275086370358477,0.0422035963741298,0.149417982314092,0.775945142984012,-1.44687621161644,-1.44159031473655
"ADIPOSE_TRNSCRPT_DA","adipose","transcript-rna-seq","transcript-rna-seq","ENSG00000006210.7","CX3CL1","group_timepointADUResist.post_24_hr - group_timepointADUResist.pre_exercise","Resist.post_24_hr - Resist.pre_exercise","exercise_no_controls","RE-RE","post_24_hr","~ 0 + group_timepoint +  Batch + BMI + calculatedAge + codedsiteid + pct_umi_dup + RIN + Sex + (1 | pid)",-0.155258897732797,-0.315803982260653,0.00528618679505882,0.0579630782303713,0.496032500638239,-1.90618504472688,-1.89597705816691
