gene_symbol,priority,release_interpretation,evidence_and_limit,testable_follow_up,source_urls
CD300LG,Priority: diabetes follow-up,Membrane protein; circulating molecular form unresolved,"Reported as an exercise-responsive candidate in a 2024 human training study; associations with insulin sensitivity and genetic analyses support glucose-homeostasis follow-up, not proof of therapeutic benefit.",Identify the measured circulating fragment/full-length protein by orthogonal assays; then test effects on endothelial function and glucose handling.,https://doi.org/10.7554/eLife.96535.3
ANGPT2,Priority: vascular remodeling,Secreted ligand in UniProt,Already highlighted in MoTrPAC Figure 8. Adipose-specific mouse work links ANGPT2-driven angiogenesis to metabolism; acute human plasma increases do not establish benefit.,"Test whether post-exercise plasma changes endothelial TIE2 signaling and barrier function, and whether ANGPT2 depletion/add-back changes that response.",https://doi.org/10.64898/2026.02.27.702183 | https://pmc.ncbi.nlm.nih.gov/articles/PMC5391203/
WARS1,Priority: exploratory immune signaling,Nonclassical secretion demonstrated outside exercise,"Cell experiments demonstrate soluble and vesicular WARS1 release and innate inflammatory activity. Absent from the checked MoTrPAC Table S8, including alias WARS. Exercise-related release route, active species, and disease effect remain unestablished; broader novelty is not claimed.",Resolve soluble versus vesicular WARS1 and cell-injury markers; test WARS1 depletion/add-back in an innate-immune reporter assay.,https://doi.org/10.1016/j.celrep.2022.111905
CCN1,Previously analyzed benchmark,Secreted matrix-associated protein,"Positive control from the existing CCN1 notebook, also highlighted in MoTrPAC Figure 8.",Use to benchmark the screen; do not count as a new candidate.,https://doi.org/10.64898/2026.02.27.702183
CX3CL1,Previously analyzed benchmark,Membrane and soluble forms,Positive control from the existing fractalkine notebook; listed in cached Exerkine Atlas.,Use to benchmark the screen; distinguish membrane-bound protein from soluble fractalkine.,https://exerkineatlas.org/
FLT3LG,Secondary: plasma response only,Secreted and membrane forms annotated,"Strong plasma response, also described in a prior human exercise study. No positive muscle/adipose RNA or total-protein hit under the primary rule.",Investigate immune-cell sources and independent circulating-protein validation.,https://pmc.ncbi.nlm.nih.gov/articles/PMC9999360/
ANGPTL7,Secondary: plasma response only,Secreted extracellular protein annotated,Acute endurance plasma increase here; a prior obesity study reported decreases after a training program. Different populations and acute versus chronic sampling prevent direct equivalence.,Test whether an acute pulse and longer-term baseline change differ in paired samples.,https://doi.org/10.1371/journal.pone.0173024
HGF,Exploratory: tissue misses 0.05,Established secreted growth factor; structured-location annotation alone is incomplete,Plasma passes 0.05; corresponding positive muscle RNA q is just above 0.05. Listed only in the threshold-sensitivity results.,Replicate the tissue response before promoting to the primary cross-tissue list.,https://www.uniprot.org/uniprotkb/P14210/entry
STC2,Exploratory: plasma misses 0.05,Secreted protein annotated,Strong muscle RNA increase but plasma q is above 0.05. Not a primary plasma hit.,Use an independent plasma assay or cohort; do not lower the cutoff after observing the result.,https://www.uniprot.org/uniprotkb/O76061/entry
TIMP3,Exploratory: plasma misses 0.05,Secreted extracellular-matrix protein annotated,Already highlighted in MoTrPAC Figure 8 using a broader screen; this pinned analysis has plasma q above 0.05.,Check independent circulating-protein evidence; retain the preset 0.05 primary threshold.,https://doi.org/10.64898/2026.02.27.702183
