gene_symbol,contrast_category,feature_id_plasma,Timepoint_plasma,sample_time_plasma,minutes_from_bout_end_plasma,logFC_plasma,p_value_plasma,adj_p_value_plasma,contrast_plasma,tissue_plasma,assay_plasma,feature_id_tissue,Timepoint_tissue,sample_time_tissue,minutes_from_bout_end_tissue,logFC_tissue,p_value_tissue,adj_p_value_tissue,contrast_tissue,tissue_tissue,assay_tissue,tissue_at_or_before_plasma
CEACAM8,EE-CON,OID20102,during_40_min,during 40 min,0.0,0.542027960587719,0.0022048810252469,0.0303331690560671,group_timepointADUEndur.during_40_min - group_timepointADUEndur.pre_exercise - group_timepointADUControl.during_40_min + group_timepointADUControl.pre_exercise,blood,prot-ol,P31997,post_3.5_4_hr,post 4 h,240.0,0.876688310744255,0.0003962501979027,0.0254317463679658,group_timepointADUEndur.post_3.5_4_hr - group_timepointADUEndur.pre_exercise - group_timepointADUControl.post_3.5_4_hr + group_timepointADUControl.pre_exercise,adipose,prot-pr,False
NADK,EE-CON,OID20178,post_15_30_45_min,post 30 min,30.0,0.953007752958254,1.82648473526772e-05,0.0086270962329145,group_timepointADUEndur.post_15_30_45_min - group_timepointADUEndur.pre_exercise - group_timepointADUControl.post_15_30_45_min + group_timepointADUControl.pre_exercise,blood,prot-ol,ENSG00000008130.15,post_3.5_4_hr,post 3.5 h,210.0,0.299283302572433,0.0003998323177266,0.0055262893270432,group_timepointADUEndur.post_3.5_4_hr - group_timepointADUEndur.pre_exercise - group_timepointADUControl.post_3.5_4_hr + group_timepointADUControl.pre_exercise,muscle,transcript-rna-seq,False
NADK,EE-CON,OID20178,during_20_min,during 20 min,-20.0,1.14153314090446,2.43539675933484e-07,0.0003450957207977,group_timepointADUEndur.during_20_min - group_timepointADUEndur.pre_exercise - group_timepointADUControl.during_20_min + group_timepointADUControl.pre_exercise,blood,prot-ol,ENSG00000008130.15,post_3.5_4_hr,post 3.5 h,210.0,0.299283302572433,0.0003998323177266,0.0055262893270432,group_timepointADUEndur.post_3.5_4_hr - group_timepointADUEndur.pre_exercise - group_timepointADUControl.post_3.5_4_hr + group_timepointADUControl.pre_exercise,muscle,transcript-rna-seq,False
NADK,RE-CON,OID20178,post_10_min,post 10 min,10.0,1.17359727733098,3.01493582906771e-08,1.06804101744724e-05,group_timepointADUResist.post_10_min - group_timepointADUResist.pre_exercise - group_timepointADUControl.post_10_min + group_timepointADUControl.pre_exercise,blood,prot-ol,ENSG00000008130.15,post_3.5_4_hr,post 3.5 h,210.0,0.554005188945077,3.1591098125709596e-11,7.90208240844454e-10,group_timepointADUResist.post_3.5_4_hr - group_timepointADUResist.pre_exercise - group_timepointADUControl.post_3.5_4_hr + group_timepointADUControl.pre_exercise,muscle,transcript-rna-seq,False
NADK,RE-CON,OID20178,post_15_30_45_min,post 30 min,30.0,0.593788888888888,0.0031922604376644,0.0753905506695079,group_timepointADUResist.post_15_30_45_min - group_timepointADUResist.pre_exercise - group_timepointADUControl.post_15_30_45_min + group_timepointADUControl.pre_exercise,blood,prot-ol,ENSG00000008130.15,post_3.5_4_hr,post 3.5 h,210.0,0.554005188945077,3.1591098125709596e-11,7.90208240844454e-10,group_timepointADUResist.post_3.5_4_hr - group_timepointADUResist.pre_exercise - group_timepointADUControl.post_3.5_4_hr + group_timepointADUControl.pre_exercise,muscle,transcript-rna-seq,False
NADK,EE-CON,OID20178,post_10_min,post 10 min,10.0,1.44621409328541,1.6489356412381601e-10,2.33654180363447e-07,group_timepointADUEndur.post_10_min - group_timepointADUEndur.pre_exercise - group_timepointADUControl.post_10_min + group_timepointADUControl.pre_exercise,blood,prot-ol,ENSG00000008130.15,post_3.5_4_hr,post 3.5 h,210.0,0.299283302572433,0.0003998323177266,0.0055262893270432,group_timepointADUEndur.post_3.5_4_hr - group_timepointADUEndur.pre_exercise - group_timepointADUControl.post_3.5_4_hr + group_timepointADUControl.pre_exercise,muscle,transcript-rna-seq,False
NADK,EE-CON,OID20178,during_40_min,during 40 min,0.0,1.49756842768364,1.04057772056264e-10,7.37249315018633e-08,group_timepointADUEndur.during_40_min - group_timepointADUEndur.pre_exercise - group_timepointADUControl.during_40_min + group_timepointADUControl.pre_exercise,blood,prot-ol,ENSG00000008130.15,post_3.5_4_hr,post 3.5 h,210.0,0.299283302572433,0.0003998323177266,0.0055262893270432,group_timepointADUEndur.post_3.5_4_hr - group_timepointADUEndur.pre_exercise - group_timepointADUControl.post_3.5_4_hr + group_timepointADUControl.pre_exercise,muscle,transcript-rna-seq,False
FUCA1,EE-CON,OID20261,during_40_min,during 40 min,0.0,0.594423721086895,0.0112306129349922,0.0827335882889188,group_timepointADUEndur.during_40_min - group_timepointADUEndur.pre_exercise - group_timepointADUControl.during_40_min + group_timepointADUControl.pre_exercise,blood,prot-ol,ENSG00000179163.12,post_24_hr,post 24 h,1440.0,0.257507429868507,5.90270233376495e-05,0.002424072458411,group_timepointADUEndur.post_24_hr - group_timepointADUEndur.pre_exercise - group_timepointADUControl.post_24_hr + group_timepointADUControl.pre_exercise,muscle,transcript-rna-seq,False
ESAM,EE-CON,OID20270,during_40_min,during 40 min,0.0,0.602821812844117,0.0062741026706994,0.0604789352678992,group_timepointADUEndur.during_40_min - group_timepointADUEndur.pre_exercise - group_timepointADUControl.during_40_min + group_timepointADUControl.pre_exercise,blood,prot-ol,ENSG00000149564.12,post_15_30_45_min,post 15 min,15.0,0.297792113419099,0.0003373974789421,0.0093301423448182,group_timepointADUEndur.post_15_30_45_min - group_timepointADUEndur.pre_exercise - group_timepointADUControl.post_15_30_45_min + group_timepointADUControl.pre_exercise,muscle,transcript-rna-seq,False
ICAM3,EE-CON,OID20277,during_40_min,during 40 min,0.0,0.452355009125105,0.0163047726966578,0.0987897484771834,group_timepointADUEndur.during_40_min - group_timepointADUEndur.pre_exercise - group_timepointADUControl.during_40_min + group_timepointADUControl.pre_exercise,blood,prot-ol,ENSG00000076662.10,post_24_hr,post 24 h,1440.0,0.3154379039988,0.0043885892197502,0.0532494666548993,group_timepointADUEndur.post_24_hr - group_timepointADUEndur.pre_exercise - group_timepointADUControl.post_24_hr + group_timepointADUControl.pre_exercise,muscle,transcript-rna-seq,False
EGLN1,EE-CON,OID20572,during_40_min,during 40 min,0.0,1.28556074442237,2.30616136628361e-05,0.0010892768853412,group_timepointADUEndur.during_40_min - group_timepointADUEndur.pre_exercise - group_timepointADUControl.during_40_min + group_timepointADUControl.pre_exercise,blood,prot-ol,ENSG00000135766.9,post_3.5_4_hr,post 3.5 h,210.0,0.17748018607421,0.0103383245073239,0.0671421712397363,group_timepointADUEndur.post_3.5_4_hr - group_timepointADUEndur.pre_exercise - group_timepointADUControl.post_3.5_4_hr + group_timepointADUControl.pre_exercise,muscle,transcript-rna-seq,False
EGLN1,RE-CON,OID20572,post_10_min,post 10 min,10.0,1.02655033593469,0.0002563157360456,0.015791278172898,group_timepointADUResist.post_10_min - group_timepointADUResist.pre_exercise - group_timepointADUControl.post_10_min + group_timepointADUControl.pre_exercise,blood,prot-ol,ENSG00000135766.9,post_3.5_4_hr,post 3.5 h,210.0,0.672872819212069,8.58131836207296e-21,9.023502219074041e-19,group_timepointADUResist.post_3.5_4_hr - group_timepointADUResist.pre_exercise - group_timepointADUControl.post_3.5_4_hr + group_timepointADUControl.pre_exercise,muscle,transcript-rna-seq,False
EGLN1,EE-CON,OID20572,during_20_min,during 20 min,-20.0,1.13293046094456,0.0001282491055915,0.0113580614139496,group_timepointADUEndur.during_20_min - group_timepointADUEndur.pre_exercise - group_timepointADUControl.during_20_min + group_timepointADUControl.pre_exercise,blood,prot-ol,ENSG00000135766.9,post_3.5_4_hr,post 3.5 h,210.0,0.17748018607421,0.0103383245073239,0.0671421712397363,group_timepointADUEndur.post_3.5_4_hr - group_timepointADUEndur.pre_exercise - group_timepointADUControl.post_3.5_4_hr + group_timepointADUControl.pre_exercise,muscle,transcript-rna-seq,False
SERPINB8,EE-CON,OID20630,during_40_min,during 40 min,0.0,0.77633863143876,1.13162682754305e-07,1.6035152146285e-05,group_timepointADUEndur.during_40_min - group_timepointADUEndur.pre_exercise - group_timepointADUControl.during_40_min + group_timepointADUControl.pre_exercise,blood,prot-ol,ENSG00000166401.15,post_3.5_4_hr,post 3.5 h,210.0,0.972743650665782,0.0007883139576685,0.0094718159586242,group_timepointADUEndur.post_3.5_4_hr - group_timepointADUEndur.pre_exercise - group_timepointADUControl.post_3.5_4_hr + group_timepointADUControl.pre_exercise,muscle,transcript-rna-seq,False
SERPINB8,EE-CON,OID20630,during_40_min,during 40 min,0.0,0.77633863143876,1.13162682754305e-07,1.6035152146285e-05,group_timepointADUEndur.during_40_min - group_timepointADUEndur.pre_exercise - group_timepointADUControl.during_40_min + group_timepointADUControl.pre_exercise,blood,prot-ol,ENSG00000166401.15,post_15_30_45_min,post 15 min,15.0,0.785096220003148,0.0060814753394636,0.082905925994389,group_timepointADUEndur.post_15_30_45_min - group_timepointADUEndur.pre_exercise - group_timepointADUControl.post_15_30_45_min + group_timepointADUControl.pre_exercise,muscle,transcript-rna-seq,False
SERPINB8,RE-CON,OID20630,post_10_min,post 10 min,10.0,0.4449283359084,0.0007854543706926,0.0317996812363269,group_timepointADUResist.post_10_min - group_timepointADUResist.pre_exercise - group_timepointADUControl.post_10_min + group_timepointADUControl.pre_exercise,blood,prot-ol,ENSG00000166401.15,post_3.5_4_hr,post 3.5 h,210.0,1.27534175406779,6.68828348353058e-06,5.63351387906155e-05,group_timepointADUResist.post_3.5_4_hr - group_timepointADUResist.pre_exercise - group_timepointADUControl.post_3.5_4_hr + group_timepointADUControl.pre_exercise,muscle,transcript-rna-seq,False
SERPINB8,EE-CON,OID20630,post_10_min,post 10 min,10.0,0.479754946707484,0.0005742737639216,0.0452081068598332,group_timepointADUEndur.post_10_min - group_timepointADUEndur.pre_exercise - group_timepointADUControl.post_10_min + group_timepointADUControl.pre_exercise,blood,prot-ol,ENSG00000166401.15,post_3.5_4_hr,post 3.5 h,210.0,0.972743650665782,0.0007883139576685,0.0094718159586242,group_timepointADUEndur.post_3.5_4_hr - group_timepointADUEndur.pre_exercise - group_timepointADUControl.post_3.5_4_hr + group_timepointADUControl.pre_exercise,muscle,transcript-rna-seq,False
SERPINB8,EE-CON,OID20630,post_10_min,post 10 min,10.0,0.479754946707484,0.0005742737639216,0.0452081068598332,group_timepointADUEndur.post_10_min - group_timepointADUEndur.pre_exercise - group_timepointADUControl.post_10_min + group_timepointADUControl.pre_exercise,blood,prot-ol,ENSG00000166401.15,post_15_30_45_min,post 15 min,15.0,0.785096220003148,0.0060814753394636,0.082905925994389,group_timepointADUEndur.post_15_30_45_min - group_timepointADUEndur.pre_exercise - group_timepointADUControl.post_15_30_45_min + group_timepointADUControl.pre_exercise,muscle,transcript-rna-seq,False
SERPINB8,EE-CON,OID20630,during_20_min,during 20 min,-20.0,0.634058518136055,7.08290748886645e-06,0.0012545599889654,group_timepointADUEndur.during_20_min - group_timepointADUEndur.pre_exercise - group_timepointADUControl.during_20_min + group_timepointADUControl.pre_exercise,blood,prot-ol,ENSG00000166401.15,post_3.5_4_hr,post 3.5 h,210.0,0.972743650665782,0.0007883139576685,0.0094718159586242,group_timepointADUEndur.post_3.5_4_hr - group_timepointADUEndur.pre_exercise - group_timepointADUControl.post_3.5_4_hr + group_timepointADUControl.pre_exercise,muscle,transcript-rna-seq,False
SERPINB8,EE-CON,OID20630,during_20_min,during 20 min,-20.0,0.634058518136055,7.08290748886645e-06,0.0012545599889654,group_timepointADUEndur.during_20_min - group_timepointADUEndur.pre_exercise - group_timepointADUControl.during_20_min + group_timepointADUControl.pre_exercise,blood,prot-ol,ENSG00000166401.15,post_15_30_45_min,post 15 min,15.0,0.785096220003148,0.0060814753394636,0.082905925994389,group_timepointADUEndur.post_15_30_45_min - group_timepointADUEndur.pre_exercise - group_timepointADUControl.post_15_30_45_min + group_timepointADUControl.pre_exercise,muscle,transcript-rna-seq,False
HGF,EE-CON,OID20656,during_40_min,during 40 min,0.0,0.473942284384082,0.0003552574501392,0.0080758478604871,group_timepointADUEndur.during_40_min - group_timepointADUEndur.pre_exercise - group_timepointADUControl.during_40_min + group_timepointADUControl.pre_exercise,blood,prot-ol,ENSG00000019991.18,post_3.5_4_hr,post 3.5 h,210.0,0.739435871418958,0.0072475628669056,0.0513684807695994,group_timepointADUEndur.post_3.5_4_hr - group_timepointADUEndur.pre_exercise - group_timepointADUControl.post_3.5_4_hr + group_timepointADUControl.pre_exercise,muscle,transcript-rna-seq,False
KYNU,EE-CON,OID20669,during_40_min,during 40 min,0.0,0.348216600766122,0.0024451700485252,0.0325362653124255,group_timepointADUEndur.during_40_min - group_timepointADUEndur.pre_exercise - group_timepointADUControl.during_40_min + group_timepointADUControl.pre_exercise,blood,prot-ol,Q16719,post_3.5_4_hr,post 4 h,240.0,0.355977293922827,0.0066466112215267,0.082567761935023,group_timepointADUEndur.post_3.5_4_hr - group_timepointADUEndur.pre_exercise - group_timepointADUControl.post_3.5_4_hr + group_timepointADUControl.pre_exercise,adipose,prot-pr,False
TIMP3,EE-CON,OID20684,during_40_min,during 40 min,0.0,1.67908549983389,0.0066059514147258,0.0628230413064867,group_timepointADUEndur.during_40_min - group_timepointADUEndur.pre_exercise - group_timepointADUControl.during_40_min + group_timepointADUControl.pre_exercise,blood,prot-ol,ENSG00000100234.12,post_3.5_4_hr,post 3.5 h,210.0,0.401297286932531,0.0023922219200108,0.0226290675176019,group_timepointADUEndur.post_3.5_4_hr - group_timepointADUEndur.pre_exercise - group_timepointADUControl.post_3.5_4_hr + group_timepointADUControl.pre_exercise,muscle,transcript-rna-seq,False
ENPP5,EE-CON,OID20736,during_40_min,during 40 min,0.0,0.209764214042205,0.0149475428962359,0.0933069087399395,group_timepointADUEndur.during_40_min - group_timepointADUEndur.pre_exercise - group_timepointADUControl.during_40_min + group_timepointADUControl.pre_exercise,blood,prot-ol,ENSG00000112796.10,post_24_hr,post 24 h,1440.0,0.408464825146157,0.0024773664895726,0.0364192728195503,group_timepointADUEndur.post_24_hr - group_timepointADUEndur.pre_exercise - group_timepointADUControl.post_24_hr + group_timepointADUControl.pre_exercise,muscle,transcript-rna-seq,False
PLAUR,EE-CON,OID20764,during_40_min,during 40 min,0.0,0.265080569960582,0.0077972649294808,0.0679789492107802,group_timepointADUEndur.during_40_min - group_timepointADUEndur.pre_exercise - group_timepointADUControl.during_40_min + group_timepointADUControl.pre_exercise,blood,prot-ol,ENSG00000011422.12,post_15_30_45_min,post 15 min,15.0,1.16775985398733,7.59925364583231e-05,0.0027512297903299,group_timepointADUEndur.post_15_30_45_min - group_timepointADUEndur.pre_exercise - group_timepointADUControl.post_15_30_45_min + group_timepointADUControl.pre_exercise,muscle,transcript-rna-seq,False
AMFR,RE-CON,OID20806,post_15_30_45_min,post 30 min,30.0,0.920769444444443,0.0050651967217555,0.0969916723611847,group_timepointADUResist.post_15_30_45_min - group_timepointADUResist.pre_exercise - group_timepointADUControl.post_15_30_45_min + group_timepointADUControl.pre_exercise,blood,prot-ol,ENSG00000159461.15,post_3.5_4_hr,post 3.5 h,210.0,0.147104857566174,0.0035456637867926,0.0135185596896444,group_timepointADUResist.post_3.5_4_hr - group_timepointADUResist.pre_exercise - group_timepointADUControl.post_3.5_4_hr + group_timepointADUControl.pre_exercise,muscle,transcript-rna-seq,False
AMFR,RE-CON,OID20806,post_15_30_45_min,post 30 min,30.0,0.920769444444443,0.0050651967217555,0.0969916723611847,group_timepointADUResist.post_15_30_45_min - group_timepointADUResist.pre_exercise - group_timepointADUControl.post_15_30_45_min + group_timepointADUControl.pre_exercise,blood,prot-ol,ENSG00000159461.15,post_24_hr,post 24 h,1440.0,0.177362579072843,0.0002255832152973,0.0023031251090567,group_timepointADUResist.post_24_hr - group_timepointADUResist.pre_exercise - group_timepointADUControl.post_24_hr + group_timepointADUControl.pre_exercise,muscle,transcript-rna-seq,False
PXN,RE-CON,OID20822,post_10_min,post 10 min,10.0,1.03873934173639,6.35364967056408e-06,0.0010222848520052,group_timepointADUResist.post_10_min - group_timepointADUResist.pre_exercise - group_timepointADUControl.post_10_min + group_timepointADUControl.pre_exercise,blood,prot-ol,ENSG00000089159.17,post_3.5_4_hr,post 3.5 h,210.0,0.101821392926996,0.0350192949235013,0.0898133311255678,group_timepointADUResist.post_3.5_4_hr - group_timepointADUResist.pre_exercise - group_timepointADUControl.post_3.5_4_hr + group_timepointADUControl.pre_exercise,muscle,transcript-rna-seq,False
PXN,RE-CON,OID20822,post_10_min,post 10 min,10.0,1.03873934173639,6.35364967056408e-06,0.0010222848520052,group_timepointADUResist.post_10_min - group_timepointADUResist.pre_exercise - group_timepointADUControl.post_10_min + group_timepointADUControl.pre_exercise,blood,prot-ol,ENSG00000089159.17,post_24_hr,post 24 h,1440.0,0.18669132042669,5.9618883386002e-05,0.0007629830587748,group_timepointADUResist.post_24_hr - group_timepointADUResist.pre_exercise - group_timepointADUControl.post_24_hr + group_timepointADUControl.pre_exercise,muscle,transcript-rna-seq,False
FGR,EE-CON,OID20828,during_20_min,during 20 min,-20.0,0.781477267096886,0.0014664868399963,0.05772255145208,group_timepointADUEndur.during_20_min - group_timepointADUEndur.pre_exercise - group_timepointADUControl.during_20_min + group_timepointADUControl.pre_exercise,blood,prot-ol,ENSG00000000938.13,post_3.5_4_hr,post 3.5 h,210.0,0.753477133275744,0.0060140567577725,0.0448633441859013,group_timepointADUEndur.post_3.5_4_hr - group_timepointADUEndur.pre_exercise - group_timepointADUControl.post_3.5_4_hr + group_timepointADUControl.pre_exercise,muscle,transcript-rna-seq,False
FGR,EE-CON,OID20828,during_40_min,during 40 min,0.0,0.721569063517319,0.0038743404936015,0.0437048755000156,group_timepointADUEndur.during_40_min - group_timepointADUEndur.pre_exercise - group_timepointADUControl.during_40_min + group_timepointADUControl.pre_exercise,blood,prot-ol,ENSG00000000938.13,post_3.5_4_hr,post 3.5 h,210.0,0.753477133275744,0.0060140567577725,0.0448633441859013,group_timepointADUEndur.post_3.5_4_hr - group_timepointADUEndur.pre_exercise - group_timepointADUControl.post_3.5_4_hr + group_timepointADUControl.pre_exercise,muscle,transcript-rna-seq,False
FGR,RE-CON,OID20828,post_10_min,post 10 min,10.0,0.821611810724989,0.0004561369463797,0.02308378760786,group_timepointADUResist.post_10_min - group_timepointADUResist.pre_exercise - group_timepointADUControl.post_10_min + group_timepointADUControl.pre_exercise,blood,prot-ol,ENSG00000000938.13,post_3.5_4_hr,post 3.5 h,210.0,0.812880637915719,0.0027656935404867,0.0109888892081578,group_timepointADUResist.post_3.5_4_hr - group_timepointADUResist.pre_exercise - group_timepointADUControl.post_3.5_4_hr + group_timepointADUControl.pre_exercise,muscle,transcript-rna-seq,False
NOS3,RE-CON,OID20834,post_10_min,post 10 min,10.0,0.738508118932327,0.0016898547564648,0.0532103113173386,group_timepointADUResist.post_10_min - group_timepointADUResist.pre_exercise - group_timepointADUControl.post_10_min + group_timepointADUControl.pre_exercise,blood,prot-ol,ENSG00000164867.11,post_15_30_45_min,post 15 min,15.0,0.540588919014626,0.0013432476122471,0.030616389914294,group_timepointADUResist.post_15_30_45_min - group_timepointADUResist.pre_exercise - group_timepointADUControl.post_15_30_45_min + group_timepointADUControl.pre_exercise,muscle,transcript-rna-seq,False
CRIP2,RE-CON,OID20901,post_10_min,post 10 min,10.0,0.824361949815682,5.73126005744533e-05,0.0058008539295714,group_timepointADUResist.post_10_min - group_timepointADUResist.pre_exercise - group_timepointADUControl.post_10_min + group_timepointADUControl.pre_exercise,blood,prot-ol,ENSG00000182809.11,post_3.5_4_hr,post 3.5 h,210.0,0.255585198899816,0.0395393223992677,0.0986034249984155,group_timepointADUResist.post_3.5_4_hr - group_timepointADUResist.pre_exercise - group_timepointADUControl.post_3.5_4_hr + group_timepointADUControl.pre_exercise,muscle,transcript-rna-seq,False
NMNAT1,EE-CON,OID20913,during_40_min,during 40 min,0.0,1.48495576883967,2.44036904104489e-06,0.0002056093220439,group_timepointADUEndur.during_40_min - group_timepointADUEndur.pre_exercise - group_timepointADUControl.during_40_min + group_timepointADUControl.pre_exercise,blood,prot-ol,ENSG00000173614.14,post_24_hr,post 24 h,1440.0,0.240595247184962,0.0062268836253619,0.0678097768938655,group_timepointADUEndur.post_24_hr - group_timepointADUEndur.pre_exercise - group_timepointADUControl.post_24_hr + group_timepointADUControl.pre_exercise,muscle,transcript-rna-seq,False
NMNAT1,EE-CON,OID20913,during_20_min,during 20 min,-20.0,1.42943576003736,3.46191680879069e-06,0.000700790874008,group_timepointADUEndur.during_20_min - group_timepointADUEndur.pre_exercise - group_timepointADUControl.during_20_min + group_timepointADUControl.pre_exercise,blood,prot-ol,ENSG00000173614.14,post_24_hr,post 24 h,1440.0,0.240595247184962,0.0062268836253619,0.0678097768938655,group_timepointADUEndur.post_24_hr - group_timepointADUEndur.pre_exercise - group_timepointADUControl.post_24_hr + group_timepointADUControl.pre_exercise,muscle,transcript-rna-seq,False
NMNAT1,EE-CON,OID20913,post_10_min,post 10 min,10.0,1.48609885527546,1.48934838376618e-06,0.0004220813319593,group_timepointADUEndur.post_10_min - group_timepointADUEndur.pre_exercise - group_timepointADUControl.post_10_min + group_timepointADUControl.pre_exercise,blood,prot-ol,ENSG00000173614.14,post_24_hr,post 24 h,1440.0,0.240595247184962,0.0062268836253619,0.0678097768938655,group_timepointADUEndur.post_24_hr - group_timepointADUEndur.pre_exercise - group_timepointADUControl.post_24_hr + group_timepointADUControl.pre_exercise,muscle,transcript-rna-seq,False
MASP1,EE-CON,OID20954,during_40_min,during 40 min,0.0,0.296991976827071,0.0021119632257227,0.0299265189084911,group_timepointADUEndur.during_40_min - group_timepointADUEndur.pre_exercise - group_timepointADUControl.during_40_min + group_timepointADUControl.pre_exercise,blood,prot-ol,ENSG00000127241.18,post_24_hr,post 24 h,1440.0,0.380292456239776,0.0078253068565221,0.0788693473103324,group_timepointADUEndur.post_24_hr - group_timepointADUEndur.pre_exercise - group_timepointADUControl.post_24_hr + group_timepointADUControl.pre_exercise,muscle,transcript-rna-seq,False
MASP1,EE-CON,OID20954,during_20_min,during 20 min,-20.0,0.298855236520523,0.0015525902026701,0.0594600085725279,group_timepointADUEndur.during_20_min - group_timepointADUEndur.pre_exercise - group_timepointADUControl.during_20_min + group_timepointADUControl.pre_exercise,blood,prot-ol,ENSG00000127241.18,post_24_hr,post 24 h,1440.0,0.380292456239776,0.0078253068565221,0.0788693473103324,group_timepointADUEndur.post_24_hr - group_timepointADUEndur.pre_exercise - group_timepointADUControl.post_24_hr + group_timepointADUControl.pre_exercise,muscle,transcript-rna-seq,False
NPM1,EE-CON,OID20961,during_40_min,during 40 min,0.0,1.1130344084324,0.0072608044216614,0.0647079236823538,group_timepointADUEndur.during_40_min - group_timepointADUEndur.pre_exercise - group_timepointADUControl.during_40_min + group_timepointADUControl.pre_exercise,blood,prot-ol,P06748,post_3.5_4_hr,post 4 h,240.0,0.377708348309729,0.0031152775305427,0.0595533628017755,group_timepointADUEndur.post_3.5_4_hr - group_timepointADUEndur.pre_exercise - group_timepointADUControl.post_3.5_4_hr + group_timepointADUControl.pre_exercise,adipose,prot-pr,False
CX3CL1,EE-CON,OID20976,during_40_min,during 40 min,0.0,0.560544271107797,2.88885102950083e-06,0.0002274167727112,group_timepointADUEndur.during_40_min - group_timepointADUEndur.pre_exercise - group_timepointADUControl.during_40_min + group_timepointADUControl.pre_exercise,blood,prot-ol,ENSG00000006210.7,post_15_30_45_min,post 15 min,15.0,3.62605042265678,3.33198728078686e-57,5.50077780185103e-53,group_timepointADUEndur.post_15_30_45_min - group_timepointADUEndur.pre_exercise - group_timepointADUControl.post_15_30_45_min + group_timepointADUControl.pre_exercise,muscle,transcript-rna-seq,False
CX3CL1,EE-CON,OID20976,during_40_min,during 40 min,0.0,0.560544271107797,2.88885102950083e-06,0.0002274167727112,group_timepointADUEndur.during_40_min - group_timepointADUEndur.pre_exercise - group_timepointADUControl.during_40_min + group_timepointADUControl.pre_exercise,blood,prot-ol,ENSG00000006210.7,post_3.5_4_hr,post 3.5 h,210.0,0.536484088624811,0.0054386138456871,0.0416447476708948,group_timepointADUEndur.post_3.5_4_hr - group_timepointADUEndur.pre_exercise - group_timepointADUControl.post_3.5_4_hr + group_timepointADUControl.pre_exercise,muscle,transcript-rna-seq,False
CX3CL1,EE-CON,OID20976,during_40_min,during 40 min,0.0,0.560544271107797,2.88885102950083e-06,0.0002274167727112,group_timepointADUEndur.during_40_min - group_timepointADUEndur.pre_exercise - group_timepointADUControl.during_40_min + group_timepointADUControl.pre_exercise,blood,prot-ol,ENSG00000006210.7,post_15_30_45_min,post 45 min,45.0,0.587781011563855,5.30284925264155e-05,0.0273164721757869,group_timepointADUEndur.post_15_30_45_min - group_timepointADUEndur.pre_exercise - group_timepointADUControl.post_15_30_45_min + group_timepointADUControl.pre_exercise,adipose,transcript-rna-seq,False
CX3CL1,EE-CON,OID20976,during_20_min,during 20 min,-20.0,0.56809068997232,1.28585302244832e-06,0.0003644107465618,group_timepointADUEndur.during_20_min - group_timepointADUEndur.pre_exercise - group_timepointADUControl.during_20_min + group_timepointADUControl.pre_exercise,blood,prot-ol,ENSG00000006210.7,post_15_30_45_min,post 15 min,15.0,3.62605042265678,3.33198728078686e-57,5.50077780185103e-53,group_timepointADUEndur.post_15_30_45_min - group_timepointADUEndur.pre_exercise - group_timepointADUControl.post_15_30_45_min + group_timepointADUControl.pre_exercise,muscle,transcript-rna-seq,False
CX3CL1,EE-CON,OID20976,during_20_min,during 20 min,-20.0,0.56809068997232,1.28585302244832e-06,0.0003644107465618,group_timepointADUEndur.during_20_min - group_timepointADUEndur.pre_exercise - group_timepointADUControl.during_20_min + group_timepointADUControl.pre_exercise,blood,prot-ol,ENSG00000006210.7,post_3.5_4_hr,post 3.5 h,210.0,0.536484088624811,0.0054386138456871,0.0416447476708948,group_timepointADUEndur.post_3.5_4_hr - group_timepointADUEndur.pre_exercise - group_timepointADUControl.post_3.5_4_hr + group_timepointADUControl.pre_exercise,muscle,transcript-rna-seq,False
CX3CL1,EE-CON,OID20976,during_20_min,during 20 min,-20.0,0.56809068997232,1.28585302244832e-06,0.0003644107465618,group_timepointADUEndur.during_20_min - group_timepointADUEndur.pre_exercise - group_timepointADUControl.during_20_min + group_timepointADUControl.pre_exercise,blood,prot-ol,ENSG00000006210.7,post_15_30_45_min,post 45 min,45.0,0.587781011563855,5.30284925264155e-05,0.0273164721757869,group_timepointADUEndur.post_15_30_45_min - group_timepointADUEndur.pre_exercise - group_timepointADUControl.post_15_30_45_min + group_timepointADUControl.pre_exercise,adipose,transcript-rna-seq,False
ACVRL1,RE-CON,OID20999,post_10_min,post 10 min,10.0,0.585144742134919,0.0001119200954284,0.0093288691307144,group_timepointADUResist.post_10_min - group_timepointADUResist.pre_exercise - group_timepointADUControl.post_10_min + group_timepointADUControl.pre_exercise,blood,prot-ol,ENSG00000139567.13,post_3.5_4_hr,post 3.5 h,210.0,0.342128003515408,3.65670613179982e-05,0.0002605462301678,group_timepointADUResist.post_3.5_4_hr - group_timepointADUResist.pre_exercise - group_timepointADUControl.post_3.5_4_hr + group_timepointADUControl.pre_exercise,muscle,transcript-rna-seq,False
EZR,RE-CON,OID21017,post_10_min,post 10 min,10.0,0.338154114255272,0.0021987517504536,0.0635843108243429,group_timepointADUResist.post_10_min - group_timepointADUResist.pre_exercise - group_timepointADUControl.post_10_min + group_timepointADUControl.pre_exercise,blood,prot-ol,ENSG00000092820.19,post_24_hr,post 24 h,1440.0,0.221244064890178,0.0252248754542254,0.0980545017362392,group_timepointADUResist.post_24_hr - group_timepointADUResist.pre_exercise - group_timepointADUControl.post_24_hr + group_timepointADUControl.pre_exercise,muscle,transcript-rna-seq,False
EZR,RE-CON,OID21017,post_10_min,post 10 min,10.0,0.338154114255272,0.0021987517504536,0.0635843108243429,group_timepointADUResist.post_10_min - group_timepointADUResist.pre_exercise - group_timepointADUControl.post_10_min + group_timepointADUControl.pre_exercise,blood,prot-ol,ENSG00000092820.19,post_3.5_4_hr,post 3.5 h,210.0,0.270894520796724,0.0105845955494931,0.0337990498890874,group_timepointADUResist.post_3.5_4_hr - group_timepointADUResist.pre_exercise - group_timepointADUControl.post_3.5_4_hr + group_timepointADUControl.pre_exercise,muscle,transcript-rna-seq,False
NPTX1,EE-CON,OID21074,during_40_min,during 40 min,0.0,0.38268192671157,0.0100258536265995,0.0776318829994069,group_timepointADUEndur.during_40_min - group_timepointADUEndur.pre_exercise - group_timepointADUControl.during_40_min + group_timepointADUControl.pre_exercise,blood,prot-ol,ENSG00000171246.6,post_3.5_4_hr,post 3.5 h,210.0,1.38479687353724,0.0004054484658151,0.0055733128410845,group_timepointADUEndur.post_3.5_4_hr - group_timepointADUEndur.pre_exercise - group_timepointADUControl.post_3.5_4_hr + group_timepointADUControl.pre_exercise,muscle,transcript-rna-seq,False
WARS1,RE-CON,OID21084,post_10_min,post 10 min,10.0,0.566828359621336,0.0007337048817773,0.0311630516797181,group_timepointADUResist.post_10_min - group_timepointADUResist.pre_exercise - group_timepointADUControl.post_10_min + group_timepointADUControl.pre_exercise,blood,prot-ol,ENSG00000140105.18,post_3.5_4_hr,post 3.5 h,210.0,0.329233033544573,3.14757899843592e-07,3.62872777131136e-06,group_timepointADUResist.post_3.5_4_hr - group_timepointADUResist.pre_exercise - group_timepointADUControl.post_3.5_4_hr + group_timepointADUControl.pre_exercise,muscle,transcript-rna-seq,False
TMSB10,RE-CON,OID21118,post_15_30_45_min,post 30 min,30.0,1.17490833333333,0.0011916813738083,0.0402050596830095,group_timepointADUResist.post_15_30_45_min - group_timepointADUResist.pre_exercise - group_timepointADUControl.post_15_30_45_min + group_timepointADUControl.pre_exercise,blood,prot-ol,ENSG00000034510.6,post_3.5_4_hr,post 3.5 h,210.0,0.381843885032177,0.000613454321388,0.0030477030971399,group_timepointADUResist.post_3.5_4_hr - group_timepointADUResist.pre_exercise - group_timepointADUControl.post_3.5_4_hr + group_timepointADUControl.pre_exercise,muscle,transcript-rna-seq,False
TMSB10,RE-CON,OID21118,post_10_min,post 10 min,10.0,1.17452613902179,0.0013754806629007,0.047115823401911,group_timepointADUResist.post_10_min - group_timepointADUResist.pre_exercise - group_timepointADUControl.post_10_min + group_timepointADUControl.pre_exercise,blood,prot-ol,ENSG00000034510.6,post_3.5_4_hr,post 3.5 h,210.0,0.381843885032177,0.000613454321388,0.0030477030971399,group_timepointADUResist.post_3.5_4_hr - group_timepointADUResist.pre_exercise - group_timepointADUControl.post_3.5_4_hr + group_timepointADUControl.pre_exercise,muscle,transcript-rna-seq,False
IL1RAP,EE-CON,OID21126,during_40_min,during 40 min,0.0,0.394783873476373,0.0056424762146101,0.0563055549021304,group_timepointADUEndur.during_40_min - group_timepointADUEndur.pre_exercise - group_timepointADUControl.during_40_min + group_timepointADUControl.pre_exercise,blood,prot-ol,ENSG00000196083.10,post_3.5_4_hr,post 3.5 h,210.0,0.510638795537349,0.0071593337248875,0.0509454484759349,group_timepointADUEndur.post_3.5_4_hr - group_timepointADUEndur.pre_exercise - group_timepointADUControl.post_3.5_4_hr + group_timepointADUControl.pre_exercise,muscle,transcript-rna-seq,False
CD300LG,EE-CON,OID21130,during_40_min,during 40 min,0.0,0.696145524927104,4.46446931573771e-05,0.0017572647278889,group_timepointADUEndur.during_40_min - group_timepointADUEndur.pre_exercise - group_timepointADUControl.during_40_min + group_timepointADUControl.pre_exercise,blood,prot-ol,ENSG00000161649.13,post_3.5_4_hr,post 3.5 h,210.0,0.438776734300615,0.0002541997143687,0.0037978127461663,group_timepointADUEndur.post_3.5_4_hr - group_timepointADUEndur.pre_exercise - group_timepointADUControl.post_3.5_4_hr + group_timepointADUControl.pre_exercise,muscle,transcript-rna-seq,False
IGF2R,EE-CON,OID21146,during_40_min,during 40 min,0.0,0.443868482037176,0.0065604574896306,0.0628119477216662,group_timepointADUEndur.during_40_min - group_timepointADUEndur.pre_exercise - group_timepointADUControl.during_40_min + group_timepointADUControl.pre_exercise,blood,prot-ol,ENSG00000197081.16,post_3.5_4_hr,post 3.5 h,210.0,0.184109389309321,0.0013156206034088,0.0141865320324476,group_timepointADUEndur.post_3.5_4_hr - group_timepointADUEndur.pre_exercise - group_timepointADUControl.post_3.5_4_hr + group_timepointADUControl.pre_exercise,muscle,transcript-rna-seq,False
STC2,EE-CON,OID21157,during_40_min,during 40 min,0.0,0.400327236782249,0.0061209913435968,0.0601545773101343,group_timepointADUEndur.during_40_min - group_timepointADUEndur.pre_exercise - group_timepointADUControl.during_40_min + group_timepointADUControl.pre_exercise,blood,prot-ol,ENSG00000113739.11,post_3.5_4_hr,post 3.5 h,210.0,2.10167282074271,1.2275971613639101e-15,2.32947144102952e-13,group_timepointADUEndur.post_3.5_4_hr - group_timepointADUEndur.pre_exercise - group_timepointADUControl.post_3.5_4_hr + group_timepointADUControl.pre_exercise,muscle,transcript-rna-seq,False
CAMKK1,RE-CON,OID21182,post_10_min,post 10 min,10.0,0.816010582578989,0.0015045500764335,0.0495801734489838,group_timepointADUResist.post_10_min - group_timepointADUResist.pre_exercise - group_timepointADUControl.post_10_min + group_timepointADUControl.pre_exercise,blood,prot-ol,ENSG00000004660.15,post_24_hr,post 24 h,1440.0,0.736387367479753,2.12252738226199e-06,4.55075383815107e-05,group_timepointADUResist.post_24_hr - group_timepointADUResist.pre_exercise - group_timepointADUControl.post_24_hr + group_timepointADUControl.pre_exercise,muscle,transcript-rna-seq,False
FLT1,EE-CON,OID21301,during_40_min,during 40 min,0.0,0.453776643112839,0.0001411119456784,0.0040695604245451,group_timepointADUEndur.during_40_min - group_timepointADUEndur.pre_exercise - group_timepointADUControl.during_40_min + group_timepointADUControl.pre_exercise,blood,prot-ol,ENSG00000102755.12,post_24_hr,post 24 h,1440.0,0.219202703986264,0.0051113957025709,0.0591584251793553,group_timepointADUEndur.post_24_hr - group_timepointADUEndur.pre_exercise - group_timepointADUControl.post_24_hr + group_timepointADUControl.pre_exercise,muscle,transcript-rna-seq,False
STX4,EE-CON,OID21326,during_40_min,during 40 min,0.0,0.782211761866771,0.0128895742847789,0.0887427681484142,group_timepointADUEndur.during_40_min - group_timepointADUEndur.pre_exercise - group_timepointADUControl.during_40_min + group_timepointADUControl.pre_exercise,blood,prot-ol,ENSG00000103496.15,post_3.5_4_hr,post 3.5 h,210.0,0.19931769614641,0.0023387488774962,0.0222282125610742,group_timepointADUEndur.post_3.5_4_hr - group_timepointADUEndur.pre_exercise - group_timepointADUControl.post_3.5_4_hr + group_timepointADUControl.pre_exercise,muscle,transcript-rna-seq,False
CCN1,RE-CON,OID21368,post_10_min,post 10 min,10.0,1.01722129935446,6.49298776855861e-06,0.0010222848520052,group_timepointADUResist.post_10_min - group_timepointADUResist.pre_exercise - group_timepointADUControl.post_10_min + group_timepointADUControl.pre_exercise,blood,prot-ol,ENSG00000142871.18,post_24_hr,post 24 h,1440.0,0.87077864999672,0.0022992307345878,0.0151528942903439,group_timepointADUResist.post_24_hr - group_timepointADUResist.pre_exercise - group_timepointADUControl.post_24_hr + group_timepointADUControl.pre_exercise,muscle,transcript-rna-seq,False
CCN1,RE-CON,OID21368,post_10_min,post 10 min,10.0,1.01722129935446,6.49298776855861e-06,0.0010222848520052,group_timepointADUResist.post_10_min - group_timepointADUResist.pre_exercise - group_timepointADUControl.post_10_min + group_timepointADUControl.pre_exercise,blood,prot-ol,ENSG00000142871.18,post_3.5_4_hr,post 3.5 h,210.0,2.58589193434417,1.99621464046713e-15,9.98651742408237e-14,group_timepointADUResist.post_3.5_4_hr - group_timepointADUResist.pre_exercise - group_timepointADUControl.post_3.5_4_hr + group_timepointADUControl.pre_exercise,muscle,transcript-rna-seq,False
CCN1,RE-CON,OID21368,post_10_min,post 10 min,10.0,1.01722129935446,6.49298776855861e-06,0.0010222848520052,group_timepointADUResist.post_10_min - group_timepointADUResist.pre_exercise - group_timepointADUControl.post_10_min + group_timepointADUControl.pre_exercise,blood,prot-ol,ENSG00000142871.18,post_15_30_45_min,post 15 min,15.0,4.75094478592689,1.24217252166662e-37,2.92957516574203e-34,group_timepointADUResist.post_15_30_45_min - group_timepointADUResist.pre_exercise - group_timepointADUControl.post_15_30_45_min + group_timepointADUControl.pre_exercise,muscle,transcript-rna-seq,False
CCN1,RE-CON,OID21368,post_10_min,post 10 min,10.0,1.01722129935446,6.49298776855861e-06,0.0010222848520052,group_timepointADUResist.post_10_min - group_timepointADUResist.pre_exercise - group_timepointADUControl.post_10_min + group_timepointADUControl.pre_exercise,blood,prot-ol,ENSG00000142871.18,post_15_30_45_min,post 45 min,45.0,1.01470498396633,2.6440449114147e-05,0.0230951575088353,group_timepointADUResist.post_15_30_45_min - group_timepointADUResist.pre_exercise - group_timepointADUControl.post_15_30_45_min + group_timepointADUControl.pre_exercise,adipose,transcript-rna-seq,False
CCN1,RE-CON,OID21368,post_10_min,post 10 min,10.0,1.01722129935446,6.49298776855861e-06,0.0010222848520052,group_timepointADUResist.post_10_min - group_timepointADUResist.pre_exercise - group_timepointADUControl.post_10_min + group_timepointADUControl.pre_exercise,blood,prot-ol,O00622,post_3.5_4_hr,post 3.5 h,210.0,0.922364234557194,1.50472684866751e-12,4.672929228536951e-09,group_timepointADUResist.post_3.5_4_hr - group_timepointADUResist.pre_exercise - group_timepointADUControl.post_3.5_4_hr + group_timepointADUControl.pre_exercise,muscle,prot-pr,False
CCN1,EE-CON,OID21368,during_40_min,during 40 min,0.0,0.764203420354736,0.0013578417632332,0.0221994365010937,group_timepointADUEndur.during_40_min - group_timepointADUEndur.pre_exercise - group_timepointADUControl.during_40_min + group_timepointADUControl.pre_exercise,blood,prot-ol,ENSG00000142871.18,post_15_30_45_min,post 15 min,15.0,4.19396830560816,2.33890109057614e-30,2.27134812378362e-27,group_timepointADUEndur.post_15_30_45_min - group_timepointADUEndur.pre_exercise - group_timepointADUControl.post_15_30_45_min + group_timepointADUControl.pre_exercise,muscle,transcript-rna-seq,False
CCN1,EE-CON,OID21368,during_40_min,during 40 min,0.0,0.764203420354736,0.0013578417632332,0.0221994365010937,group_timepointADUEndur.during_40_min - group_timepointADUEndur.pre_exercise - group_timepointADUControl.during_40_min + group_timepointADUControl.pre_exercise,blood,prot-ol,ENSG00000142871.18,post_15_30_45_min,post 45 min,45.0,1.69054685589425,7.98555851530555e-12,1.24038175363968e-07,group_timepointADUEndur.post_15_30_45_min - group_timepointADUEndur.pre_exercise - group_timepointADUControl.post_15_30_45_min + group_timepointADUControl.pre_exercise,adipose,transcript-rna-seq,False
CCN1,RE-CON,OID21368,post_3.5_4_hr,post 3.5 h,210.0,0.779155859282715,0.0041226880513923,0.082279562941169,group_timepointADUResist.post_3.5_4_hr - group_timepointADUResist.pre_exercise - group_timepointADUControl.post_3.5_4_hr + group_timepointADUControl.pre_exercise,blood,prot-ol,ENSG00000142871.18,post_24_hr,post 24 h,1440.0,0.87077864999672,0.0022992307345878,0.0151528942903439,group_timepointADUResist.post_24_hr - group_timepointADUResist.pre_exercise - group_timepointADUControl.post_24_hr + group_timepointADUControl.pre_exercise,muscle,transcript-rna-seq,False
CCN1,RE-CON,OID21368,post_3.5_4_hr,post 3.5 h,210.0,0.779155859282715,0.0041226880513923,0.082279562941169,group_timepointADUResist.post_3.5_4_hr - group_timepointADUResist.pre_exercise - group_timepointADUControl.post_3.5_4_hr + group_timepointADUControl.pre_exercise,blood,prot-ol,ENSG00000142871.18,post_3.5_4_hr,post 3.5 h,210.0,2.58589193434417,1.99621464046713e-15,9.98651742408237e-14,group_timepointADUResist.post_3.5_4_hr - group_timepointADUResist.pre_exercise - group_timepointADUControl.post_3.5_4_hr + group_timepointADUControl.pre_exercise,muscle,transcript-rna-seq,True
CCN1,RE-CON,OID21368,post_3.5_4_hr,post 3.5 h,210.0,0.779155859282715,0.0041226880513923,0.082279562941169,group_timepointADUResist.post_3.5_4_hr - group_timepointADUResist.pre_exercise - group_timepointADUControl.post_3.5_4_hr + group_timepointADUControl.pre_exercise,blood,prot-ol,ENSG00000142871.18,post_15_30_45_min,post 15 min,15.0,4.75094478592689,1.24217252166662e-37,2.92957516574203e-34,group_timepointADUResist.post_15_30_45_min - group_timepointADUResist.pre_exercise - group_timepointADUControl.post_15_30_45_min + group_timepointADUControl.pre_exercise,muscle,transcript-rna-seq,True
CCN1,RE-CON,OID21368,post_3.5_4_hr,post 3.5 h,210.0,0.779155859282715,0.0041226880513923,0.082279562941169,group_timepointADUResist.post_3.5_4_hr - group_timepointADUResist.pre_exercise - group_timepointADUControl.post_3.5_4_hr + group_timepointADUControl.pre_exercise,blood,prot-ol,ENSG00000142871.18,post_15_30_45_min,post 45 min,45.0,1.01470498396633,2.6440449114147e-05,0.0230951575088353,group_timepointADUResist.post_15_30_45_min - group_timepointADUResist.pre_exercise - group_timepointADUControl.post_15_30_45_min + group_timepointADUControl.pre_exercise,adipose,transcript-rna-seq,True
CCN1,RE-CON,OID21368,post_3.5_4_hr,post 3.5 h,210.0,0.779155859282715,0.0041226880513923,0.082279562941169,group_timepointADUResist.post_3.5_4_hr - group_timepointADUResist.pre_exercise - group_timepointADUControl.post_3.5_4_hr + group_timepointADUControl.pre_exercise,blood,prot-ol,O00622,post_3.5_4_hr,post 3.5 h,210.0,0.922364234557194,1.50472684866751e-12,4.672929228536951e-09,group_timepointADUResist.post_3.5_4_hr - group_timepointADUResist.pre_exercise - group_timepointADUControl.post_3.5_4_hr + group_timepointADUControl.pre_exercise,muscle,prot-pr,True
VWA1,EE-CON,OID21421,during_40_min,during 40 min,0.0,0.235696837247232,0.0092791040809681,0.0738679240602916,group_timepointADUEndur.during_40_min - group_timepointADUEndur.pre_exercise - group_timepointADUControl.during_40_min + group_timepointADUControl.pre_exercise,blood,prot-ol,ENSG00000179403.12,post_3.5_4_hr,post 3.5 h,210.0,0.66972165282,3.89993470039413e-08,1.86620353532773e-06,group_timepointADUEndur.post_3.5_4_hr - group_timepointADUEndur.pre_exercise - group_timepointADUControl.post_3.5_4_hr + group_timepointADUControl.pre_exercise,muscle,transcript-rna-seq,False
VWA1,EE-CON,OID21421,during_40_min,during 40 min,0.0,0.235696837247232,0.0092791040809681,0.0738679240602916,group_timepointADUEndur.during_40_min - group_timepointADUEndur.pre_exercise - group_timepointADUControl.during_40_min + group_timepointADUControl.pre_exercise,blood,prot-ol,ENSG00000179403.12,post_15_30_45_min,post 15 min,15.0,0.618970327685089,1.48608194410247e-07,1.1464358324854e-05,group_timepointADUEndur.post_15_30_45_min - group_timepointADUEndur.pre_exercise - group_timepointADUControl.post_15_30_45_min + group_timepointADUControl.pre_exercise,muscle,transcript-rna-seq,False
SCLY,EE-CON,OID21425,during_20_min,during 20 min,-20.0,0.258578137675454,0.0036645759105339,0.0979755484005023,group_timepointADUEndur.during_20_min - group_timepointADUEndur.pre_exercise - group_timepointADUControl.during_20_min + group_timepointADUControl.pre_exercise,blood,prot-ol,ENSG00000132330.18,post_24_hr,post 24 h,1440.0,0.258394976857072,0.0010630865075368,0.0200495653820278,group_timepointADUEndur.post_24_hr - group_timepointADUEndur.pre_exercise - group_timepointADUControl.post_24_hr + group_timepointADUControl.pre_exercise,muscle,transcript-rna-seq,False
SCLY,EE-CON,OID21425,during_20_min,during 20 min,-20.0,0.258578137675454,0.0036645759105339,0.0979755484005023,group_timepointADUEndur.during_20_min - group_timepointADUEndur.pre_exercise - group_timepointADUControl.during_20_min + group_timepointADUControl.pre_exercise,blood,prot-ol,Q96I15,post_3.5_4_hr,post 4 h,240.0,0.692927292006049,0.0004741784124497,0.026553991097184,group_timepointADUEndur.post_3.5_4_hr - group_timepointADUEndur.pre_exercise - group_timepointADUControl.post_3.5_4_hr + group_timepointADUControl.pre_exercise,adipose,prot-pr,False
SCLY,RE-CON,OID21425,post_10_min,post 10 min,10.0,0.286997034131503,0.0007477373021244,0.0311630516797181,group_timepointADUResist.post_10_min - group_timepointADUResist.pre_exercise - group_timepointADUControl.post_10_min + group_timepointADUControl.pre_exercise,blood,prot-ol,ENSG00000132330.18,post_24_hr,post 24 h,1440.0,0.209936499057008,0.0067554318741434,0.0354611843593747,group_timepointADUResist.post_24_hr - group_timepointADUResist.pre_exercise - group_timepointADUControl.post_24_hr + group_timepointADUControl.pre_exercise,muscle,transcript-rna-seq,False
SCLY,EE-CON,OID21425,during_40_min,during 40 min,0.0,0.29187881183847,0.0014074184681845,0.0224079996563765,group_timepointADUEndur.during_40_min - group_timepointADUEndur.pre_exercise - group_timepointADUControl.during_40_min + group_timepointADUControl.pre_exercise,blood,prot-ol,ENSG00000132330.18,post_24_hr,post 24 h,1440.0,0.258394976857072,0.0010630865075368,0.0200495653820278,group_timepointADUEndur.post_24_hr - group_timepointADUEndur.pre_exercise - group_timepointADUControl.post_24_hr + group_timepointADUControl.pre_exercise,muscle,transcript-rna-seq,False
SCLY,EE-CON,OID21425,during_40_min,during 40 min,0.0,0.29187881183847,0.0014074184681845,0.0224079996563765,group_timepointADUEndur.during_40_min - group_timepointADUEndur.pre_exercise - group_timepointADUControl.during_40_min + group_timepointADUControl.pre_exercise,blood,prot-ol,Q96I15,post_3.5_4_hr,post 4 h,240.0,0.692927292006049,0.0004741784124497,0.026553991097184,group_timepointADUEndur.post_3.5_4_hr - group_timepointADUEndur.pre_exercise - group_timepointADUControl.post_3.5_4_hr + group_timepointADUControl.pre_exercise,adipose,prot-pr,False
APEX1,RE-CON,OID21434,post_10_min,post 10 min,10.0,0.971818903927615,0.0028081337609305,0.0729389081639481,group_timepointADUResist.post_10_min - group_timepointADUResist.pre_exercise - group_timepointADUControl.post_10_min + group_timepointADUControl.pre_exercise,blood,prot-ol,ENSG00000100823.12,post_3.5_4_hr,post 3.5 h,210.0,0.190134414704537,3.23277393129724e-06,2.94698314918753e-05,group_timepointADUResist.post_3.5_4_hr - group_timepointADUResist.pre_exercise - group_timepointADUControl.post_3.5_4_hr + group_timepointADUControl.pre_exercise,muscle,transcript-rna-seq,False
ANGPT2,RE-CON,OID21463,post_10_min,post 10 min,10.0,0.218838090776205,0.0047115538922042,0.0996458487351264,group_timepointADUResist.post_10_min - group_timepointADUResist.pre_exercise - group_timepointADUControl.post_10_min + group_timepointADUControl.pre_exercise,blood,prot-ol,ENSG00000091879.14,post_3.5_4_hr,post 3.5 h,210.0,0.454900054570755,0.0084682267910174,0.0280896033941946,group_timepointADUResist.post_3.5_4_hr - group_timepointADUResist.pre_exercise - group_timepointADUControl.post_3.5_4_hr + group_timepointADUControl.pre_exercise,muscle,transcript-rna-seq,False
ANGPT2,EE-CON,OID21463,during_40_min,during 40 min,0.0,0.401347354572734,2.46673145712557e-06,0.0002056093220439,group_timepointADUEndur.during_40_min - group_timepointADUEndur.pre_exercise - group_timepointADUControl.during_40_min + group_timepointADUControl.pre_exercise,blood,prot-ol,ENSG00000091879.14,post_3.5_4_hr,post 3.5 h,210.0,0.717249863099963,4.93625550817771e-05,0.0009854007519287,group_timepointADUEndur.post_3.5_4_hr - group_timepointADUEndur.pre_exercise - group_timepointADUControl.post_3.5_4_hr + group_timepointADUControl.pre_exercise,muscle,transcript-rna-seq,False
ANGPT2,EE-CON,OID21463,post_10_min,post 10 min,10.0,0.273103765469231,0.0008342543888187,0.057578037561428,group_timepointADUEndur.post_10_min - group_timepointADUEndur.pre_exercise - group_timepointADUControl.post_10_min + group_timepointADUControl.pre_exercise,blood,prot-ol,ENSG00000091879.14,post_3.5_4_hr,post 3.5 h,210.0,0.717249863099963,4.93625550817771e-05,0.0009854007519287,group_timepointADUEndur.post_3.5_4_hr - group_timepointADUEndur.pre_exercise - group_timepointADUControl.post_3.5_4_hr + group_timepointADUControl.pre_exercise,muscle,transcript-rna-seq,False
ANGPT2,EE-CON,OID21463,during_20_min,during 20 min,-20.0,0.242744241659708,0.0028778928254415,0.0832239619112377,group_timepointADUEndur.during_20_min - group_timepointADUEndur.pre_exercise - group_timepointADUControl.during_20_min + group_timepointADUControl.pre_exercise,blood,prot-ol,ENSG00000091879.14,post_3.5_4_hr,post 3.5 h,210.0,0.717249863099963,4.93625550817771e-05,0.0009854007519287,group_timepointADUEndur.post_3.5_4_hr - group_timepointADUEndur.pre_exercise - group_timepointADUControl.post_3.5_4_hr + group_timepointADUControl.pre_exercise,muscle,transcript-rna-seq,False
