"assay","feature_id","gene_symbol","uniprot","ambiguous_gene"
"prot-ol","OID20051","HNRNPK","P61978",FALSE
"prot-ol","OID20052","CEBPB","P17676",FALSE
"prot-ol","OID20055","CRHR1","P34998",FALSE
"prot-ol","OID20056","TSLP","Q969D9",FALSE
"prot-ol","OID20057","MFAP3","P55082",FALSE
"prot-ol","OID20059","DUOX2","Q9NRD8",FALSE
"prot-ol","OID20061","CTF1","Q16619",FALSE
"prot-ol","OID20062","AKR1C4","P17516",FALSE
"prot-ol","OID20063","HEBP1","Q9NRV9",FALSE
"prot-ol","OID20064","SERPINB5","P36952",FALSE
"prot-ol","OID20066","GRK5","P34947",FALSE
"prot-ol","OID20067","VSTM2L","Q96N03",FALSE
"prot-ol","OID20068","TIA1","P31483",FALSE
"prot-ol","OID20069","CNPY2","Q9Y2B0",FALSE
"prot-ol","OID20070","CRX","O43186",FALSE
"prot-ol","OID20071","VAMP5","O95183",FALSE
"prot-ol","OID20072","SUSD1","Q6UWL2",FALSE
"prot-ol","OID20073","RCOR1","Q9UKL0",FALSE
"prot-ol","OID20074","TNF","P01375",FALSE
"prot-ol","OID20075","CA5A","P35218",FALSE
"prot-ol","OID20076","FABP6","P51161",FALSE
"prot-ol","OID20077","STK11","Q15831",FALSE
"prot-ol","OID20078","TSPAN1","O60635",FALSE
"prot-ol","OID20079","ACTA2","P62736",FALSE
"prot-ol","OID20081","EDIL3","O43854",FALSE
"prot-ol","OID20082","ZBTB17","Q13105",FALSE
"prot-ol","OID20083","PTN","P21246",FALSE
"prot-ol","OID20084","CEP43","O95684",FALSE
"prot-ol","OID20085","IRAG2","Q12912",FALSE
"prot-ol","OID20086","COMT","P21964",FALSE
"prot-ol","OID20087","MMP7","P09237",FALSE
"prot-ol","OID20088","PON2","Q15165",FALSE
"prot-ol","OID20089","ADAMTS16","Q8TE57",FALSE
"prot-ol","OID20090","GP2","P55259",FALSE
"prot-ol","OID20091","WASF1","Q92558",FALSE
"prot-ol","OID20092","MPHOSPH8","Q99549",FALSE
"prot-ol","OID20093","DNAJB8","Q8NHS0",FALSE
"prot-ol","OID20094","SLITRK6","Q9H5Y7",FALSE
"prot-ol","OID20095","GPR37","O15354",FALSE
"prot-ol","OID20096","GZMH","P20718",FALSE
"prot-ol","OID20097","GYS1","P13807",FALSE
"prot-ol","OID20098","THPO","P40225",FALSE
"prot-ol","OID20099","CLEC1A","Q8NC01",FALSE
"prot-ol","OID20100","ENTPD6","O75354",FALSE
"prot-ol","OID20101","IL6","P05231",FALSE
"prot-ol","OID20102","CEACAM8","P31997",FALSE
"prot-ol","OID20103","S100P","P25815",FALSE
"prot-ol","OID20104","ENTPD5","O75356",FALSE
"prot-ol","OID20105","ACE2","Q9BYF1",FALSE
"prot-ol","OID20106","DCN","P07585",FALSE
"prot-ol","OID20107","GLO1","Q04760",FALSE
"prot-ol","OID20108","PAG1","Q9NWQ8",FALSE
"prot-ol","OID20109","ADAM15","Q13444",FALSE
"prot-ol","OID20110","USP8","P40818",FALSE
"prot-ol","OID20111","BMP6","P22004",FALSE
"prot-ol","OID20112","ITGB1BP2","Q9UKP3",FALSE
"prot-ol","OID20113","CTSH","P09668",FALSE
"prot-ol","OID20114","BAG6","P46379",FALSE
"prot-ol","OID20115","MSTN","O14793",FALSE
"prot-ol","OID20116","BOC","Q9BWV1",FALSE
"prot-ol","OID20117","ADH4","P08319",FALSE
"prot-ol","OID20118","CLTA","P09496",FALSE
"prot-ol","OID20119","EPHX2","P34913",FALSE
"prot-ol","OID20121","CCL27","Q9Y4X3",FALSE
"prot-ol","OID20122","AK1","P00568",FALSE
"prot-ol","OID20123","ANXA4","P09525",FALSE
"prot-ol","OID20124","ACOX1","Q15067",FALSE
"prot-ol","OID20125","NPPB","P16860",FALSE
"prot-ol","OID20126","CLC","Q05315",FALSE
"prot-ol","OID20127","CNST","Q6PJW8",FALSE
"prot-ol","OID20128","LEPR","P48357",FALSE
"prot-ol","OID20129","TSHB","P01222",FALSE
"prot-ol","OID20130","S100A11","P31949",FALSE
"prot-ol","OID20131","VSIR","Q9H7M9",FALSE
"prot-ol","OID20132","PCDH17","O14917",FALSE
"prot-ol","OID20133","PDGFRA","P16234",FALSE
"prot-ol","OID20134","CDH17","Q12864",FALSE
"prot-ol","OID20135","SNX9","Q9Y5X1",FALSE
"prot-ol","OID20136","NTRK2","Q16620",FALSE
"prot-ol","OID20137","ACY1","Q03154",FALSE
"prot-ol","OID20138","DOK2","O60496",FALSE
"prot-ol","OID20139","AGXT","P21549",FALSE
"prot-ol","OID20140","STK4","Q13043",FALSE
"prot-ol","OID20141","TGM2","P21980",FALSE
"prot-ol","OID20142","DPP7","Q9UHL4",FALSE
"prot-ol","OID20143","PLIN3","O60664",FALSE
"prot-ol","OID20144","PLPBP","O94903",FALSE
"prot-ol","OID20145","ICAM5","Q9UMF0",FALSE
"prot-ol","OID20146","PRKAR1A","P10644",FALSE
"prot-ol","OID20147","IL6ST","P40189",FALSE
"prot-ol","OID20148","DCTPP1","Q9H773",FALSE
"prot-ol","OID20149","PM20D1","Q6GTS8",FALSE
"prot-ol","OID20150","LACTB2","Q53H82",FALSE
"prot-ol","OID20151","FADD","Q13158",FALSE
"prot-ol","OID20152","CGREF1","Q99674",FALSE
"prot-ol","OID20153","CXCL8","P10145",FALSE
"prot-ol","OID20154","LGALS1","P09382",FALSE
"prot-ol","OID20155","IGFBPL1","Q8WX77",FALSE
"prot-ol","OID20156","MNDA","P41218",FALSE
"prot-ol","OID20157","CDH6","P55285",FALSE
"prot-ol","OID20158","IL19","Q9UHD0",FALSE
"prot-ol","OID20159","ACAN","P16112",FALSE
"prot-ol","OID20160","PLXNB3","Q9ULL4",FALSE
"prot-ol","OID20161","TYRO3","Q06418",FALSE
"prot-ol","OID20162","EIF4EBP1","Q13541",FALSE
"prot-ol","OID20163","PDCD6","O75340",FALSE
"prot-ol","OID20164","APLP1","P51693",FALSE
"prot-ol","OID20165","CLEC5A","Q9NY25",FALSE
"prot-ol","OID20166","GSTA1","P08263",FALSE
"prot-ol","OID20167","IGSF8","Q969P0",FALSE
"prot-ol","OID20168","MEP1B","Q16820",FALSE
"prot-ol","OID20169","SDC1","P18827",FALSE
"prot-ol","OID20170","CDH2","P19022",FALSE
"prot-ol","OID20171","MCFD2","Q8NI22",FALSE
"prot-ol","OID20172","FCRL1","Q96LA6",FALSE
"prot-ol","OID20173","GPNMB","Q14956",FALSE
"prot-ol","OID20174","QDPR","P09417",FALSE
"prot-ol","OID20175","GHRL","Q9UBU3",FALSE
"prot-ol","OID20176","PPP1R2","P41236",FALSE
"prot-ol","OID20177","CD2AP","Q9Y5K6",FALSE
"prot-ol","OID20178","NADK","O95544",FALSE
"prot-ol","OID20179","CBLIF","P27352",FALSE
"prot-ol","OID20180","TINAGL1","Q9GZM7",FALSE
"prot-ol","OID20181","CANT1","Q8WVQ1",FALSE
"prot-ol","OID20182","SSC4D","Q8WTU2",FALSE
"prot-ol","OID20183","OLR1","P78380",FALSE
"prot-ol","OID20184","DIABLO","Q9NR28",FALSE
"prot-ol","OID20185","LRP11","Q86VZ4",FALSE
"prot-ol","OID20186","SEMA3F","Q13275",FALSE
"prot-ol","OID20187","LEP","P41159",FALSE
"prot-ol","OID20188","LPL","P06858",FALSE
"prot-ol","OID20189","ADGRG2","Q8IZP9",FALSE
"prot-ol","OID20190","SIGLEC7","Q9Y286",FALSE
"prot-ol","OID20191","NPTXR","O95502",FALSE
"prot-ol","OID20192","GRAP2","O75791",FALSE
"prot-ol","OID20193","CDHR5","Q9HBB8",FALSE
"prot-ol","OID20194","THOP1","P52888",FALSE
"prot-ol","OID20195","GLRX","P35754",FALSE
"prot-ol","OID20196","KITLG","P21583",FALSE
"prot-ol","OID20197","PILRB","Q9UKJ0",FALSE
"prot-ol","OID20198","CLUL1","Q15846",FALSE
"prot-ol","OID20199","AHCY","P23526",FALSE
"prot-ol","OID20200","FABP2","P12104",FALSE
"prot-ol","OID20201","REN","P00797",FALSE
"prot-ol","OID20202","GDF2","Q9UK05",FALSE
"prot-ol","OID20203","RNASE3","P12724",FALSE
"prot-ol","OID20204","SOST","Q9BQB4",FALSE
"prot-ol","OID20205","NPDC1","Q9NQX5",FALSE
"prot-ol","OID20206","CD69","Q07108",FALSE
"prot-ol","OID20207","CXCL5","P42830",FALSE
"prot-ol","OID20208","COL4A1","P02462",FALSE
"prot-ol","OID20209","LILRA5","A6NI73",FALSE
"prot-ol","OID20210","MARCO","Q9UEW3",FALSE
"prot-ol","OID20211","ANGPTL1","O95841",FALSE
"prot-ol","OID20212","PRSS27","Q9BQR3",FALSE
"prot-ol","OID20213","SORT1","Q99523",FALSE
"prot-ol","OID20214","SFTPD","P35247",FALSE
"prot-ol","OID20215","DDC","P20711",FALSE
"prot-ol","OID20216","SDC4","P31431",FALSE
"prot-ol","OID20217","HMOX1","P09601",FALSE
"prot-ol","OID20218","SNAP23","O00161",FALSE
"prot-ol","OID20219","SERPINA12","Q8IW75",FALSE
"prot-ol","OID20220","GH1","P01241",FALSE
"prot-ol","OID20221","SPON2","Q9BUD6",FALSE
"prot-ol","OID20222","NECTIN2","Q92692",FALSE
"prot-ol","OID20223","CHRDL2","Q6WN34",FALSE
"prot-ol","OID20224","ROR1","Q01973",FALSE
"prot-ol","OID20225","CA13","Q8N1Q1",FALSE
"prot-ol","OID20226","CCDC80","Q76M96",FALSE
"prot-ol","OID20227","FBP1","P09467",FALSE
"prot-ol","OID20228","CTSL","P07711",FALSE
"prot-ol","OID20229","NRCAM","Q92823",FALSE
"prot-ol","OID20230","HSPB1","P04792",FALSE
"prot-ol","OID20231","THBD","P07204",FALSE
"prot-ol","OID20232","KYAT1","Q16773",FALSE
"prot-ol","OID20233","FAM3C","Q92520",FALSE
"prot-ol","OID20234","TYMP","P19971",FALSE
"prot-ol","OID20235","PCSK9","Q8NBP7",FALSE
"prot-ol","OID20236","IGFBP7","Q16270",FALSE
"prot-ol","OID20237","UMOD","P07911",FALSE
"prot-ol","OID20238","PLTP","P55058",FALSE
"prot-ol","OID20239","MFAP5","Q13361",FALSE
"prot-ol","OID20240","LDLR","P01130",FALSE
"prot-ol","OID20241","CA4","P22748",FALSE
"prot-ol","OID20242","EPHB4","P54760",FALSE
"prot-ol","OID20243","CDH5","P33151",FALSE
"prot-ol","OID20244","CES1","P23141",FALSE
"prot-ol","OID20245","FABP4","P15090",FALSE
"prot-ol","OID20246","IGFBP1","P08833",FALSE
"prot-ol","OID20247","PLAT","P00750",FALSE
"prot-ol","OID20248","ICAM2","P13598",FALSE
"prot-ol","OID20249","ADAMTS13","Q76LX8",FALSE
"prot-ol","OID20250","IL1RL1","Q01638",FALSE
"prot-ol","OID20251","GDF15","Q99988",FALSE
"prot-ol","OID20252","PLA2G1B","P04054",FALSE
"prot-ol","OID20253","NOTCH3","Q9UM47",FALSE
"prot-ol","OID20254","LTBP2","Q14767",FALSE
"prot-ol","OID20255","TGFBR3","Q03167",FALSE
"prot-ol","OID20256","VWF","P04275",FALSE
"prot-ol","OID20257","PEAR1","Q5VY43",FALSE
"prot-ol","OID20258","REG3A","Q06141",FALSE
"prot-ol","OID20259","XG","P55808",FALSE
"prot-ol","OID20260","ADGRE5","P48960",FALSE
"prot-ol","OID20261","FUCA1","P04066",FALSE
"prot-ol","OID20262","CD209","Q9NNX6",FALSE
"prot-ol","OID20263","MB","P02144",FALSE
"prot-ol","OID20264","DKK3","Q9UBP4",FALSE
"prot-ol","OID20265","TNFRSF10C","O14798",FALSE
"prot-ol","OID20266","REG1B","P48304",FALSE
"prot-ol","OID20267","IL2RA","P01589",FALSE
"prot-ol","OID20268","PDGFRB","P09619",FALSE
"prot-ol","OID20269","MET","P08581",FALSE
"prot-ol","OID20270","ESAM","Q96AP7",FALSE
"prot-ol","OID20271","CA3","P07451",FALSE
"prot-ol","OID20272","TNFSF13B","Q9Y275",FALSE
"prot-ol","OID20273","ALCAM","Q13740",FALSE
"prot-ol","OID20274","PLA2G2A","P14555",FALSE
"prot-ol","OID20275","MSMB","P08118",FALSE
"prot-ol","OID20276","CTSB","P07858",FALSE
"prot-ol","OID20277","ICAM3","P32942",FALSE
"prot-ol","OID20278","DPT","Q07507",FALSE
"prot-ol","OID20279","CRTAC1","Q9NQ79",FALSE
"prot-ol","OID20280","CPA1","P15085",FALSE
"prot-ol","OID20281","SERPINA11","Q86U17",FALSE
"prot-ol","OID20282","CXCL16","Q9H2A7",FALSE
"prot-ol","OID20283","SEMA7A","O75326",FALSE
"prot-ol","OID20284","LGALS3","P17931",FALSE
"prot-ol","OID20285","MEGF9","Q9H1U4",FALSE
"prot-ol","OID20286","CORO1A","P31146",FALSE
"prot-ol","OID20287","ENG","P17813",FALSE
"prot-ol","OID20288","ENPP2","Q13822",FALSE
"prot-ol","OID20289","CPB1","P15086",FALSE
"prot-ol","OID20290","SELE","P16581",FALSE
"prot-ol","OID20291","PAM","P19021",FALSE
"prot-ol","OID20292","COL6A3","P12111",FALSE
"prot-ol","OID20293","CST6","Q15828",FALSE
"prot-ol","OID20294","CSTB","P04080",FALSE
"prot-ol","OID20295","DLK1","P80370",FALSE
"prot-ol","OID20296","GUSB","P08236",FALSE
"prot-ol","OID20297","SCARF1","Q14162",FALSE
"prot-ol","OID20298","CELA3A","P09093",FALSE
"prot-ol","OID20299","CCN3","P48745",FALSE
"prot-ol","OID20300","HYOU1","Q9Y4L1",FALSE
"prot-ol","OID20301","LILRB2","Q8N423",FALSE
"prot-ol","OID20302","ST6GAL1","P15907",FALSE
"prot-ol","OID20303","TIE1","P35590",FALSE
"prot-ol","OID20304","SIRPA","P78324",FALSE
"prot-ol","OID20305","CASP3","P42574",FALSE
"prot-ol","OID20306","PTPRS","Q13332",FALSE
"prot-ol","OID20307","CNTN1","Q12860",FALSE
"prot-ol","OID20308","BPIFB1","Q8TDL5",FALSE
"prot-ol","OID20309","AZU1","P20160",FALSE
"prot-ol","OID20310","PTPRF","P10586",FALSE
"prot-ol","OID20311","NOTCH1","P46531",FALSE
"prot-ol","OID20312","CHIT1","Q13231",FALSE
"prot-ol","OID20313","PDGFA","P04085",FALSE
"prot-ol","OID20314","ACP5","P13686",FALSE
"prot-ol","OID20315","ITGB2","P05107",FALSE
"prot-ol","OID20316","FAS","P25445",FALSE
"prot-ol","OID20317","PLXNB2","O15031",FALSE
"prot-ol","OID20318","GAS6","Q14393",FALSE
"prot-ol","OID20319","EGFR","P00533",FALSE
"prot-ol","OID20320","QPCT","Q16769",FALSE
"prot-ol","OID20321","RNASET2","O00584",FALSE
"prot-ol","OID20322","SPP1","P10451",FALSE
"prot-ol","OID20323","LILRB1","Q8NHL6",FALSE
"prot-ol","OID20324","LILRB5","O75023",FALSE
"prot-ol","OID20325","IGFBP2","P18065",FALSE
"prot-ol","OID20326","PI3","P19957",FALSE
"prot-ol","OID20327","RETN","Q9HD89",FALSE
"prot-ol","OID20328","CCL15","Q16663",FALSE
"prot-ol","OID20329","PRTN3","P24158",FALSE
"prot-ol","OID20330","FAP","Q12884",FALSE
"prot-ol","OID20331","PPIB","P23284",FALSE
"prot-ol","OID20332","COL18A1","P39060",FALSE
"prot-ol","OID20333","AMY1C","P04746",FALSE
"prot-ol","OID20334","CCL16","O15467",FALSE
"prot-ol","OID20335","COL1A1","P02452",FALSE
"prot-ol","OID20336","BLMH","Q13867",FALSE
"prot-ol","OID20337","PRCP","P42785",FALSE
"prot-ol","OID20338","PGLYRP1","O75594",FALSE
"prot-ol","OID20339","CD59","P13987",FALSE
"prot-ol","OID20340","AMY2B","P19961",FALSE
"prot-ol","OID20341","TCN2","P20062",FALSE
"prot-ol","OID20342","SERPINE1","P05121",FALSE
"prot-ol","OID20343","MCAM","P43121",FALSE
"prot-ol","OID20344","DEFA1","P59665",FALSE
"prot-ol","OID20345","VASN","Q6EMK4",FALSE
"prot-ol","OID20346","ART3","Q13508",FALSE
"prot-ol","OID20347","CNDP1","Q96KN2",FALSE
"prot-ol","OID20348","IL18BP","O95998",FALSE
"prot-ol","OID20349","F9","P00740",FALSE
"prot-ol","OID20350","ANPEP","P15144",FALSE
"prot-ol","OID20351","SSC5D","A1L4H1",FALSE
"prot-ol","OID20352","ITIH3","Q06033",FALSE
"prot-ol","OID20353","CDH1","P12830",FALSE
"prot-ol","OID20354","NCAM1","P13591",FALSE
"prot-ol","OID20355","LBP","P18428",FALSE
"prot-ol","OID20356","OSMR","Q99650",FALSE
"prot-ol","OID20357","HYAL1","Q12794",FALSE
"prot-ol","OID20358","CTSD","P07339",FALSE
"prot-ol","OID20359","TNC","P24821",FALSE
"prot-ol","OID20360","CD163","Q86VB7",FALSE
"prot-ol","OID20361","SPARCL1","Q14515",FALSE
"prot-ol","OID20362","NID1","P14543",FALSE
"prot-ol","OID20363","AXL","P30530",FALSE
"prot-ol","OID20364","PRSS2","P07478",FALSE
"prot-ol","OID20365","CTSZ","Q9UBR2",FALSE
"prot-ol","OID20366","CHL1","O00533",FALSE
"prot-ol","OID20367","C1QTNF1","Q9BXJ1",FALSE
"prot-ol","OID20368","THBS4","P35443",FALSE
"prot-ol","OID20369","TFRC","P02786",FALSE
"prot-ol","OID20370","KIT","P10721",FALSE
"prot-ol","OID20371","TFF3","Q07654",FALSE
"prot-ol","OID20372","F7","P08709",FALSE
"prot-ol","OID20373","RARRES2","Q99969",FALSE
"prot-ol","OID20374","APOM","O95445",FALSE
"prot-ol","OID20375","TIMD4","Q96H15",FALSE
"prot-ol","OID20376","ITGB1","P05556",FALSE
"prot-ol","OID20377","CD55","P08174",FALSE
"prot-ol","OID20378","CD14","P08571",FALSE
"prot-ol","OID20379","SELP","P16109",FALSE
"prot-ol","OID20380","CD46","P15529",FALSE
"prot-ol","OID20381","GP1BA","P07359",FALSE
"prot-ol","OID20382","FCN2","Q15485",FALSE
"prot-ol","OID20383","HSPG2","P98160",FALSE
"prot-ol","OID20384","PCOLCE","Q15113",FALSE
"prot-ol","OID20385","IL6R","P08887",FALSE
"prot-ol","OID20386","SOD1","P00441",FALSE
"prot-ol","OID20387","FCGR3B","O75015",FALSE
"prot-ol","OID20388","TFPI","P10646",FALSE
"prot-ol","OID20389","AOC3","Q16853",FALSE
"prot-ol","OID20390","NRP1","O14786",FALSE
"prot-ol","OID20391","FCGR2A","P12318",FALSE
"prot-ol","OID20392","LCN2","P80188",FALSE
"prot-ol","OID20393","CR2","P20023",FALSE
"prot-ol","OID20394","ADA2","Q9NZK5",FALSE
"prot-ol","OID20395","CCL18","P55774",FALSE
"prot-ol","OID20396","VCAM1","P19320",FALSE
"prot-ol","OID20397","CD93","Q9NPY3",FALSE
"prot-ol","OID20398","IGFBP3","P17936",FALSE
"prot-ol","OID20399","CHI3L1","P36222",FALSE
"prot-ol","OID20400","CST3","P01034",FALSE
"prot-ol","OID20401","CCL14","Q16627",FALSE
"prot-ol","OID20402","PROC","P04070",FALSE
"prot-ol","OID20403","ANG","P03950",FALSE
"prot-ol","OID20404","FETUB","Q9UGM5",FALSE
"prot-ol","OID20405","COMP","P49747",FALSE
"prot-ol","OID20406","DPP4","P27487",FALSE
"prot-ol","OID20407","ANGPTL3","Q9Y5C1",FALSE
"prot-ol","OID20408","PTGDS","P41222",FALSE
"prot-ol","OID20409","CA1","P00915",FALSE
"prot-ol","OID20410","C2","P06681",FALSE
"prot-ol","OID20411","ICAM1","P05362",FALSE
"prot-ol","OID20412","CCL5","P13501",FALSE
"prot-ol","OID20413","IGFBP6","P24592",FALSE
"prot-ol","OID20414","EFEMP1","Q12805",FALSE
"prot-ol","OID20415","REG1A","P05451",FALSE
"prot-ol","OID20416","GGH","Q92820",FALSE
"prot-ol","OID20417","TGFBI","Q15582",FALSE
"prot-ol","OID20418","TIMP1","P01033",FALSE
"prot-ol","OID20420","IL10RA","Q13651",FALSE
"prot-ol","OID20421","PAPPA","Q13219",FALSE
"prot-ol","OID20422","IL20RA","Q9UHF4",FALSE
"prot-ol","OID20423","EIF5A","P63241",FALSE
"prot-ol","OID20424","JUN","P05412",FALSE
"prot-ol","OID20425","RAB37","Q96AX2",FALSE
"prot-ol","OID20427","IL1B","P01584",FALSE
"prot-ol","OID20428","IL33","O95760",FALSE
"prot-ol","OID20429","LILRB4","Q8NHJ6",FALSE
"prot-ol","OID20430","IL13","P35225",FALSE
"prot-ol","OID20431","IL10","P22301",FALSE
"prot-ol","OID20433","TNFAIP8","O95379",FALSE
"prot-ol","OID20435","ACTN4","O43707",FALSE
"prot-ol","OID20436","LAP3","P28838",FALSE
"prot-ol","OID20437","AMBN","Q9NP70",FALSE
"prot-ol","OID20438","LRRN1","Q6UXK5",FALSE
"prot-ol","OID20442","NBN","O60934",FALSE
"prot-ol","OID20443","FCRL3","Q96P31",FALSE
"prot-ol","OID20444","PRKAB1","Q9Y478",FALSE
"prot-ol","OID20445","PNPT1","Q8TCS8",FALSE
"prot-ol","OID20447","RABGAP1L","Q5R372",FALSE
"prot-ol","OID20449","IL22RA1","Q8N6P7",FALSE
"prot-ol","OID20450","IL2RB","P14784",FALSE
"prot-ol","OID20451","MYO9B","Q13459",FALSE
"prot-ol","OID20453","IL20","Q9NYY1",FALSE
"prot-ol","OID20455","IL11","P20809",FALSE
"prot-ol","OID20456","IL17F","Q96PD4",FALSE
"prot-ol","OID20457","SCGN","O76038",FALSE
"prot-ol","OID20458","CXCL14","O95715",FALSE
"prot-ol","OID20459","MVK","Q03426",FALSE
"prot-ol","OID20460","WNT9A","O14904",FALSE
"prot-ol","OID20461","IL3RA","P26951",FALSE
"prot-ol","OID20462","SIT1","Q9Y3P8",FALSE
"prot-ol","OID20463","FXYD5","Q96DB9",FALSE
"prot-ol","OID20464","CXCL12","P48061",FALSE
"prot-ol","OID20467","PADI2","Q9Y2J8",FALSE
"prot-ol","OID20468","PRKCQ","Q04759",FALSE
"prot-ol","OID20469","IL17A","Q16552",FALSE
"prot-ol","OID20470","NFATC3","Q12968",FALSE
"prot-ol","OID20471","GALNT3","Q14435",FALSE
"prot-ol","OID20472","IL5","P05113",FALSE
"prot-ol","OID20473","TNF","P01375",FALSE
"prot-ol","OID20474","TANK","Q92844",FALSE
"prot-ol","OID20475","SPRY2","O43597",FALSE
"prot-ol","OID20476","TPT1","P13693",FALSE
"prot-ol","OID20477","IL17C","Q9P0M4",FALSE
"prot-ol","OID20478","YTHDF3","Q7Z739",FALSE
"prot-ol","OID20479","WAS","P42768",FALSE
"prot-ol","OID20480","TNFRSF13C","Q96RJ3",FALSE
"prot-ol","OID20481","IL17D","Q8TAD2",FALSE
"prot-ol","OID20482","MILR1","Q7Z6M3",FALSE
"prot-ol","OID20483","PRDX3","P30048",FALSE
"prot-ol","OID20484","ICA1","Q05084",FALSE
"prot-ol","OID20485","IRAK1","P51617",FALSE
"prot-ol","OID20486","IL12RB1","P42701",FALSE
"prot-ol","OID20487","IL1RL2","Q9HB29",FALSE
"prot-ol","OID20490","FGF5","P12034",FALSE
"prot-ol","OID20491","CSF3","P09919",FALSE
"prot-ol","OID20492","AMN","Q9BXJ7",FALSE
"prot-ol","OID20493","ITGB6","P18564",FALSE
"prot-ol","OID20494","JCHAIN","P01591",FALSE
"prot-ol","OID20495","IFNG","P01579",FALSE
"prot-ol","OID20496","SLAMF1","Q13291",FALSE
"prot-ol","OID20497","ENAH","Q8N8S7",FALSE
"prot-ol","OID20498","IL15RA","Q13261",FALSE
"prot-ol","OID20500","PARP1","P09874",FALSE
"prot-ol","OID20501","FABP9","Q0Z7S8",FALSE
"prot-ol","OID20502","SRPK2","P78362",FALSE
"prot-ol","OID20503","FGF2","P09038",FALSE
"prot-ol","OID20504","ITM2A","O43736",FALSE
"prot-ol","OID20505","BACH1","O14867",FALSE
"prot-ol","OID20506","IFNLR1","Q8IU57",FALSE
"prot-ol","OID20507","TRAF2","Q12933",FALSE
"prot-ol","OID20508","SULT2A1","Q06520",FALSE
"prot-ol","OID20509","SPINK4","O60575",FALSE
"prot-ol","OID20510","NUB1","Q9Y5A7",FALSE
"prot-ol","OID20511","PSPN","O60542",FALSE
"prot-ol","OID20512","ALDH3A1","P30838",FALSE
"prot-ol","OID20514","SH2D1A","O60880",FALSE
"prot-ol","OID20515","FOXO1","Q12778",FALSE
"prot-ol","OID20516","VASH1","Q7L8A9",FALSE
"prot-ol","OID20517","BID","P55957",FALSE
"prot-ol","OID20519","METAP1D","Q6UB28",FALSE
"prot-ol","OID20520","HLA-DRA","P01903",FALSE
"prot-ol","OID20521","TBC1D5","Q92609",FALSE
"prot-ol","OID20522","EPO","P01588",FALSE
"prot-ol","OID20523","CCL7","P80098",FALSE
"prot-ol","OID20524","DAPP1","Q9UN19",FALSE
"prot-ol","OID20525","EDAR","Q9UNE0",FALSE
"prot-ol","OID20526","TRIM5","Q9C035",FALSE
"prot-ol","OID20527","DPP10","Q8N608",FALSE
"prot-ol","OID20528","ITGA6","P23229",FALSE
"prot-ol","OID20529","FCRL6","Q6DN72",FALSE
"prot-ol","OID20530","LSP1","P33241",FALSE
"prot-ol","OID20531","STX8","Q9UNK0",FALSE
"prot-ol","OID20532","HLA-E","P13747",FALSE
"prot-ol","OID20533","TRIM21","P19474",FALSE
"prot-ol","OID20534","PSIP1","O75475",FALSE
"prot-ol","OID20535","IL7","P13232",FALSE
"prot-ol","OID20536","SAMD9L","Q8IVG5",FALSE
"prot-ol","OID20537","SIGLEC10","Q96LC7",FALSE
"prot-ol","OID20538","ISM1","B1AKI9",FALSE
"prot-ol","OID20539","SLC39A5","Q6ZMH5",FALSE
"prot-ol","OID20540","BTN3A2","P78410",FALSE
"prot-ol","OID20541","MLN","P12872",FALSE
"prot-ol","OID20542","SCRN1","Q12765",FALSE
"prot-ol","OID20543","PROK1","P58294",FALSE
"prot-ol","OID20544","IKBKG","Q9Y6K9",FALSE
"prot-ol","OID20545","NFATC1","O95644",FALSE
"prot-ol","OID20546","CCL26","Q9Y258",FALSE
"prot-ol","OID20547","CLEC4C","Q8WTT0",FALSE
"prot-ol","OID20548","CEACAM21","Q3KPI0",FALSE
"prot-ol","OID20549","PSMG3","Q9BT73",FALSE
"prot-ol","OID20550","COL9A1","P20849",FALSE
"prot-ol","OID20551","GOPC","Q9HD26",FALSE
"prot-ol","OID20552","MAP2K6","P52564",FALSE
"prot-ol","OID20553","NT5C3A","Q9H0P0",FALSE
"prot-ol","OID20554","ARHGEF12","Q9NZN5",FALSE
"prot-ol","OID20555","CASP2","P42575",FALSE
"prot-ol","OID20556","CNTNAP2","Q9UHC6",FALSE
"prot-ol","OID20557","MAPK9","P45984",FALSE
"prot-ol","OID20558","BCR","P11274",FALSE
"prot-ol","OID20559","CLIP2","Q9UDT6",FALSE
"prot-ol","OID20560","SELPLG","Q14242",FALSE
"prot-ol","OID20561","CXADR","P78310",FALSE
"prot-ol","OID20562","IL15","P40933",FALSE
"prot-ol","OID20563","IL6","P05231",FALSE
"prot-ol","OID20564","FCAR","P24071",FALSE
"prot-ol","OID20565","CD83","Q01151",FALSE
"prot-ol","OID20566","NCR1","O76036",FALSE
"prot-ol","OID20567","NCF2","P19878",FALSE
"prot-ol","OID20568","NPPC","P23582",FALSE
"prot-ol","OID20569","CCL28","Q9NRJ3",FALSE
"prot-ol","OID20570","PTX3","P26022",FALSE
"prot-ol","OID20571","PTH1R","Q03431",FALSE
"prot-ol","OID20572","EGLN1","Q9GZT9",FALSE
"prot-ol","OID20573","CLEC4A","Q9UMR7",FALSE
"prot-ol","OID20574","OSM","P13725",FALSE
"prot-ol","OID20575","HSD11B1","P28845",FALSE
"prot-ol","OID20576","IL4R","P24394",FALSE
"prot-ol","OID20577","IRAK4","Q9NWZ3",FALSE
"prot-ol","OID20578","ICAM4","Q14773",FALSE
"prot-ol","OID20579","DECR1","Q16698",FALSE
"prot-ol","OID20580","LY75","O60449",FALSE
"prot-ol","OID20581","ITGA11","Q9UKX5",FALSE
"prot-ol","OID20582","AXIN1","O15169",FALSE
"prot-ol","OID20583","ANXA11","P50995",FALSE
"prot-ol","OID20584","CD4","P01730",FALSE
"prot-ol","OID20585","IL17RB","Q9NRM6",FALSE
"prot-ol","OID20586","LTA","P01374",FALSE
"prot-ol","OID20587","PIK3AP1","Q6ZUJ8",FALSE
"prot-ol","OID20588","MGMT","P16455",FALSE
"prot-ol","OID20589","HEXIM1","O94992",FALSE
"prot-ol","OID20590","CLEC4G","Q6UXB4",FALSE
"prot-ol","OID20591","NTF3","P20783",FALSE
"prot-ol","OID20592","TNFSF11","O14788",FALSE
"prot-ol","OID20593","MICB","Q29980",FALSE
"prot-ol","OID20594","BANK1","Q8NDB2",FALSE
"prot-ol","OID20595","CD200R1","Q8TD46",FALSE
"prot-ol","OID20596","KRT19","P08727",FALSE
"prot-ol","OID20597","PLXNA4","Q9HCM2",FALSE
"prot-ol","OID20598","PTPRM","P28827",FALSE
"prot-ol","OID20599","CD70","P32970",FALSE
"prot-ol","OID20600","TGFA","P01135",FALSE
"prot-ol","OID20601","IL5RA","Q01344",FALSE
"prot-ol","OID20602","SLAMF7","Q9NQ25",FALSE
"prot-ol","OID20603","CD200","P41217",FALSE
"prot-ol","OID20604","GZMB","P10144",FALSE
"prot-ol","OID20605","IL32","P24001",FALSE
"prot-ol","OID20606","LIFR","P42702",FALSE
"prot-ol","OID20607","CD84","Q9UIB8",FALSE
"prot-ol","OID20608","RAB6A","P20340",FALSE
"prot-ol","OID20609","CLEC4D","Q8WXI8",FALSE
"prot-ol","OID20610","CCL3","P10147",FALSE
"prot-ol","OID20611","TNFSF10","P50591",FALSE
"prot-ol","OID20612","TLR3","O15455",FALSE
"prot-ol","OID20613","CXCL6","P80162",FALSE
"prot-ol","OID20614","PCDH1","Q08174",FALSE
"prot-ol","OID20615","HPCAL1","P37235",FALSE
"prot-ol","OID20616","CD40LG","P29965",FALSE
"prot-ol","OID20617","CKAP4","Q07065",FALSE
"prot-ol","OID20619","IDS","P22304",FALSE
"prot-ol","OID20620","DFFA","O00273",FALSE
"prot-ol","OID20622","CXCL17","Q6UXB2",FALSE
"prot-ol","OID20623","NUDC","Q9Y266",FALSE
"prot-ol","OID20624","TNFSF12","O43508",FALSE
"prot-ol","OID20625","EIF4G1","Q04637",FALSE
"prot-ol","OID20626","BSG","P35613",FALSE
"prot-ol","OID20627","DNAJA2","O60884",FALSE
"prot-ol","OID20628","CD244","Q9BZW8",FALSE
"prot-ol","OID20629","KLRB1","Q12918",FALSE
"prot-ol","OID20630","SERPINB8","P50452",FALSE
"prot-ol","OID20631","CXCL8","P10145",FALSE
"prot-ol","OID20632","KLRD1","Q13241",FALSE
"prot-ol","OID20633","IL16","Q14005",FALSE
"prot-ol","OID20634","NFASC","O94856",FALSE
"prot-ol","OID20635","CD79B","P40259",FALSE
"prot-ol","OID20636","CLEC7A","Q9BXN2",FALSE
"prot-ol","OID20637","CD22","P20273",FALSE
"prot-ol","OID20638","LAMP3","Q9UQV4",FALSE
"prot-ol","OID20639","FCRL2","Q96LA5",FALSE
"prot-ol","OID20640","LAT","O43561",FALSE
"prot-ol","OID20641","GMPR","P36959",FALSE
"prot-ol","OID20642","TPSAB1","Q15661",FALSE
"prot-ol","OID20643","PPP1R9B","Q96SB3",FALSE
"prot-ol","OID20644","PRDX5","P30044",FALSE
"prot-ol","OID20645","ADA","P00813",FALSE
"prot-ol","OID20646","TNFRSF11A","Q9Y6Q6",FALSE
"prot-ol","OID20647","CD160","O95971",FALSE
"prot-ol","OID20648","HCLS1","P14317",FALSE
"prot-ol","OID20649","CD6","P30203",FALSE
"prot-ol","OID20650","VEGFA","P15692",FALSE
"prot-ol","OID20651","ADAM23","O75077",FALSE
"prot-ol","OID20652","IL18R1","Q13478",FALSE
"prot-ol","OID20653","TNFRSF4","P43489",FALSE
"prot-ol","OID20654","C1QA","P02745",FALSE
"prot-ol","OID20655","CCL13","Q99616",FALSE
"prot-ol","OID20656","HGF","P14210",FALSE
"prot-ol","OID20657","MERTK","Q12866",FALSE
"prot-ol","OID20658","AGRP","O00253",FALSE
"prot-ol","OID20660","CTSO","P43234",FALSE
"prot-ol","OID20661","FLT3LG","P49771",FALSE
"prot-ol","OID20662","VEGFD","O43915",FALSE
"prot-ol","OID20663","GZMA","P12544",FALSE
"prot-ol","OID20664","CLSTN2","Q9H4D0",FALSE
"prot-ol","OID20665","FASLG","P48023",FALSE
"prot-ol","OID20666","IL12B","P29460",FALSE
"prot-ol","OID20667","CDSN","Q15517",FALSE
"prot-ol","OID20668","CCL11","P51671",FALSE
"prot-ol","OID20669","KYNU","Q16719",FALSE
"prot-ol","OID20670","LY9","Q9HBG7",FALSE
"prot-ol","OID20671","CCL20","P78556",FALSE
"prot-ol","OID20672","MMP1","P03956",FALSE
"prot-ol","OID20673","PGF","P49763",FALSE
"prot-ol","OID20674","CCL25","O15444",FALSE
"prot-ol","OID20675","CXCL9","Q07325",FALSE
"prot-ol","OID20676","SMPDL3A","Q92484",FALSE
"prot-ol","OID20677","EPHA1","P21709",FALSE
"prot-ol","OID20678","IFNGR1","P15260",FALSE
"prot-ol","OID20679","CTSC","P53634",FALSE
"prot-ol","OID20680","CD276","Q5ZPR3",FALSE
"prot-ol","OID20681","DBNL","Q9UJU6",FALSE
"prot-ol","OID20682","PKLR","P30613",FALSE
"prot-ol","OID20683","NCK2","O43639",FALSE
"prot-ol","OID20684","TIMP3","P35625",FALSE
"prot-ol","OID20685","PLA2G4A","P47712",FALSE
"prot-ol","OID20686","CCL21","O00585",FALSE
"prot-ol","OID20687","MMP10","P09238",FALSE
"prot-ol","OID20688","SCGB1A1","P11684",FALSE
"prot-ol","OID20689","ENPP7","Q6UWV6",FALSE
"prot-ol","OID20690","SIGLEC1","Q9BZZ2",FALSE
"prot-ol","OID20691","F2R","P25116",FALSE
"prot-ol","OID20692","CD48","P09326",FALSE
"prot-ol","OID20693","CCL23","P55773",FALSE
"prot-ol","OID20694","IL18","Q14116",FALSE
"prot-ol","OID20695","CCL4","P13236",FALSE
"prot-ol","OID20696","IL10RB","Q08334",FALSE
"prot-ol","OID20697","CXCL10","P02778",FALSE
"prot-ol","OID20698","EGF","P01133",FALSE
"prot-ol","OID20699","CRLF1","O75462",FALSE
"prot-ol","OID20700","IL1RN","P18510",FALSE
"prot-ol","OID20701","CRIM1","Q9NZV1",FALSE
"prot-ol","OID20702","TNFRSF13B","O14836",FALSE
"prot-ol","OID20703","ANGPTL4","Q9BY76",FALSE
"prot-ol","OID20704","CST7","O76096",FALSE
"prot-ol","OID20705","ERBB3","P21860",FALSE
"prot-ol","OID20706","NELL2","Q99435",FALSE
"prot-ol","OID20707","MANF","P55145",FALSE
"prot-ol","OID20708","LY6D","Q14210",FALSE
"prot-ol","OID20709","CCN2","P29279",FALSE
"prot-ol","OID20710","GLOD4","Q9HC38",FALSE
"prot-ol","OID20711","MGLL","Q99685",FALSE
"prot-ol","OID20712","DNER","Q8NFT8",FALSE
"prot-ol","OID20713","BTN2A1","Q7KYR7",FALSE
"prot-ol","OID20714","SHMT1","P34896",FALSE
"prot-ol","OID20715","FGF19","O95750",FALSE
"prot-ol","OID20716","CD58","P19256",FALSE
"prot-ol","OID20717","PTPN6","P29350",FALSE
"prot-ol","OID20718","HSPA1A","P0DMV8",FALSE
"prot-ol","OID20719","CSF1","P09603",FALSE
"prot-ol","OID20720","SPINT2","O43291",FALSE
"prot-ol","OID20721","CKMT1B","P12532",FALSE
"prot-ol","OID20722","FIS1","Q9Y3D6",FALSE
"prot-ol","OID20723","SCGB3A2","Q96PL1",FALSE
"prot-ol","OID20724","CD40","P25942",FALSE
"prot-ol","OID20725","OMD","Q99983",FALSE
"prot-ol","OID20726","ANGPTL2","Q9UKU9",FALSE
"prot-ol","OID20727","GAL","P22466",FALSE
"prot-ol","OID20728","SCG3","Q8WXD2",FALSE
"prot-ol","OID20729","PDLIM7","Q9NR12",FALSE
"prot-ol","OID20730","SMOC2","Q9H3U7",FALSE
"prot-ol","OID20731","TREM2","Q9NZC2",FALSE
"prot-ol","OID20732","MZB1","Q8WU39",FALSE
"prot-ol","OID20733","TNFSF13","O75888",FALSE
"prot-ol","OID20734","ROBO1","Q9Y6N7",FALSE
"prot-ol","OID20735","TNFRSF11B","O00300",FALSE
"prot-ol","OID20736","ENPP5","Q9UJA9",FALSE
"prot-ol","OID20737","LAIR1","Q6GTX8",FALSE
"prot-ol","OID20738","COLEC12","Q5KU26",FALSE
"prot-ol","OID20739","SIRPB1","O00241",FALSE
"prot-ol","OID20740","ANGPT1","Q15389",FALSE
"prot-ol","OID20741","PDGFB","P01127",FALSE
"prot-ol","OID20742","CRKL","P46109",FALSE
"prot-ol","OID20743","EPCAM","P16422",FALSE
"prot-ol","OID20744","DNPH1","O43598",FALSE
"prot-ol","OID20745","CCL17","Q92583",FALSE
"prot-ol","OID20746","MEGF10","Q96KG7",FALSE
"prot-ol","OID20747","CRHBP","P24387",FALSE
"prot-ol","OID20748","LGALS4","P56470",FALSE
"prot-ol","OID20749","LHPP","Q9H008",FALSE
"prot-ol","OID20750","TPP1","O14773",FALSE
"prot-ol","OID20751","CRELD2","Q6UXH1",FALSE
"prot-ol","OID20752","CTRC","Q99895",FALSE
"prot-ol","OID20753","MEPE","Q9NQ76",FALSE
"prot-ol","OID20754","CDON","Q4KMG0",FALSE
"prot-ol","OID20755","ADGRE2","Q9UHX3",FALSE
"prot-ol","OID20756","AGER","Q15109",FALSE
"prot-ol","OID20757","IL1R2","P27930",FALSE
"prot-ol","OID20758","ESM1","Q9NQ30",FALSE
"prot-ol","OID20759","SPON1","Q9HCB6",FALSE
"prot-ol","OID20760","ATP5IF1","Q9UII2",FALSE
"prot-ol","OID20761","SKAP2","O75563",FALSE
"prot-ol","OID20762","CXCL1","P09341",FALSE
"prot-ol","OID20763","PRSS8","Q16651",FALSE
"prot-ol","OID20764","PLAUR","Q03405",FALSE
"prot-ol","OID20765","CCL22","O00626",FALSE
"prot-ol","OID20766","PRELP","P51888",FALSE
"prot-ol","OID20767","MATN2","O00339",FALSE
"prot-ol","OID20768","LTBR","P36941",FALSE
"prot-ol","OID20769","LAMA4","Q16363",FALSE
"prot-ol","OID20770","FST","P19883",FALSE
"prot-ol","OID20771","CHRDL1","Q9BU40",FALSE
"prot-ol","OID20772","CCL24","O00175",FALSE
"prot-ol","OID20773","LGMN","Q99538",FALSE
"prot-ol","OID20774","DAG1","Q14118",FALSE
"prot-ol","OID20775","PNLIPRP2","P54317",FALSE
"prot-ol","OID20776","OSCAR","Q8IYS5",FALSE
"prot-ol","OID20777","PON3","Q15166",FALSE
"prot-ol","OID20778","FABP1","P07148",FALSE
"prot-ol","OID20779","MPIG6B","O95866",FALSE
"prot-ol","OID20780","B4GALT1","P15291",FALSE
"prot-ol","OID20781","LGALS9","O00182",FALSE
"prot-ol","OID20782","FSTL3","O95633",FALSE
"prot-ol","OID20783","TNFRSF14","Q92956",FALSE
"prot-ol","OID20784","REG4","Q9BYZ8",FALSE
"prot-ol","OID20785","WFIKKN2","Q8TEU8",FALSE
"prot-ol","OID20786","AGRN","O00468",FALSE
"prot-ol","OID20787","TFF2","Q03403",FALSE
"prot-ol","OID20788","CXCL3","P19876",FALSE
"prot-ol","OID20789","NME3","Q13232",FALSE
"prot-ol","OID20790","SESTD1","Q86VW0",FALSE
"prot-ol","OID20792","NDRG1","Q92597",FALSE
"prot-ol","OID20793","ODAM","A1E959",FALSE
"prot-ol","OID20796","SMARCA2","P51531",FALSE
"prot-ol","OID20797","COPE","O14579",FALSE
"prot-ol","OID20798","ATF2","P15336",FALSE
"prot-ol","OID20799","SLC16A1","P53985",FALSE
"prot-ol","OID20801","CALB2","P22676",FALSE
"prot-ol","OID20803","ARID4B","Q4LE39",FALSE
"prot-ol","OID20804","C19orf12","Q9NSK7",FALSE
"prot-ol","OID20805","SCARB1","Q8WTV0",FALSE
"prot-ol","OID20806","AMFR","Q9UKV5",FALSE
"prot-ol","OID20807","MMP13","P45452",FALSE
"prot-ol","OID20808","CDHR1","Q96JP9",FALSE
"prot-ol","OID20811","ATP5PO","P48047",FALSE
"prot-ol","OID20812","SIGLEC15","Q6ZMC9",FALSE
"prot-ol","OID20814","SLC27A4","Q6P1M0",FALSE
"prot-ol","OID20816","TDGF1","P13385",FALSE
"prot-ol","OID20818","SSB","P05455",FALSE
"prot-ol","OID20819","PAK4","O96013",FALSE
"prot-ol","OID20820","SIRT5","Q9NXA8",FALSE
"prot-ol","OID20821","LYPD1","Q8N2G4",FALSE
"prot-ol","OID20822","PXN","P49023",FALSE
"prot-ol","OID20824","LIF","P15018",FALSE
"prot-ol","OID20827","DUSP3","P51452",FALSE
"prot-ol","OID20828","FGR","P09769",FALSE
"prot-ol","OID20829","HSP90B1","P14625",FALSE
"prot-ol","OID20832","PADI4","Q9UM07",FALSE
"prot-ol","OID20833","IVD","P26440",FALSE
"prot-ol","OID20834","NOS3","P29474",FALSE
"prot-ol","OID20835","PLIN1","O60240",FALSE
"prot-ol","OID20836","CETN2","P41208",FALSE
"prot-ol","OID20837","STK24","Q9Y6E0",FALSE
"prot-ol","OID20838","GGA1","Q9UJY5",FALSE
"prot-ol","OID20839","PBLD","P30039",FALSE
"prot-ol","OID20840","EPHA10","Q5JZY3",FALSE
"prot-ol","OID20841","GHRHR","Q02643",FALSE
"prot-ol","OID20842","TPPP3","Q9BW30",FALSE
"prot-ol","OID20843","ATP6V1F","Q16864",FALSE
"prot-ol","OID20844","TBC1D17","Q9HA65",FALSE
"prot-ol","OID20845","GBP4","Q96PP9",FALSE
"prot-ol","OID20846","FKBP7","Q9Y680",FALSE
"prot-ol","OID20847","PTS","Q03393",FALSE
"prot-ol","OID20848","TNF","P01375",FALSE
"prot-ol","OID20849","NXPH1","P58417",FALSE
"prot-ol","OID20850","PMVK","Q15126",FALSE
"prot-ol","OID20851","VSTM1","Q6UX27",FALSE
"prot-ol","OID20852","SLC39A14","Q15043",FALSE
"prot-ol","OID20853","ING1","Q9UK53",FALSE
"prot-ol","OID20855","ILKAP","Q9H0C8",FALSE
"prot-ol","OID20856","BAX","Q07812",FALSE
"prot-ol","OID20857","CERT1","Q9Y5P4",FALSE
"prot-ol","OID20858","MRPL46","Q9H2W6",FALSE
"prot-ol","OID20859","CARHSP1","Q9Y2V2",FALSE
"prot-ol","OID20860","KRT5","P13647",FALSE
"prot-ol","OID20861","GDNF","P39905",FALSE
"prot-ol","OID20862","SLIT2","O94813",FALSE
"prot-ol","OID20863","NOS1","P29475",FALSE
"prot-ol","OID20864","C2CD2L","O14523",FALSE
"prot-ol","OID20865","ATXN10","Q9UBB4",FALSE
"prot-ol","OID20866","MUC13","Q9H3R2",FALSE
"prot-ol","OID20867","PRTFDC1","Q9NRG1",FALSE
"prot-ol","OID20868","TST","Q16762",FALSE
"prot-ol","OID20870","TARBP2","Q15633",FALSE
"prot-ol","OID20871","NEFL","P07196",FALSE
"prot-ol","OID20872","FHIT","P49789",FALSE
"prot-ol","OID20873","KIRREL2","Q6UWL6",FALSE
"prot-ol","OID20874","CLSTN1","O94985",FALSE
"prot-ol","OID20875","TDRKH","Q9Y2W6",FALSE
"prot-ol","OID20876","GSTP1","P09211",FALSE
"prot-ol","OID20877","MAX","P61244",FALSE
"prot-ol","OID20878","S100A16","Q96FQ6",FALSE
"prot-ol","OID20879","DCTN6","O00399",FALSE
"prot-ol","OID20880","PTK7","Q13308",FALSE
"prot-ol","OID20881","KEL","P23276",FALSE
"prot-ol","OID20882","WASF3","Q9UPY6",FALSE
"prot-ol","OID20883","BRK1","Q8WUW1",FALSE
"prot-ol","OID20884","FMNL1","O95466",FALSE
"prot-ol","OID20885","GKN1","Q9NS71",FALSE
"prot-ol","OID20886","ANXA10","Q9UJ72",FALSE
"prot-ol","OID20887","HMOX2","P30519",FALSE
"prot-ol","OID20888","KLB","Q86Z14",FALSE
"prot-ol","OID20889","ISLR2","Q6UXK2",FALSE
"prot-ol","OID20890","GPKOW","Q92917",FALSE
"prot-ol","OID20891","ECE1","P42892",FALSE
"prot-ol","OID20892","PFDN2","Q9UHV9",FALSE
"prot-ol","OID20893","CASP10","Q92851",FALSE
"prot-ol","OID20894","TIGAR","Q9NQ88",FALSE
"prot-ol","OID20895","AKT1S1","Q96B36",FALSE
"prot-ol","OID20896","AGR2","O95994",FALSE
"prot-ol","OID20897","DPEP1","P16444",FALSE
"prot-ol","OID20899","MAP4K5","Q9Y4K4",FALSE
"prot-ol","OID20900","IL18RAP","O95256",FALSE
"prot-ol","OID20901","CRIP2","P52943",FALSE
"prot-ol","OID20902","PPP3R1","P63098",FALSE
"prot-ol","OID20903","DARS1","P14868",FALSE
"prot-ol","OID20904","MAD1L1","Q9Y6D9",FALSE
"prot-ol","OID20905","EREG","O14944",FALSE
"prot-ol","OID20906","SKAP1","Q86WV1",FALSE
"prot-ol","OID20907","IMPA1","P29218",FALSE
"prot-ol","OID20908","PTPN1","P18031",FALSE
"prot-ol","OID20909","GGT5","P36269",FALSE
"prot-ol","OID20910","CLPP","Q16740",FALSE
"prot-ol","OID20911","IL6","P05231",FALSE
"prot-ol","OID20912","PTPRN2","Q92932",FALSE
"prot-ol","OID20913","NMNAT1","Q9HAN9",FALSE
"prot-ol","OID20914","CRTAM","O95727",FALSE
"prot-ol","OID20915","CSF2RA","P15509",FALSE
"prot-ol","OID20916","PSG1","P11464",FALSE
"prot-ol","OID20917","DRAXIN","Q8NBI3",FALSE
"prot-ol","OID20918","EBAG9","O00559",FALSE
"prot-ol","OID20919","ULBP2","Q9BZM5",FALSE
"prot-ol","OID20921","ABHD14B","Q96IU4",FALSE
"prot-ol","OID20922","PHOSPHO1","Q8TCT1",FALSE
"prot-ol","OID20923","CRADD","P78560",FALSE
"prot-ol","OID20924","SPOCK1","Q08629",FALSE
"prot-ol","OID20925","PAEP","P09466",FALSE
"prot-ol","OID20926","WWP2","O00308",FALSE
"prot-ol","OID20927","APRT","P07741",FALSE
"prot-ol","OID20928","CLEC10A","Q8IUN9",FALSE
"prot-ol","OID20930","CHMP1A","Q9HD42",FALSE
"prot-ol","OID20931","NAAA","Q02083",FALSE
"prot-ol","OID20932","SERPINB9","P50453",FALSE
"prot-ol","OID20933","GFRA3","O60609",FALSE
"prot-ol","OID20934","DKK4","Q9UBT3",FALSE
"prot-ol","OID20935","EFNA4","P52798",FALSE
"prot-ol","OID20936","VWC2","Q2TAL6",FALSE
"prot-ol","OID20937","FKBP5","Q13451",FALSE
"prot-ol","OID20938","RSPO1","Q2MKA7",FALSE
"prot-ol","OID20939","WFIKKN1","Q96NZ8",FALSE
"prot-ol","OID20940","CDCP1","Q9H5V8",FALSE
"prot-ol","OID20941","IFNGR2","P38484",FALSE
"prot-ol","OID20942","TBCC","Q15814",FALSE
"prot-ol","OID20943","SCARB2","Q14108",FALSE
"prot-ol","OID20944","GPC5","P78333",FALSE
"prot-ol","OID20945","LY96","Q9Y6Y9",FALSE
"prot-ol","OID20946","FLRT2","O43155",FALSE
"prot-ol","OID20947","TMPRSS5","Q9H3S3",FALSE
"prot-ol","OID20948","SETMAR","Q53H47",FALSE
"prot-ol","OID20949","GLB1","P16278",FALSE
"prot-ol","OID20950","RHOC","P08134",FALSE
"prot-ol","OID20951","MDGA1","Q8NFP4",FALSE
"prot-ol","OID20952","TXLNA","P40222",FALSE
"prot-ol","OID20953","TNFSF14","O43557",FALSE
"prot-ol","OID20954","MASP1","P48740",FALSE
"prot-ol","OID20955","STAMBP","O95630",FALSE
"prot-ol","OID20956","DNMBP","Q6XZF7",FALSE
"prot-ol","OID20957","TNR","Q92752",FALSE
"prot-ol","OID20958","CC2D1A","Q6P1N0",FALSE
"prot-ol","OID20959","MITD1","Q8WV92",FALSE
"prot-ol","OID20960","FKBP4","Q02790",FALSE
"prot-ol","OID20961","NPM1","P06748",FALSE
"prot-ol","OID20962","PRDX1","Q06830",FALSE
"prot-ol","OID20963","LPO","P22079",FALSE
"prot-ol","OID20964","TNFRSF6B","O95407",FALSE
"prot-ol","OID20965","LAIR2","Q6ISS4",FALSE
"prot-ol","OID20966","CD274","Q9NZQ7",FALSE
"prot-ol","OID20967","TNFRSF10A","O00220",FALSE
"prot-ol","OID20968","FRZB","Q92765",FALSE
"prot-ol","OID20969","PSME1","Q06323",FALSE
"prot-ol","OID20970","LAYN","Q6UX15",FALSE
"prot-ol","OID20971","SNCG","O76070",FALSE
"prot-ol","OID20972","BAG3","O95817",FALSE
"prot-ol","OID20973","CCS","O14618",FALSE
"prot-ol","OID20974","ADGRB3","O60242",FALSE
"prot-ol","OID20975","HNMT","P50135",FALSE
"prot-ol","OID20976","CX3CL1","P78423",FALSE
"prot-ol","OID20977","IPCEF1","Q8WWN9",FALSE
"prot-ol","OID20978","AFP","P02771",FALSE
"prot-ol","OID20979","MATN3","O15232",FALSE
"prot-ol","OID20980","OBP2B","Q9NPH6",FALSE
"prot-ol","OID20981","TNFRSF10B","O14763",FALSE
"prot-ol","OID20983","CALCA","P01258",FALSE
"prot-ol","OID20984","SFRP1","Q8N474",FALSE
"prot-ol","OID20985","TNFRSF9","Q07011",FALSE
"prot-ol","OID20986","RBKS","Q9H477",FALSE
"prot-ol","OID20987","TCL1A","P56279",FALSE
"prot-ol","OID20988","CD63","P08962",FALSE
"prot-ol","OID20989","PSME2","Q9UL46",FALSE
"prot-ol","OID20990","ASGR1","P07306",FALSE
"prot-ol","OID20992","FUT8","Q9BYC5",FALSE
"prot-ol","OID20993","TBCB","Q99426",FALSE
"prot-ol","OID20994","BMP4","P12644",FALSE
"prot-ol","OID20995","CST5","P28325",FALSE
"prot-ol","OID20996","ASAH2","Q9NR71",FALSE
"prot-ol","OID20997","CXCL8","P10145",FALSE
"prot-ol","OID20998","BCAN","Q96GW7",FALSE
"prot-ol","OID20999","ACVRL1","P37023",FALSE
"prot-ol","OID21000","EIF4B","P23588",FALSE
"prot-ol","OID21001","ADAM22","Q9P0K1",FALSE
"prot-ol","OID21002","PLA2G10","O15496",FALSE
"prot-ol","OID21003","LXN","Q9BS40",FALSE
"prot-ol","OID21004","CCL2","P13500",FALSE
"prot-ol","OID21005","CDH15","P55291",FALSE
"prot-ol","OID21006","CNTN5","O94779",FALSE
"prot-ol","OID21007","ROBO2","Q9HCK4",FALSE
"prot-ol","OID21008","CDH3","P22223",FALSE
"prot-ol","OID21009","DDR1","Q08345",FALSE
"prot-ol","OID21010","CD300C","Q08708",FALSE
"prot-ol","OID21011","PVR","P15151",FALSE
"prot-ol","OID21012","TXNDC5","Q8NBS9",FALSE
"prot-ol","OID21013","FUT3","P21217",FALSE
"prot-ol","OID21014","STC1","P52823",FALSE
"prot-ol","OID21015","RWDD1","Q9H446",FALSE
"prot-ol","OID21016","VTA1","Q9NP79",FALSE
"prot-ol","OID21017","EZR","P15311",FALSE
"prot-ol","OID21018","CD8A","P01732",FALSE
"prot-ol","OID21019","MMP8","P22894",FALSE
"prot-ol","OID21020","SEMA4D","Q92854",FALSE
"prot-ol","OID21021","PDCD5","O14737",FALSE
"prot-ol","OID21022","NSFL1C","Q9UNZ2",FALSE
"prot-ol","OID21023","SERPINB6","P35237",FALSE
"prot-ol","OID21024","CXCL13","O43927",FALSE
"prot-ol","OID21025","CD34","P28906",FALSE
"prot-ol","OID21026","VCAN","P13611",FALSE
"prot-ol","OID21027","PPCDC","Q96CD2",FALSE
"prot-ol","OID21028","SMPD1","P17405",FALSE
"prot-ol","OID21029","BST2","Q10589",FALSE
"prot-ol","OID21030","CCL19","Q99731",FALSE
"prot-ol","OID21031","SULT1A1","P50225",FALSE
"prot-ol","OID21032","SUMF2","Q8NBJ7",FALSE
"prot-ol","OID21033","PRL","P01236",FALSE
"prot-ol","OID21034","LBR","Q14739",FALSE
"prot-ol","OID21035","LAMP2","P13473",FALSE
"prot-ol","OID21036","ANXA3","P12429",FALSE
"prot-ol","OID21037","ENO1","P06733",FALSE
"prot-ol","OID21038","CHGB","P05060",FALSE
"prot-ol","OID21039","ADAM8","P78325",FALSE
"prot-ol","OID21040","CD74","P04233",FALSE
"prot-ol","OID21041","LGALS8","O00214",FALSE
"prot-ol","OID21042","CXCL11","O14625",FALSE
"prot-ol","OID21043","FABP5","Q01469",FALSE
"prot-ol","OID21044","GOLM2","Q6P4E1",FALSE
"prot-ol","OID21045","RGMB","Q6NW40",FALSE
"prot-ol","OID21046","ENO2","P09104",FALSE
"prot-ol","OID21047","OXT","P01178",FALSE
"prot-ol","OID21048","SCARF2","Q96GP6",FALSE
"prot-ol","OID21049","TNFRSF8","P28908",FALSE
"prot-ol","OID21050","THY1","P04216",FALSE
"prot-ol","OID21051","BST1","Q10588",FALSE
"prot-ol","OID21052","TNFRSF21","O75509",FALSE
"prot-ol","OID21053","CPPED1","Q9BRF8",FALSE
"prot-ol","OID21054","CPM","P14384",FALSE
"prot-ol","OID21055","NCAN","O14594",FALSE
"prot-ol","OID21056","CTSS","P25774",FALSE
"prot-ol","OID21057","NTRK3","Q16288",FALSE
"prot-ol","OID21058","SCARA5","Q6ZMJ2",FALSE
"prot-ol","OID21059","LRPAP1","P30533",FALSE
"prot-ol","OID21060","CPA2","P48052",FALSE
"prot-ol","OID21061","CLEC1B","Q9P126",FALSE
"prot-ol","OID21062","FOLR2","P14207",FALSE
"prot-ol","OID21063","MSR1","P21757",FALSE
"prot-ol","OID21064","JAM2","P57087",FALSE
"prot-ol","OID21065","RGMA","Q96B86",FALSE
"prot-ol","OID21066","DKK1","O94907",FALSE
"prot-ol","OID21067","BIN2","Q9UBW5",FALSE
"prot-ol","OID21068","CCN5","O76076",FALSE
"prot-ol","OID21069","CGA","P01215",FALSE
"prot-ol","OID21070","APP","P05067",FALSE
"prot-ol","OID21071","ITGAM","P11215",FALSE
"prot-ol","OID21072","APOH","P02749",FALSE
"prot-ol","OID21073","MIF","P14174",FALSE
"prot-ol","OID21074","NPTX1","Q15818",FALSE
"prot-ol","OID21075","GGT1","P19440",FALSE
"prot-ol","OID21076","BCAM","P50895",FALSE
"prot-ol","OID21077","STIP1","P31948",FALSE
"prot-ol","OID21078","AHSP","Q9NZD4",FALSE
"prot-ol","OID21079","DSC2","Q02487",FALSE
"prot-ol","OID21080","CD164","Q04900",FALSE
"prot-ol","OID21081","NRP2","O60462",FALSE
"prot-ol","OID21082","SIGLEC5","O15389",FALSE
"prot-ol","OID21083","MMP3","P08254",FALSE
"prot-ol","OID21084","WARS1","P23381",FALSE
"prot-ol","OID21085","NID2","Q14112",FALSE
"prot-ol","OID21086","HARS1","P12081",FALSE
"prot-ol","OID21087","PEBP1","P30086",FALSE
"prot-ol","OID21088","SERPINB1","P30740",FALSE
"prot-ol","OID21089","IL17RA","Q96F46",FALSE
"prot-ol","OID21090","CLEC14A","Q86T13",FALSE
"prot-ol","OID21091","GP6","Q9HCN6",FALSE
"prot-ol","OID21092","CNTN3","Q9P232",FALSE
"prot-ol","OID21093","INHBC","P55103",FALSE
"prot-ol","OID21094","PIK3IP1","Q96FE7",FALSE
"prot-ol","OID21095","NCAM2","O15394",FALSE
"prot-ol","OID21096","CA6","P23280",FALSE
"prot-ol","OID21097","SPINK1","P00995",FALSE
"prot-ol","OID21098","SUSD2","Q9UGT4",FALSE
"prot-ol","OID21099","MESD","Q14696",FALSE
"prot-ol","OID21100","MPO","P05164",FALSE
"prot-ol","OID21101","GUCA2A","Q02747",FALSE
"prot-ol","OID21102","PIGR","P01833",FALSE
"prot-ol","OID21103","MMP9","P14780",FALSE
"prot-ol","OID21104","THBS2","P35442",FALSE
"prot-ol","OID21105","PLA2G7","Q13093",FALSE
"prot-ol","OID21106","NOMO1","Q15155",FALSE
"prot-ol","OID21107","TNXB","P22105",FALSE
"prot-ol","OID21108","CD109","Q6YHK3",FALSE
"prot-ol","OID21109","SPINT1","O43278",FALSE
"prot-ol","OID21110","CD99","P14209",FALSE
"prot-ol","OID21111","FCRL5","Q96RD9",FALSE
"prot-ol","OID21112","CLEC11A","Q9Y240",FALSE
"prot-ol","OID21113","DSG2","Q14126",FALSE
"prot-ol","OID21114","SOD2","P04179",FALSE
"prot-ol","OID21115","NUDT5","Q9UKK9",FALSE
"prot-ol","OID21116","IL1R1","P14778",FALSE
"prot-ol","OID21117","CNTN4","Q8IWV2",FALSE
"prot-ol","OID21118","TMSB10","P63313",FALSE
"prot-ol","OID21119","CD177","Q8N6Q3",FALSE
"prot-ol","OID21120","TREML2","Q5T2D2",FALSE
"prot-ol","OID21121","MYOC","Q99972",FALSE
"prot-ol","OID21122","CD99L2","Q8TCZ2",FALSE
"prot-ol","OID21123","OGN","P20774",FALSE
"prot-ol","OID21124","PLAU","P00749",FALSE
"prot-ol","OID21125","EFNA1","P20827",FALSE
"prot-ol","OID21126","IL1RAP","Q9NPH3",FALSE
"prot-ol","OID21127","B4GAT1","O43505",FALSE
"prot-ol","OID21128","ALDH1A1","P00352",FALSE
"prot-ol","OID21129","PILRA","Q9UKJ1",FALSE
"prot-ol","OID21130","CD300LG","Q6UXG3",FALSE
"prot-ol","OID21131","PECAM1","P16284",FALSE
"prot-ol","OID21132","GNLY","P22749",FALSE
"prot-ol","OID21133","FCER2","P06734",FALSE
"prot-ol","OID21134","MFGE8","Q08431",FALSE
"prot-ol","OID21135","TXNRD1","Q16881",FALSE
"prot-ol","OID21136","IL7R","P16871",FALSE
"prot-ol","OID21137","HAVCR2","Q8TDQ0",FALSE
"prot-ol","OID21138","ARSA","P15289",FALSE
"prot-ol","OID21139","ITGA5","P08648",FALSE
"prot-ol","OID21140","FYB1","O15117",FALSE
"prot-ol","OID21141","BLVRB","P30043",FALSE
"prot-ol","OID21142","RELT","Q969Z4",FALSE
"prot-ol","OID21143","DBI","P07108",FALSE
"prot-ol","OID21144","VSIG4","Q9Y279",FALSE
"prot-ol","OID21145","TNFRSF1B","P20333",FALSE
"prot-ol","OID21146","IGF2R","P11717",FALSE
"prot-ol","OID21147","TIMP4","Q99727",FALSE
"prot-ol","OID21148","SPINK5","Q9NQ38",FALSE
"prot-ol","OID21149","CA2","P00918",FALSE
"prot-ol","OID21150","CTRB1","P17538",FALSE
"prot-ol","OID21151","F11R","Q9Y624",FALSE
"prot-ol","OID21152","LILRA2","Q8N149",FALSE
"prot-ol","OID21153","PAMR1","Q6UXH9",FALSE
"prot-ol","OID21154","TFF1","P04155",FALSE
"prot-ol","OID21155","TNFRSF1A","P19438",FALSE
"prot-ol","OID21156","CLPS","P04118",FALSE
"prot-ol","OID21157","STC2","O76061",FALSE
"prot-ol","OID21158","IGFBP4","P22692",FALSE
"prot-ol","OID21159","GRN","P28799",FALSE
"prot-ol","OID21160","PARK7","Q99497",FALSE
"prot-ol","OID21161","SCP2","P22307",FALSE
"prot-ol","OID21162","ANKRD54","Q6NXT1",FALSE
"prot-ol","OID21163","RABEPK","Q7Z6M1",FALSE
"prot-ol","OID21164","VTCN1","Q7Z7D3",FALSE
"prot-ol","OID21165","SFTPA1","Q8IWL2",FALSE
"prot-ol","OID21166","RAD23B","P54727",FALSE
"prot-ol","OID21167","NINJ1","Q92982",FALSE
"prot-ol","OID21168","GH2","P01242",FALSE
"prot-ol","OID21169","PSRC1","Q6PGN9",FALSE
"prot-ol","OID21170","STX16","O14662",FALSE
"prot-ol","OID21171","CEACAM5","P06731",FALSE
"prot-ol","OID21172","PQBP1","O60828",FALSE
"prot-ol","OID21173","GSAP","A4D1B5",FALSE
"prot-ol","OID21174","RRM2B","Q7LG56",FALSE
"prot-ol","OID21175","HGS","O14964",FALSE
"prot-ol","OID21176","PDP1","Q9P0J1",FALSE
"prot-ol","OID21178","ATP6AP2","O75787",FALSE
"prot-ol","OID21179","RNF41","Q9H4P4",FALSE
"prot-ol","OID21180","SMAD1","Q15797",FALSE
"prot-ol","OID21181","MAGED1","Q9Y5V3",FALSE
"prot-ol","OID21182","CAMKK1","Q8N5S9",FALSE
"prot-ol","OID21183","PDGFC","Q9NRA1",FALSE
"prot-ol","OID21184","PPM1A","P35813",FALSE
"prot-ol","OID21185","KIR3DL1","P43629",FALSE
"prot-ol","OID21186","MZT1","Q08AG7",FALSE
"prot-ol","OID21187","RRM2","P31350",FALSE
"prot-ol","OID21188","ADCYAP1R1","P41586",FALSE
"prot-ol","OID21189","UXS1","Q8NBZ7",FALSE
"prot-ol","OID21191","LTBP3","Q9NS15",FALSE
"prot-ol","OID21192","FEN1","P39748",FALSE
"prot-ol","OID21193","FCRLB","Q6BAA4",FALSE
"prot-ol","OID21194","RASSF2","P50749",FALSE
"prot-ol","OID21195","CA11","O75493",FALSE
"prot-ol","OID21196","KIR2DL3","P43628",FALSE
"prot-ol","OID21197","AKT3","Q9Y243",FALSE
"prot-ol","OID21198","BGN","P21810",FALSE
"prot-ol","OID21199","BTC","P35070",FALSE
"prot-ol","OID21200","CCT5","P48643",FALSE
"prot-ol","OID21201","KLK12","Q9UKR0",FALSE
"prot-ol","OID21202","ARHGAP1","Q07960",FALSE
"prot-ol","OID21204","MAVS","Q7Z434",FALSE
"prot-ol","OID21205","ZBTB16","Q05516",FALSE
"prot-ol","OID21206","MAEA","Q7L5Y9",FALSE
"prot-ol","OID21208","NTF4","P34130",FALSE
"prot-ol","OID21209","CEP20","Q96NB1",FALSE
"prot-ol","OID21210","LSM1","O15116",FALSE
"prot-ol","OID21211","RUVBL1","Q9Y265",FALSE
"prot-ol","OID21212","NFKBIE","O00221",FALSE
"prot-ol","OID21214","SLAMF8","Q9P0V8",FALSE
"prot-ol","OID21215","FCGR2B","P31994",FALSE
"prot-ol","OID21216","GFOD2","Q3B7J2",FALSE
"prot-ol","OID21218","SFTPA2","Q8IWL1",FALSE
"prot-ol","OID21219","STX6","O43752",FALSE
"prot-ol","OID21220","TBL1X","O60907",FALSE
"prot-ol","OID21222","SH2B3","Q9UQQ2",FALSE
"prot-ol","OID21224","NDUFS6","O75380",FALSE
"prot-ol","OID21225","PRKRA","O75569",FALSE
"prot-ol","OID21226","DDX58","O95786",FALSE
"prot-ol","OID21227","NAMPT","P43490",FALSE
"prot-ol","OID21228","CLEC6A","Q6EIG7",FALSE
"prot-ol","OID21229","SUGT1","Q9Y2Z0",FALSE
"prot-ol","OID21230","CHAC2","Q8WUX2",FALSE
"prot-ol","OID21231","GNE","Q9Y223",FALSE
"prot-ol","OID21234","AIF1","P55008",FALSE
"prot-ol","OID21235","NPTN","Q9Y639",FALSE
"prot-ol","OID21236","MED18","Q9BUE0",FALSE
"prot-ol","OID21237","TNF","P01375",FALSE
"prot-ol","OID21238","CDC27","P30260",FALSE
"prot-ol","OID21239","FLI1","Q01543",FALSE
"prot-ol","OID21241","CEP85","Q6P2H3",FALSE
"prot-ol","OID21242","GSTA3","Q16772",FALSE
"prot-ol","OID21244","AKR1B1","P15121",FALSE
"prot-ol","OID21245","CEACAM3","P40198",FALSE
"prot-ol","OID21246","ATG4A","Q8WYN0",FALSE
"prot-ol","OID21247","GFAP","P14136",FALSE
"prot-ol","OID21248","LHB","P01229",FALSE
"prot-ol","OID21249","CRACR2A","Q9BSW2",FALSE
"prot-ol","OID21250","BAIAP2","Q9UQB8",FALSE
"prot-ol","OID21251","LYPD8","Q6UX82",FALSE
"prot-ol","OID21252","EGFL7","Q9UHF1",FALSE
"prot-ol","OID21253","MAP3K5","Q99683",FALSE
"prot-ol","OID21254","SLAMF6","Q96DU3",FALSE
"prot-ol","OID21255","ARHGAP25","P42331",FALSE
"prot-ol","OID21256","FUS","P35637",FALSE
"prot-ol","OID21257","CRH","P06850",FALSE
"prot-ol","OID21258","PLXDC1","Q8IUK5",FALSE
"prot-ol","OID21259","GFER","P55789",FALSE
"prot-ol","OID21260","ENTPD2","Q9Y5L3",FALSE
"prot-ol","OID21261","CFC1","P0CG37",FALSE
"prot-ol","OID21262","SORCS2","Q96PQ0",FALSE
"prot-ol","OID21263","GCG","P01275",FALSE
"prot-ol","OID21265","CD28","P10747",FALSE
"prot-ol","OID21266","HPGDS","O60760",FALSE
"prot-ol","OID21268","ITGB1BP1","O14713",FALSE
"prot-ol","OID21269","ACAA1","P09110",FALSE
"prot-ol","OID21270","TPMT","P51580",FALSE
"prot-ol","OID21271","FOXO3","O43524",FALSE
"prot-ol","OID21272","FLT3","P36888",FALSE
"prot-ol","OID21273","PDCD1LG2","Q9BQ51",FALSE
"prot-ol","OID21274","IGF1R","P08069",FALSE
"prot-ol","OID21275","ADAMTS15","Q8TE58",FALSE
"prot-ol","OID21276","IL6","P05231",FALSE
"prot-ol","OID21277","STAT5B","P51692",FALSE
"prot-ol","OID21278","SF3B4","Q15427",FALSE
"prot-ol","OID21279","SEPTIN9","Q9UHD8",FALSE
"prot-ol","OID21280","ABL1","P00519",FALSE
"prot-ol","OID21281","VPS53","Q5VIR6",FALSE
"prot-ol","OID21282","CDHR2","Q9BYE9",FALSE
"prot-ol","OID21283","POLR2F","P61218",FALSE
"prot-ol","OID21284","SERPINA9","Q86WD7",FALSE
"prot-ol","OID21285","TACC3","Q9Y6A5",FALSE
"prot-ol","OID21286","TBC1D23","Q9NUY8",FALSE
"prot-ol","OID21287","AIFM1","O95831",FALSE
"prot-ol","OID21288","MPI","P34949",FALSE
"prot-ol","OID21289","SEZ6L2","Q6UXD5",FALSE
"prot-ol","OID21290","LPCAT2","Q7L5N7",FALSE
"prot-ol","OID21291","KLK13","Q9UKR3",FALSE
"prot-ol","OID21292","LAT2","Q9GZY6",FALSE
"prot-ol","OID21293","LRP1","Q07954",FALSE
"prot-ol","OID21294","ADGRG1","Q9Y653",FALSE
"prot-ol","OID21295","CDKN2D","P55273",FALSE
"prot-ol","OID21296","KRT18","P05783",FALSE
"prot-ol","OID21297","COX5B","P10606",FALSE
"prot-ol","OID21298","CD207","Q9UJ71",FALSE
"prot-ol","OID21299","DDAH1","O94760",FALSE
"prot-ol","OID21301","FLT1","P17948",FALSE
"prot-ol","OID21302","RP2","O75695",FALSE
"prot-ol","OID21303","HS3ST3B1","Q9Y662",FALSE
"prot-ol","OID21304","PSMD9","O00233",FALSE
"prot-ol","OID21305","DPEP2","Q9H4A9",FALSE
"prot-ol","OID21306","CALB1","P05937",FALSE
"prot-ol","OID21307","MME","P08473",FALSE
"prot-ol","OID21308","NUDT2","P50583",FALSE
"prot-ol","OID21309","GRPEL1","Q9HAV7",FALSE
"prot-ol","OID21310","VNN2","O95498",FALSE
"prot-ol","OID21311","AARSD1","Q9BTE6",FALSE
"prot-ol","OID21312","IGSF3","O75054",FALSE
"prot-ol","OID21313","DKKL1","Q9UK85",FALSE
"prot-ol","OID21314","INPPL1","O15357",FALSE
"prot-ol","OID21315","LAG3","P18627",FALSE
"prot-ol","OID21316","CD38","P28907",FALSE
"prot-ol","OID21317","CNPY4","Q8N129",FALSE
"prot-ol","OID21318","CDNF","Q49AH0",FALSE
"prot-ol","OID21319","CDKN1A","P38936",FALSE
"prot-ol","OID21320","KIFBP","Q96EK5",FALSE
"prot-ol","OID21321","TAFA5","Q7Z5A7",FALSE
"prot-ol","OID21322","ST3GAL1","Q11201",FALSE
"prot-ol","OID21323","ERBIN","Q96RT1",FALSE
"prot-ol","OID21324","SRP14","P37108",FALSE
"prot-ol","OID21325","DSG4","Q86SJ6",FALSE
"prot-ol","OID21326","STX4","Q12846",FALSE
"prot-ol","OID21327","IL12A","P29459",FALSE
"prot-ol","OID21328","CD302","Q8IX05",FALSE
"prot-ol","OID21329","SEMA4C","Q9C0C4",FALSE
"prot-ol","OID21330","GFRA2","O00451",FALSE
"prot-ol","OID21331","ARSB","P15848",FALSE
"prot-ol","OID21332","SCAMP3","O14828",FALSE
"prot-ol","OID21333","LRRC25","Q8N386",FALSE
"prot-ol","OID21334","DCTN2","Q13561",FALSE
"prot-ol","OID21335","DRG2","P55039",FALSE
"prot-ol","OID21336","UBAC1","Q9BSL1",FALSE
"prot-ol","OID21337","ELOA","Q14241",FALSE
"prot-ol","OID21338","ERP44","Q9BS26",FALSE
"prot-ol","OID21339","KAZALD1","Q96I82",FALSE
"prot-ol","OID21340","CES3","Q6UWW8",FALSE
"prot-ol","OID21342","EPHA2","P29317",FALSE
"prot-ol","OID21343","RTBDN","Q9BSG5",FALSE
"prot-ol","OID21344","CA12","O43570",FALSE
"prot-ol","OID21345","INPP1","P49441",FALSE
"prot-ol","OID21346","RET","P07949",FALSE
"prot-ol","OID21347","PPME1","Q9Y570",FALSE
"prot-ol","OID21348","YES1","P07947",FALSE
"prot-ol","OID21349","DTX3","Q8N9I9",FALSE
"prot-ol","OID21350","LYN","P07948",FALSE
"prot-ol","OID21351","ICOSLG","O75144",FALSE
"prot-ol","OID21352","OMG","P23515",FALSE
"prot-ol","OID21353","SMAD5","Q99717",FALSE
"prot-ol","OID21354","DPP6","P42658",FALSE
"prot-ol","OID21355","VPS37A","Q8NEZ2",FALSE
"prot-ol","OID21356","PFKFB2","O60825",FALSE
"prot-ol","OID21357","AREG","P15514",FALSE
"prot-ol","OID21358","PODXL","O00592",FALSE
"prot-ol","OID21359","APBB1IP","Q7Z5R6",FALSE
"prot-ol","OID21360","OGFR","Q9NZT2",FALSE
"prot-ol","OID21361","IQGAP2","Q13576",FALSE
"prot-ol","OID21362","OPTC","Q9UBM4",FALSE
"prot-ol","OID21363","DNAJB1","P25685",FALSE
"prot-ol","OID21364","TMPRSS15","P98073",FALSE
"prot-ol","OID21365","RBP2","P50120",FALSE
"prot-ol","OID21366","CES2","O00748",FALSE
"prot-ol","OID21367","USO1","O60763",FALSE
"prot-ol","OID21368","CCN1","O00622",FALSE
"prot-ol","OID21369","RBP5","P82980",FALSE
"prot-ol","OID21370","AMIGO2","Q86SJ2",FALSE
"prot-ol","OID21371","GALNT10","Q86SR1",FALSE
"prot-ol","OID21372","FAM3B","P58499",FALSE
"prot-ol","OID21373","DEFB4A","O15263",FALSE
"prot-ol","OID21374","S100A12","P80511",FALSE
"prot-ol","OID21375","SIRT2","Q8IXJ6",FALSE
"prot-ol","OID21376","GPA33","Q99795",FALSE
"prot-ol","OID21377","GALNT7","Q86SF2",FALSE
"prot-ol","OID21379","GCNT1","Q02742",FALSE
"prot-ol","OID21380","MSLN","Q13421",FALSE
"prot-ol","OID21381","VMO1","Q7Z5L0",FALSE
"prot-ol","OID21382","VAT1","Q99536",FALSE
"prot-ol","OID21383","ALPP","P05187",FALSE
"prot-ol","OID21384","MOG","Q16653",FALSE
"prot-ol","OID21385","HMBS","P08397",FALSE
"prot-ol","OID21386","CBLN4","Q9NTU7",FALSE
"prot-ol","OID21387","CALCOCO1","Q9P1Z2",FALSE
"prot-ol","OID21388","NPY","P01303",FALSE
"prot-ol","OID21389","EBI3","Q14213",FALSE
"prot-ol","OID21390","SIGLEC9","Q9Y336",FALSE
"prot-ol","OID21391","KLK4","Q9Y5K2",FALSE
"prot-ol","OID21392","CPE","P16870",FALSE
"prot-ol","OID21393","ITGB7","P26010",FALSE
"prot-ol","OID21394","SIGLEC6","O43699",FALSE
"prot-ol","OID21395","HAO1","Q9UJM8",FALSE
"prot-ol","OID21396","PDCD1","Q15116",FALSE
"prot-ol","OID21397","EPS8L2","Q9H6S3",FALSE
"prot-ol","OID21398","XCL1","P47992",FALSE
"prot-ol","OID21399","DCTN1","Q14203",FALSE
"prot-ol","OID21400","SCG2","P13521",FALSE
"prot-ol","OID21401","CA14","Q9ULX7",FALSE
"prot-ol","OID21402","FGF21","Q9NSA1",FALSE
"prot-ol","OID21403","TRIAP1","O43715",FALSE
"prot-ol","OID21404","PRDX6","P30041",FALSE
"prot-ol","OID21405","CTSV","O60911",FALSE
"prot-ol","OID21406","LGALS7B","P47929",FALSE
"prot-ol","OID21407","KLK14","Q9P0G3",FALSE
"prot-ol","OID21408","HSPB6","O14558",FALSE
"prot-ol","OID21409","SLITRK2","Q9H156",FALSE
"prot-ol","OID21410","DPY30","Q9C005",FALSE
"prot-ol","OID21411","FGF23","Q9GZV9",FALSE
"prot-ol","OID21412","ANGPTL7","O43827",FALSE
"prot-ol","OID21413","AMBP","P02760",FALSE
"prot-ol","OID21414","CASP8","Q14790",FALSE
"prot-ol","OID21415","RSPO3","Q9BXY4",FALSE
"prot-ol","OID21416","ITGAV","P06756",FALSE
"prot-ol","OID21417","CA9","Q16790",FALSE
"prot-ol","OID21418","CD300E","Q496F6",FALSE
"prot-ol","OID21419","CLMP","Q9H6B4",FALSE
"prot-ol","OID21420","PVALB","P20472",FALSE
"prot-ol","OID21421","VWA1","Q6PCB0",FALSE
"prot-ol","OID21422","HAVCR1","Q96D42",FALSE
"prot-ol","OID21423","GALNT2","Q10471",FALSE
"prot-ol","OID21424","RTN4R","Q9BZR6",FALSE
"prot-ol","OID21425","SCLY","Q96I15",FALSE
"prot-ol","OID21426","CNTN2","Q02246",FALSE
"prot-ol","OID21427","CRNN","Q9UBG3",FALSE
"prot-ol","OID21428","DAB2","P98082",FALSE
"prot-ol","OID21429","LRIG1","Q96JA1",FALSE
"prot-ol","OID21430","CXCL8","P10145",FALSE
"prot-ol","OID21431","CAPG","P40121",FALSE
"prot-ol","OID21432","ACP6","Q9NPH0",FALSE
"prot-ol","OID21433","HBQ1","P09105",FALSE
"prot-ol","OID21434","APEX1","P27695",FALSE
"prot-ol","OID21435","CPVL","Q9H3G5",FALSE
"prot-ol","OID21436","RILP","Q96NA2",FALSE
"prot-ol","OID21437","METAP2","P50579",FALSE
"prot-ol","OID21438","GPC1","P35052",FALSE
"prot-ol","OID21439","MMP12","P39900",FALSE
"prot-ol","OID21440","F3","P13726",FALSE
"prot-ol","OID21441","HS6ST1","O60243",FALSE
"prot-ol","OID21442","FXN","Q16595",FALSE
"prot-ol","OID21443","PRTG","Q2VWP7",FALSE
"prot-ol","OID21444","CCN4","O95388",FALSE
"prot-ol","OID21445","ARG1","P05089",FALSE
"prot-ol","OID21446","TNFRSF19","Q9NS68",FALSE
"prot-ol","OID21447","TACSTD2","P09758",FALSE
"prot-ol","OID21448","NUCB2","P80303",FALSE
"prot-ol","OID21449","CD5","P06127",FALSE
"prot-ol","OID21450","SPINK6","Q6UWN8",FALSE
"prot-ol","OID21451","EDA2R","Q9HAV5",FALSE
"prot-ol","OID21452","LTA4H","P09960",FALSE
"prot-ol","OID21453","SORD","Q00796",FALSE
"prot-ol","OID21454","LEFTY2","O00292",FALSE
"prot-ol","OID21455","HDGF","P51858",FALSE
"prot-ol","OID21456","CRISP2","P16562",FALSE
"prot-ol","OID21457","GFRA1","P56159",FALSE
"prot-ol","OID21458","NCS1","P62166",FALSE
"prot-ol","OID21459","HAGH","Q16775",FALSE
"prot-ol","OID21460","DSG3","P32926",FALSE
"prot-ol","OID21461","SMOC1","Q9H4F8",FALSE
"prot-ol","OID21462","WFDC12","Q8WWY7",FALSE
"prot-ol","OID21463","ANGPT2","O15123",FALSE
"prot-ol","OID21464","WIF1","Q9Y5W5",FALSE
"prot-ol","OID21465","HBEGF","Q99075",FALSE
"prot-ol","OID21466","CCL8","P80075",FALSE
"prot-ol","OID21467","ADM","P35318",FALSE
"prot-ol","OID21468","IDUA","P35475",FALSE
"prot-ol","OID21469","CD300LF","Q8TDQ1",FALSE
"prot-ol","OID21470","CDC37","Q16543",FALSE
"prot-ol","OID21471","HTRA2","O43464",FALSE
"prot-ol","OID21472","CD33","P20138",FALSE
"prot-ol","OID21473","PLA2G15","Q8NCC3",FALSE
"prot-ol","OID21474","DCBLD2","Q96PD2",FALSE
"prot-ol","OID21475","PPP1R12A","O14974",FALSE
"prot-ol","OID21476","ATOX1","O00244",FALSE
"prot-ol","OID21477","TJAP1","Q5JTD0",FALSE
"prot-ol","OID21478","FGFR2","P21802",FALSE
"prot-ol","OID21479","CPXM1","Q96SM3",FALSE
"prot-ol","OID21480","DCXR","Q7Z4W1",FALSE
"prot-ol","OID21481","C4BPB","P20851",FALSE
"prot-ol","OID21482","TNFRSF12A","Q9NP84",FALSE
"prot-ol","OID21483","CD1C","P29017",FALSE
"prot-ol","OID21484","L1CAM","P32004",FALSE
"prot-ol","OID21485","FOLR3","P41439",FALSE
"prot-ol","OID21486","NBL1","P41271",FALSE
"prot-ol","OID21487","PODXL2","Q9NZ53",FALSE
"prot-ol","OID21488","SEZ6L","Q9BYH1",FALSE
"prot-ol","OID21489","MDK","P21741",FALSE
"prot-ol","OID21490","NECTIN4","Q96NY8",FALSE
"prot-ol","OID21491","FLT4","P35916",FALSE
"prot-ol","OID21492","MANSC1","Q9H8J5",FALSE
"prot-ol","OID21493","TGFBR2","P37173",FALSE
"prot-ol","OID21494","NELL1","Q92832",FALSE
"prot-ol","OID21495","TXNDC15","Q96J42",FALSE
"prot-ol","OID21496","TEK","Q02763",FALSE
"prot-ol","OID21497","KDR","P35968",FALSE
"prot-ol","OID21498","NT5E","P21589",FALSE
"prot-ol","OID21499","KLK1","P06870",FALSE
"prot-ol","OID21500","CTSF","Q9UBX1",FALSE
"prot-ol","OID21501","CIAPIN1","Q6FI81",FALSE
"prot-ol","OID21502","ADAMTS8","Q9UP79",FALSE
"prot-ol","OID21503","SIAE","Q9HAT2",FALSE
"prot-ol","OID21504","IL13RA1","P78552",FALSE
"prot-ol","OID21505","WFDC2","Q14508",FALSE
"prot-ol","OID21506","SNAP29","O95721",FALSE
"prot-ol","OID21507","FGFBP1","Q14512",FALSE
"prot-ol","OID21508","XPNPEP2","O43895",FALSE
"prot-ol","OID21509","P4HB","P07237",FALSE
"prot-ol","OID21510","ERBB4","Q15303",FALSE
"prot-ol","OID21511","SPARC","P09486",FALSE
"prot-ol","OID21512","TFPI2","P48307",FALSE
"prot-ol","OID21513","MSRA","Q9UJ68",FALSE
"prot-ol","OID21514","FURIN","P09958",FALSE
"prot-ol","OID21515","CREG1","O75629",FALSE
"prot-ol","OID21516","PPY","P01298",FALSE
"prot-ol","OID21517","KLK8","O60259",FALSE
"prot-ol","OID21518","KLK11","Q9UBX7",FALSE
"prot-ol","OID21519","S100A4","P26447",FALSE
"prot-ol","OID21520","ERBB2","P04626",FALSE
"prot-ol","OID21521","SRC","P12931",FALSE
"prot-ol","OID21522","ITGB5","P18084",FALSE
"prot-ol","OID21523","KLK10","O43240",FALSE
"prot-ol","OID21524","VEGFC","P49767",FALSE
"prot-ol","OID21525","DLL1","O00548",FALSE
"prot-ol","OID21526","KLK6","Q92876",FALSE
"prot-ol","OID21527","CD27","P26842",FALSE
"prot-ol","OID21528","CEACAM1","P13688",FALSE
"prot-ol","OID21529","FOLR1","P15328",FALSE
"prot-ol","OID21530","LYPD3","O95274",FALSE
"prot-ol","OID21531","MIA","Q16674",FALSE
