gene_symbol,min_plasma_q,min_tissue_q,matched_modes,supporting_tissues,supporting_assays,any_tissue_at_or_before_plasma,significant_time_pairs,uniprot,annotation_available,locations,location_has_secreted,location_has_membrane,signal_peptide,in_cached_atlas,in_published_table_s8,published_COMPARTMENTS_score,priority,release_interpretation,evidence_and_limit,testable_follow_up,source_urls
NADK,7.37249315018633e-08,7.90208240844454e-10,EE-CON;RE-CON,muscle,transcript-rna-seq,False,5,O95544,True,,False,False,False,False,True,1.605,Hold: extracellular signaling evidence requires review,,,,
SERPINB8,1.6035152146285e-05,5.63351387906155e-05,EE-CON;RE-CON,muscle,transcript-rna-seq,False,4,P50452,True,Cytoplasm,False,False,False,False,True,4.265,Hold: extracellular signaling evidence requires review,,,,
ANGPT2,0.0002056093220439,0.0009854007519287,EE-CON,muscle,transcript-rna-seq,False,1,O15123,True,Secreted,True,False,True,False,True,5.0,Priority: vascular remodeling,Secreted ligand in UniProt,Already highlighted in MoTrPAC Figure 8. Adipose-specific mouse work links ANGPT2-driven angiogenesis to metabolism; acute human plasma increases do not establish benefit.,"Test whether post-exercise plasma changes endothelial TIE2 signaling and barrier function, and whether ANGPT2 depletion/add-back changes that response.",https://doi.org/10.64898/2026.02.27.702183 | https://pmc.ncbi.nlm.nih.gov/articles/PMC5391203/
CX3CL1,0.0002274167727112,5.50077780185103e-53,EE-CON,adipose;muscle,transcript-rna-seq,False,6,P78423,True,Cell membrane; Secreted,True,True,True,True,True,5.0,Previously analyzed benchmark,Membrane and soluble forms,Positive control from the existing fractalkine notebook; listed in cached Exerkine Atlas.,Use to benchmark the screen; distinguish membrane-bound protein from soluble fractalkine.,https://exerkineatlas.org/
CCN1,0.0010222848520052,2.92957516574203e-34,EE-CON;RE-CON,adipose;muscle,prot-pr;transcript-rna-seq,False,7,O00622,True,Secreted,True,False,True,False,True,5.0,Previously analyzed benchmark,Secreted matrix-associated protein,"Positive control from the existing CCN1 notebook, also highlighted in MoTrPAC Figure 8.",Use to benchmark the screen; do not count as a new candidate.,https://doi.org/10.64898/2026.02.27.702183
PXN,0.0010222848520052,0.0007629830587748,RE-CON,muscle,transcript-rna-seq,False,1,P49023,True,"Cell junction, focal adhesion; Cytoplasm, cell cortex; Cytoplasm, cytoskeleton",False,False,False,False,True,2.601,Hold: extracellular signaling evidence requires review,,,,
CD300LG,0.0017572647278889,0.0037978127461663,EE-CON,muscle,transcript-rna-seq,False,1,Q6UXG3,True,"Apical cell membrane; Basolateral cell membrane; Endosome, multivesicular body membrane",False,True,True,False,True,2.246,Priority: diabetes follow-up,Membrane protein; circulating molecular form unresolved,"Reported as an exercise-responsive candidate in a 2024 human training study; associations with insulin sensitivity and genetic analyses support glucose-homeostasis follow-up, not proof of therapeutic benefit.",Identify the measured circulating fragment/full-length protein by orthogonal assays; then test effects on endothelial function and glucose handling.,https://doi.org/10.7554/eLife.96535.3
ACVRL1,0.0093288691307144,0.0002605462301678,RE-CON,muscle,transcript-rna-seq,False,1,P37023,True,Cell membrane,False,True,True,False,True,2.873,Hold: extracellular signaling evidence requires review,,,,
EGLN1,0.015791278172898,9.023502219074041e-19,RE-CON,muscle,transcript-rna-seq,False,1,Q9GZT9,True,Cytoplasm; Nucleus,False,False,False,False,True,2.348,Hold: extracellular signaling evidence requires review,,,,
SCLY,0.0224079996563765,0.0200495653820278,EE-CON;RE-CON,adipose;muscle,prot-pr;transcript-rna-seq,False,3,Q96I15,True,"Cytoplasm, cytosol",False,False,False,False,True,1.419,Hold: extracellular signaling evidence requires review,,,,
FGR,0.02308378760786,0.0109888892081578,EE-CON;RE-CON,muscle,transcript-rna-seq,False,2,P09769,True,"Cell membrane; Cell projection, ruffle membrane; Cytoplasm, cytoskeleton; Cytoplasm, cytosol; Mitochondrion inner membrane; Mitochondrion intermembrane space",False,True,False,False,True,4.422,Hold: extracellular signaling evidence requires review,,,,
CEACAM8,0.0303331690560671,0.0254317463679658,EE-CON,adipose,prot-pr,False,1,P31997,True,Cell membrane; Cell surface,False,True,True,False,True,5.0,Hold: extracellular signaling evidence requires review,,,,
WARS1,0.0311630516797181,3.62872777131136e-06,RE-CON,muscle,transcript-rna-seq,False,1,P23381,True,Cytoplasm,False,False,False,False,False,,Priority: exploratory immune signaling,Nonclassical secretion demonstrated outside exercise,"Cell experiments demonstrate soluble and vesicular WARS1 release and innate inflammatory activity. Absent from the checked MoTrPAC Table S8, including alias WARS. Exercise-related release route, active species, and disease effect remain unestablished; broader novelty is not claimed.",Resolve soluble versus vesicular WARS1 and cell-injury markers; test WARS1 depletion/add-back in an innate-immune reporter assay.,https://doi.org/10.1016/j.celrep.2022.111905
TMSB10,0.0402050596830095,0.0030477030971399,RE-CON,muscle,transcript-rna-seq,False,2,P63313,True,"Cytoplasm, cytoskeleton",False,False,False,False,True,1.866,Hold: extracellular signaling evidence requires review,,,,
CAMKK1,0.0495801734489838,4.55075383815107e-05,RE-CON,muscle,transcript-rna-seq,False,1,Q8N5S9,True,Cytoplasm; Nucleus,False,False,False,False,True,1.331,Hold: extracellular signaling evidence requires review,,,,
