"candidate_id","candidate_name","mapping_status","identity_resolved","source_object","tissue","assay","platform","evidence_layer","interpretation_scope","feature_id","matched_gene","contrast_type","contrast_category","Timepoint","logFC","CI.L_calculated","CI.R_calculated","p_value","adj_p_value","direction","review_direction","direction_comparison","table3_screen_bh"
"T3_03","Angiopoietin 1","gene",TRUE,"BLOOD_PROT_OL_DA","blood","prot-ol","prot-ol","protein","circulating_abundance","OID20740","ANGPT1","exercise_with_controls","EE-CON","during_40_min",0.432070326006628,-0.494468563124858,1.35860921513811,0.358515983179573,0.621047858392976,"up","up;unchanged","no_detected_change",0.816422535953483
"T3_03","Angiopoietin 1","gene",TRUE,"BLOOD_PROT_OL_DA","blood","prot-ol","prot-ol","protein","circulating_abundance","OID20740","ANGPT1","exercise_with_controls","EE-CON","post_15_30_45_min",0.217972761892989,-0.706100431694588,1.14204595548057,0.641992280072882,0.929216609666265,"up","up;unchanged","no_detected_change",0.838967184186153
"T3_03","Angiopoietin 1","gene",TRUE,"BLOOD_PROT_OL_DA","blood","prot-ol","prot-ol","protein","circulating_abundance","OID20740","ANGPT1","exercise_with_controls","EE-CON","during_20_min",0.245536411464089,-0.661243136406587,1.15231595933476,0.593589096198169,0.788521669261539,"up","up;unchanged","no_detected_change",0.838967184186153
"T3_03","Angiopoietin 1","gene",TRUE,"BLOOD_PROT_OL_DA","blood","prot-ol","prot-ol","protein","circulating_abundance","OID20740","ANGPT1","exercise_with_controls","RE-CON","post_15_30_45_min",-0.898880555555555,-1.74923764159342,-0.048523469517691,0.0384174969712906,0.263115215069171,"down","up;unchanged","no_detected_change",0.285020470909221
"T3_03","Angiopoietin 1","gene",TRUE,"BLOOD_PROT_OL_DA","blood","prot-ol","prot-ol","protein","circulating_abundance","OID20740","ANGPT1","exercise_with_controls","EE-CON","post_3.5_4_hr",-0.100563656105271,-1.27021011833056,1.06908280612002,0.865426129399842,0.966856029307663,"down","up;unchanged","no_detected_change",0.930130886738148
"T3_03","Angiopoietin 1","gene",TRUE,"BLOOD_PROT_OL_DA","blood","prot-ol","prot-ol","protein","circulating_abundance","OID20740","ANGPT1","exercise_with_controls","RE-CON","post_24_hr",-0.377256000158037,-1.45724523138579,0.702733231069714,0.491425931129773,0.719753957898557,"down","up;unchanged","no_detected_change",0.831749830242007
"T3_03","Angiopoietin 1","gene",TRUE,"BLOOD_PROT_OL_DA","blood","prot-ol","prot-ol","protein","circulating_abundance","OID20740","ANGPT1","exercise_with_controls","EE-CON","post_24_hr",-0.783903932331986,-1.88386436912219,0.316056504458218,0.161302953117757,0.986437074865836,"down","up;unchanged","no_detected_change",0.675574831957718
"T3_03","Angiopoietin 1","gene",TRUE,"BLOOD_PROT_OL_DA","blood","prot-ol","prot-ol","protein","circulating_abundance","OID20740","ANGPT1","exercise_with_controls","RE-CON","post_10_min",-0.614378247288304,-1.47707023924616,0.248313744669551,0.161550503294237,0.556931377588815,"down","up;unchanged","no_detected_change",0.675574831957718
"T3_03","Angiopoietin 1","gene",TRUE,"BLOOD_PROT_OL_DA","blood","prot-ol","prot-ol","protein","circulating_abundance","OID20740","ANGPT1","exercise_with_controls","EE-CON","post_10_min",-0.201743350440671,-1.10852289831127,0.705036197429927,0.661004938712613,0.926453014990873,"down","up;unchanged","no_detected_change",0.844617421688339
"T3_03","Angiopoietin 1","gene",TRUE,"BLOOD_PROT_OL_DA","blood","prot-ol","prot-ol","protein","circulating_abundance","OID20740","ANGPT1","exercise_with_controls","RE-CON","post_3.5_4_hr",-0.294628249974875,-1.34778642892136,0.758529928971612,0.58150895848709,0.962028136058094,"down","up;unchanged","no_detected_change",0.838967184186153
"T3_04","Angiopoietin-like protein 4","gene",TRUE,"BLOOD_PROT_OL_DA","blood","prot-ol","prot-ol","protein","circulating_abundance","OID20703","ANGPTL4","exercise_with_controls","RE-CON","post_15_30_45_min",-0.304472222222223,-0.549131668900566,-0.0598127755438797,0.0150478862172901,0.163997830671796,"down","up","no_detected_change",0.151922913526056
"T3_04","Angiopoietin-like protein 4","gene",TRUE,"BLOOD_PROT_OL_DA","blood","prot-ol","prot-ol","protein","circulating_abundance","OID20703","ANGPTL4","exercise_with_controls","RE-CON","post_24_hr",-0.3009463176008,-0.615865384678248,0.0139727494766486,0.0609362719283369,0.392969968056837,"down","up","no_detected_change",0.378793041716689
"T3_04","Angiopoietin-like protein 4","gene",TRUE,"BLOOD_PROT_OL_DA","blood","prot-ol","prot-ol","protein","circulating_abundance","OID20703","ANGPTL4","exercise_with_controls","EE-CON","post_10_min",0.054084555879393,-0.206999387013242,0.315168498772028,0.683015930696324,0.941472348051256,"up","up","no_detected_change",0.863152000330519
"T3_04","Angiopoietin-like protein 4","gene",TRUE,"BLOOD_PROT_OL_DA","blood","prot-ol","prot-ol","protein","circulating_abundance","OID20703","ANGPTL4","exercise_with_controls","EE-CON","post_24_hr",0.0182880005611099,-0.301450463331902,0.338026464454121,0.910212328624223,0.990616573813196,"up","up","no_detected_change",0.952436150425518
"T3_04","Angiopoietin-like protein 4","gene",TRUE,"BLOOD_PROT_OL_DA","blood","prot-ol","prot-ol","protein","circulating_abundance","OID20703","ANGPTL4","exercise_with_controls","RE-CON","post_10_min",-0.2552882942333,-0.503847362379114,-0.0067292260874868,0.0441808737300444,0.319488080397867,"down","up","no_detected_change",0.298870616409124
"T3_04","Angiopoietin-like protein 4","gene",TRUE,"BLOOD_PROT_OL_DA","blood","prot-ol","prot-ol","protein","circulating_abundance","OID20703","ANGPTL4","exercise_with_controls","EE-CON","post_3.5_4_hr",0.419381412585937,0.0796842511340266,0.759078574037847,0.0158528257592406,0.493821649558619,"up","up","no_detected_change",0.151922913526056
"T3_04","Angiopoietin-like protein 4","gene",TRUE,"BLOOD_PROT_OL_DA","blood","prot-ol","prot-ol","protein","circulating_abundance","OID20703","ANGPTL4","exercise_with_controls","EE-CON","during_20_min",-0.110933301263465,-0.372017244156147,0.150150641629218,0.402662351641991,0.665387193023197,"down","up","no_detected_change",0.831749830242007
"T3_04","Angiopoietin-like protein 4","gene",TRUE,"BLOOD_PROT_OL_DA","blood","prot-ol","prot-ol","protein","circulating_abundance","OID20703","ANGPTL4","exercise_with_controls","EE-CON","during_40_min",0.154627172267981,-0.112703370362673,0.421957714898635,0.255046328907665,0.517562661014596,"up","up","no_detected_change",0.773692086697795
"T3_04","Angiopoietin-like protein 4","gene",TRUE,"BLOOD_PROT_OL_DA","blood","prot-ol","prot-ol","protein","circulating_abundance","OID20703","ANGPTL4","exercise_with_controls","RE-CON","post_3.5_4_hr",0.0361897403263677,-0.27053890571279,0.342918386365525,0.816066410158197,0.984159222221745,"up","up","no_detected_change",0.92348838395651
"T3_04","Angiopoietin-like protein 4","gene",TRUE,"BLOOD_PROT_OL_DA","blood","prot-ol","prot-ol","protein","circulating_abundance","OID20703","ANGPTL4","exercise_with_controls","EE-CON","post_15_30_45_min",-0.118585931683114,-0.384786980222792,0.147615116856563,0.380316647155396,0.829781197929607,"down","up","no_detected_change",0.831749830242007
"T3_09","Fractalkine","gene",TRUE,"BLOOD_PROT_OL_DA","blood","prot-ol","prot-ol","protein","circulating_abundance","OID20976","CX3CL1","exercise_with_controls","EE-CON","post_10_min",0.301787118543749,0.0789014454323654,0.524672791655132,0.00827368283511482,0.260529079496838,"up","up","no_detected_change",0.105719280670912
"T3_09","Fractalkine","gene",TRUE,"BLOOD_PROT_OL_DA","blood","prot-ol","prot-ol","protein","circulating_abundance","OID20976","CX3CL1","exercise_with_controls","RE-CON","post_24_hr",-0.0641008909414583,-0.332746237802072,0.204544455919155,0.638141945501281,0.791810102255092,"down","up","no_detected_change",0.838967184186153
"T3_09","Fractalkine","gene",TRUE,"BLOOD_PROT_OL_DA","blood","prot-ol","prot-ol","protein","circulating_abundance","OID20976","CX3CL1","exercise_with_controls","EE-CON","post_3.5_4_hr",0.234084678382904,-0.0557834043322433,0.523952761098052,0.112724944829928,0.840104135438625,"up","up","no_detected_change",0.580044154273771
"T3_09","Fractalkine","gene",TRUE,"BLOOD_PROT_OL_DA","blood","prot-ol","prot-ol","protein","circulating_abundance","OID20976","CX3CL1","exercise_with_controls","EE-CON","post_24_hr",0.149723489062961,-0.1230939787245,0.422540956850422,0.280082705158534,0.986437074865836,"up","up","no_detected_change",0.773692086697795
"T3_09","Fractalkine","gene",TRUE,"BLOOD_PROT_OL_DA","blood","prot-ol","prot-ol","protein","circulating_abundance","OID20976","CX3CL1","exercise_with_controls","RE-CON","post_3.5_4_hr",0.08460704296675,-0.17707452124258,0.346288607176081,0.524065482964744,0.962028136058094,"up","up","no_detected_change",0.831749830242007
"T3_09","Fractalkine","gene",TRUE,"BLOOD_PROT_OL_DA","blood","prot-ol","prot-ol","protein","circulating_abundance","OID20976","CX3CL1","exercise_with_controls","EE-CON","during_40_min",0.560544271107797,0.332354424806367,0.788734117409227,2.88885102950083e-06,0.00022741677271126,"up","up","consistent_with_review",4.74596954846565e-05
"T3_09","Fractalkine","gene",TRUE,"BLOOD_PROT_OL_DA","blood","prot-ol","prot-ol","protein","circulating_abundance","OID20976","CX3CL1","exercise_with_controls","RE-CON","post_15_30_45_min",0.115630555555556,-0.0932423416707802,0.324503452781892,0.275901861563517,0.595238737377178,"up","up","no_detected_change",0.773692086697795
"T3_09","Fractalkine","gene",TRUE,"BLOOD_PROT_OL_DA","blood","prot-ol","prot-ol","protein","circulating_abundance","OID20976","CX3CL1","exercise_with_controls","EE-CON","post_15_30_45_min",0.228112838021904,0.000866961926370674,0.455358714117436,0.0491427086991057,0.486348189620916,"up","up","no_detected_change",0.31396730557762
"T3_09","Fractalkine","gene",TRUE,"BLOOD_PROT_OL_DA","blood","prot-ol","prot-ol","protein","circulating_abundance","OID20976","CX3CL1","exercise_with_controls","EE-CON","during_20_min",0.56809068997232,0.345205016860948,0.790976363083693,1.28585302244832e-06,0.000364410746561854,"up","up","consistent_with_review",2.27497073202395e-05
"T3_09","Fractalkine","gene",TRUE,"BLOOD_PROT_OL_DA","blood","prot-ol","prot-ol","protein","circulating_abundance","OID20976","CX3CL1","exercise_with_controls","RE-CON","post_10_min",0.156881651890685,-0.055302138499477,0.369065442280847,0.146200131411415,0.548752985009452,"up","up","no_detected_change",0.659333925973048
"T3_10","FGF21","gene",TRUE,"BLOOD_PROT_OL_DA","blood","prot-ol","prot-ol","protein","circulating_abundance","OID21402","FGF21","exercise_with_controls","RE-CON","post_3.5_4_hr",-0.887263976873902,-1.46920300503888,-0.305324948708924,0.00302391527423552,0.0714147990598623,"down","up","no_detected_change",0.0434687820671356
"T3_10","FGF21","gene",TRUE,"BLOOD_PROT_OL_DA","blood","prot-ol","prot-ol","protein","circulating_abundance","OID21402","FGF21","exercise_with_controls","RE-CON","post_10_min",-0.175540680925037,-0.646762518795819,0.295681156945744,0.46300325370476,0.755948582645032,"down","up","no_detected_change",0.831749830242007
"T3_10","FGF21","gene",TRUE,"BLOOD_PROT_OL_DA","blood","prot-ol","prot-ol","protein","circulating_abundance","OID21402","FGF21","exercise_with_controls","RE-CON","post_24_hr",-0.37703078077249,-0.974576920521356,0.220515358976375,0.214570136395388,0.558125791959814,"down","up","no_detected_change",0.762358691369109
"T3_10","FGF21","gene",TRUE,"BLOOD_PROT_OL_DA","blood","prot-ol","prot-ol","protein","circulating_abundance","OID21402","FGF21","exercise_with_controls","RE-CON","post_15_30_45_min",-0.127444444444443,-0.591223064799399,0.336334175910512,0.588102041121019,0.799323836203036,"down","up","no_detected_change",0.838967184186153
"T3_10","FGF21","gene",TRUE,"BLOOD_PROT_OL_DA","blood","prot-ol","prot-ol","protein","circulating_abundance","OID21402","FGF21","exercise_with_controls","EE-CON","during_20_min",-0.0781705549446143,-0.57310922618432,0.416768116295092,0.755515902618694,0.889314588348536,"down","up","no_detected_change",0.903394823349582
"T3_10","FGF21","gene",TRUE,"BLOOD_PROT_OL_DA","blood","prot-ol","prot-ol","protein","circulating_abundance","OID21402","FGF21","exercise_with_controls","EE-CON","post_3.5_4_hr",-0.281232471575949,-0.925550645051974,0.363085701900076,0.38999304914566,0.860169181055597,"down","up","no_detected_change",0.831749830242007
"T3_10","FGF21","gene",TRUE,"BLOOD_PROT_OL_DA","blood","prot-ol","prot-ol","protein","circulating_abundance","OID21402","FGF21","exercise_with_controls","EE-CON","during_40_min",0.0545546145161677,-0.452304998206258,0.561414227238594,0.831942795561581,0.914129265879154,"up","up","no_detected_change",0.92348838395651
"T3_10","FGF21","gene",TRUE,"BLOOD_PROT_OL_DA","blood","prot-ol","prot-ol","protein","circulating_abundance","OID21402","FGF21","exercise_with_controls","EE-CON","post_24_hr",-0.529397297123901,-1.13591506177011,0.0771204675223076,0.0866818775906731,0.986437074865836,"down","up","no_detected_change",0.524653469627758
"T3_10","FGF21","gene",TRUE,"BLOOD_PROT_OL_DA","blood","prot-ol","prot-ol","protein","circulating_abundance","OID21402","FGF21","exercise_with_controls","EE-CON","post_10_min",-0.00160507875413929,-0.496543749993999,0.49333359248572,0.994898016493582,0.99662581776966,"down","up","no_detected_change",0.994898016493582
"T3_10","FGF21","gene",TRUE,"BLOOD_PROT_OL_DA","blood","prot-ol","prot-ol","protein","circulating_abundance","OID21402","FGF21","exercise_with_controls","EE-CON","post_15_30_45_min",0.266511484387534,-0.238151060644497,0.771174029419566,0.298556923577539,0.782052253347737,"up","up","no_detected_change",0.789288418653264
"T3_11","Follistatin","gene",TRUE,"BLOOD_PROT_OL_DA","blood","prot-ol","prot-ol","protein","circulating_abundance","OID20770","FST","exercise_with_controls","RE-CON","post_24_hr",-0.474485261549246,-0.795293891942078,-0.153676631156414,0.00399177007216632,0.220388445312025,"down","up","no_detected_change",0.0540063009763679
"T3_11","Follistatin","gene",TRUE,"BLOOD_PROT_OL_DA","blood","prot-ol","prot-ol","protein","circulating_abundance","OID20770","FST","exercise_with_controls","EE-CON","post_24_hr",-0.0915925062110124,-0.417222234229766,0.234037221807741,0.579348171652356,0.986437074865836,"down","up","no_detected_change",0.838967184186153
"T3_11","Follistatin","gene",TRUE,"BLOOD_PROT_OL_DA","blood","prot-ol","prot-ol","protein","circulating_abundance","OID20770","FST","exercise_with_controls","RE-CON","post_15_30_45_min",-0.167252777777777,-0.416256212371868,0.0817506568163133,0.186561508622735,0.511330092298675,"down","up","no_detected_change",0.752792052337352
"T3_11","Follistatin","gene",TRUE,"BLOOD_PROT_OL_DA","blood","prot-ol","prot-ol","protein","circulating_abundance","OID20770","FST","exercise_with_controls","EE-CON","during_20_min",-0.0415174384610635,-0.307250102454683,0.224215225532556,0.758066090897693,0.889314588348536,"down","up","no_detected_change",0.903394823349582
"T3_11","Follistatin","gene",TRUE,"BLOOD_PROT_OL_DA","blood","prot-ol","prot-ol","protein","circulating_abundance","OID20770","FST","exercise_with_controls","RE-CON","post_10_min",-0.0910945611523239,-0.344092971289587,0.161903848984939,0.478075870659306,0.764847505445577,"down","up","no_detected_change",0.831749830242007
"T3_11","Follistatin","gene",TRUE,"BLOOD_PROT_OL_DA","blood","prot-ol","prot-ol","protein","circulating_abundance","OID20770","FST","exercise_with_controls","EE-CON","during_40_min",0.148893056694971,-0.123237950430284,0.421024063820226,0.281535020843669,0.539463036770425,"up","up","no_detected_change",0.773692086697795
"T3_11","Follistatin","gene",TRUE,"BLOOD_PROT_OL_DA","blood","prot-ol","prot-ol","protein","circulating_abundance","OID20770","FST","exercise_with_controls","RE-CON","post_3.5_4_hr",-0.177504151674913,-0.489935388596122,0.134927085246296,0.263554815165785,0.804448542013167,"down","up","no_detected_change",0.773692086697795
"T3_11","Follistatin","gene",TRUE,"BLOOD_PROT_OL_DA","blood","prot-ol","prot-ol","protein","circulating_abundance","OID20770","FST","exercise_with_controls","EE-CON","post_15_30_45_min",-0.150218246832525,-0.421171061429548,0.120734567764499,0.275212242922687,0.765148613760643,"down","up","no_detected_change",0.773692086697795
"T3_11","Follistatin","gene",TRUE,"BLOOD_PROT_OL_DA","blood","prot-ol","prot-ol","protein","circulating_abundance","OID20770","FST","exercise_with_controls","EE-CON","post_10_min",-0.047031724175349,-0.312764388168949,0.218700939818251,0.727151138300474,0.942939154549897,"down","up","no_detected_change",0.891055465706614
"T3_11","Follistatin","gene",TRUE,"BLOOD_PROT_OL_DA","blood","prot-ol","prot-ol","protein","circulating_abundance","OID20770","FST","exercise_with_controls","EE-CON","post_3.5_4_hr",-0.0096315239852105,-0.355557225743619,0.336294177773198,0.956219610637842,0.987573141463521,"down","up","no_detected_change",0.969226366271377
"T3_12","GDF15","gene",TRUE,"BLOOD_PROT_OL_DA","blood","prot-ol","prot-ol","protein","circulating_abundance","OID20251","GDF15","exercise_with_controls","RE-CON","post_24_hr",0.217184332609633,-0.18491476056501,0.619283425784277,0.287779179873143,0.62264223955404,"up","up","no_detected_change",0.778696604362622
"T3_12","GDF15","gene",TRUE,"BLOOD_PROT_OL_DA","blood","prot-ol","prot-ol","protein","circulating_abundance","OID20251","GDF15","exercise_with_controls","EE-CON","post_10_min",0.114607238084396,-0.220120256460088,0.449334732628881,0.499912912583088,0.866788262939294,"up","up","no_detected_change",0.831749830242007
"T3_12","GDF15","gene",TRUE,"BLOOD_PROT_OL_DA","blood","prot-ol","prot-ol","protein","circulating_abundance","OID20251","GDF15","exercise_with_controls","EE-CON","post_15_30_45_min",-0.0250453663231604,-0.366268163557087,0.316177430910766,0.884933415127063,0.971494228208209,"down","up","no_detected_change",0.937698140093551
"T3_12","GDF15","gene",TRUE,"BLOOD_PROT_OL_DA","blood","prot-ol","prot-ol","protein","circulating_abundance","OID20251","GDF15","exercise_with_controls","RE-CON","post_15_30_45_min",-0.100480555555555,-0.414223616606471,0.213262505495361,0.527980327023187,0.764025790500921,"down","up","no_detected_change",0.831749830242007
"T3_12","GDF15","gene",TRUE,"BLOOD_PROT_OL_DA","blood","prot-ol","prot-ol","protein","circulating_abundance","OID20251","GDF15","exercise_with_controls","EE-CON","post_24_hr",0.127100494311475,-0.281631097359596,0.535832085982547,0.540060889853609,0.986437074865836,"up","up","no_detected_change",0.838348383240087
"T3_12","GDF15","gene",TRUE,"BLOOD_PROT_OL_DA","blood","prot-ol","prot-ol","protein","circulating_abundance","OID20251","GDF15","exercise_with_controls","EE-CON","during_20_min",0.15304295237011,-0.181684542174351,0.487770446914572,0.367919765819177,0.65187793518558,"up","up","no_detected_change",0.824378736190749
"T3_12","GDF15","gene",TRUE,"BLOOD_PROT_OL_DA","blood","prot-ol","prot-ol","protein","circulating_abundance","OID20251","GDF15","exercise_with_controls","RE-CON","post_10_min",-0.0234253543146168,-0.342018897467223,0.295168188837989,0.884733549968373,0.967149358809243,"down","up","no_detected_change",0.937698140093551
"T3_12","GDF15","gene",TRUE,"BLOOD_PROT_OL_DA","blood","prot-ol","prot-ol","protein","circulating_abundance","OID20251","GDF15","exercise_with_controls","EE-CON","post_3.5_4_hr",0.105726146412059,-0.328679413662847,0.540131706486966,0.631462379759147,0.900790454970818,"up","up","no_detected_change",0.838967184186153
"T3_12","GDF15","gene",TRUE,"BLOOD_PROT_OL_DA","blood","prot-ol","prot-ol","protein","circulating_abundance","OID20251","GDF15","exercise_with_controls","EE-CON","during_40_min",0.359733625546562,0.0172325886000972,0.702234662493028,0.0396550220395438,0.157398224733988,"up","up","no_detected_change",0.285020470909221
"T3_12","GDF15","gene",TRUE,"BLOOD_PROT_OL_DA","blood","prot-ol","prot-ol","protein","circulating_abundance","OID20251","GDF15","exercise_with_controls","RE-CON","post_3.5_4_hr",0.202105954889385,-0.189715542801564,0.593927452580335,0.3099549698454,0.846570751542394,"up","up","no_detected_change",0.792702779123874
"T3_13","HSP72","gene",TRUE,"BLOOD_PROT_OL_DA","blood","prot-ol","prot-ol","protein","circulating_abundance","OID20718","HSPA1A","exercise_with_controls","EE-CON","during_40_min",0.406449515083253,-0.387567335679134,1.20046636584564,0.313634577827272,0.575912694204965,"up","up","no_detected_change",0.792702779123874
"T3_13","HSP72","gene",TRUE,"BLOOD_PROT_OL_DA","blood","prot-ol","prot-ol","protein","circulating_abundance","OID20718","HSPA1A","exercise_with_controls","EE-CON","post_15_30_45_min",0.147942450350246,-0.644547452677265,0.940432353377757,0.712887268870395,0.942709406252907,"up","up","no_detected_change",0.891055465706614
"T3_13","HSP72","gene",TRUE,"BLOOD_PROT_OL_DA","blood","prot-ol","prot-ol","protein","circulating_abundance","OID20718","HSPA1A","exercise_with_controls","EE-CON","post_24_hr",-0.26456428850926,-1.20354194475055,0.674413367732031,0.578835463635451,0.986437074865836,"down","up","no_detected_change",0.838967184186153
"T3_13","HSP72","gene",TRUE,"BLOOD_PROT_OL_DA","blood","prot-ol","prot-ol","protein","circulating_abundance","OID20718","HSPA1A","exercise_with_controls","RE-CON","post_15_30_45_min",0.346005555555556,-0.38363145373916,1.07564256485027,0.350441508919613,0.651633363700005,"up","up","no_detected_change",0.814157040924353
"T3_13","HSP72","gene",TRUE,"BLOOD_PROT_OL_DA","blood","prot-ol","prot-ol","protein","circulating_abundance","OID20718","HSPA1A","exercise_with_controls","EE-CON","post_10_min",-0.478037160683802,-1.25582365695174,0.299749335584138,0.226643174663744,0.746868322089593,"down","up","no_detected_change",0.773692086697795
"T3_13","HSP72","gene",TRUE,"BLOOD_PROT_OL_DA","blood","prot-ol","prot-ol","protein","circulating_abundance","OID20718","HSPA1A","exercise_with_controls","RE-CON","post_3.5_4_hr",0.0915887138085407,-0.806888462394278,0.99006589001136,0.840778558881318,0.987879948536341,"up","up","no_detected_change",0.92348838395651
"T3_13","HSP72","gene",TRUE,"BLOOD_PROT_OL_DA","blood","prot-ol","prot-ol","protein","circulating_abundance","OID20718","HSPA1A","exercise_with_controls","RE-CON","post_24_hr",0.305760554572869,-0.615314781212888,1.22683589035863,0.513209305018205,0.733044187813147,"up","up","no_detected_change",0.831749830242007
"T3_13","HSP72","gene",TRUE,"BLOOD_PROT_OL_DA","blood","prot-ol","prot-ol","protein","circulating_abundance","OID20718","HSPA1A","exercise_with_controls","EE-CON","during_20_min",0.240037839316199,-0.537748656951782,1.01782433558418,0.543103952620752,0.753141471368083,"up","up","no_detected_change",0.838348383240087
"T3_13","HSP72","gene",TRUE,"BLOOD_PROT_OL_DA","blood","prot-ol","prot-ol","protein","circulating_abundance","OID20718","HSPA1A","exercise_with_controls","EE-CON","post_3.5_4_hr",-0.242340003830598,-1.24089231709476,0.756212309433561,0.632523996256855,0.900790454970818,"down","up","no_detected_change",0.838967184186153
"T3_13","HSP72","gene",TRUE,"BLOOD_PROT_OL_DA","blood","prot-ol","prot-ol","protein","circulating_abundance","OID20718","HSPA1A","exercise_with_controls","RE-CON","post_10_min",0.532793985633083,-0.206991890455672,1.27257986172184,0.15690258591343,0.551689737566576,"up","up","no_detected_change",0.675574831957718
"T3_14","IL-6","gene",TRUE,"BLOOD_PROT_OL_DA","blood","prot-ol","prot-ol","protein","circulating_abundance","OID20101","IL6","exercise_with_controls","EE-CON","post_24_hr",0.274060191979191,-0.445091296509195,0.993211680467577,0.452829798555696,0.986437074865836,"up","up","no_detected_change",0.831749830242007
"T3_14","IL-6","gene",TRUE,"BLOOD_PROT_OL_DA","blood","prot-ol","prot-ol","protein","circulating_abundance","OID20101","IL6","exercise_with_controls","EE-CON","during_40_min",0.178861272172516,-0.424375598009962,0.782098142354994,0.558990863644051,0.73680020608282,"up","up","no_detected_change",0.838967184186153
"T3_14","IL-6","gene",TRUE,"BLOOD_PROT_OL_DA","blood","prot-ol","prot-ol","protein","circulating_abundance","OID20101","IL6","exercise_with_controls","EE-CON","post_10_min",0.32227350072999,-0.267446122551981,0.911993124011961,0.282083688757282,0.786744953895692,"up","up","no_detected_change",0.773692086697795
"T3_14","IL-6","gene",TRUE,"BLOOD_PROT_OL_DA","blood","prot-ol","prot-ol","protein","circulating_abundance","OID20101","IL6","exercise_with_controls","RE-CON","post_15_30_45_min",0.303075,-0.249731123083281,0.855881123083281,0.280536370410393,0.599885649890587,"up","up","no_detected_change",0.773692086697795
"T3_14","IL-6","gene",TRUE,"BLOOD_PROT_OL_DA","blood","prot-ol","prot-ol","protein","circulating_abundance","OID20101","IL6","exercise_with_controls","EE-CON","post_15_30_45_min",0.214352771871284,-0.386764492265487,0.815470036008055,0.48229953686953,0.894767619118963,"up","up","no_detected_change",0.831749830242007
"T3_14","IL-6","gene",TRUE,"BLOOD_PROT_OL_DA","blood","prot-ol","prot-ol","protein","circulating_abundance","OID20101","IL6","exercise_with_controls","RE-CON","post_3.5_4_hr",-0.858868225488269,-1.54807040855468,-0.169666042421859,0.0149068415691741,0.182535648068065,"down","up","no_detected_change",0.151922913526056
"T3_14","IL-6","gene",TRUE,"BLOOD_PROT_OL_DA","blood","prot-ol","prot-ol","protein","circulating_abundance","OID20101","IL6","exercise_with_controls","RE-CON","post_10_min",0.231796567463569,-0.329443255488705,0.793036390415844,0.415900735861909,0.745045945279803,"up","up","no_detected_change",0.831749830242007
"T3_14","IL-6","gene",TRUE,"BLOOD_PROT_OL_DA","blood","prot-ol","prot-ol","protein","circulating_abundance","OID20101","IL6","exercise_with_controls","RE-CON","post_24_hr",0.184437582539626,-0.522716665415105,0.891591830494357,0.607254559676531,0.775280583220558,"up","up","no_detected_change",0.838967184186153
"T3_14","IL-6","gene",TRUE,"BLOOD_PROT_OL_DA","blood","prot-ol","prot-ol","protein","circulating_abundance","OID20101","IL6","exercise_with_controls","EE-CON","post_3.5_4_hr",-0.487649354025789,-1.2520783723866,0.27677966433502,0.209585551184541,0.860169181055597,"down","up","no_detected_change",0.762358691369109
"T3_14","IL-6","gene",TRUE,"BLOOD_PROT_OL_DA","blood","prot-ol","prot-ol","protein","circulating_abundance","OID20101","IL6","exercise_with_controls","EE-CON","during_20_min",-0.105669356412867,-0.695388979694941,0.484050266869207,0.723888179999203,0.870016582747134,"down","up","no_detected_change",0.891055465706614
"T3_14","IL-6","gene",TRUE,"BLOOD_PROT_OL_DA","blood","prot-ol","prot-ol","protein","circulating_abundance","OID20563","IL6","exercise_with_controls","EE-CON","post_10_min",0.289940198421018,-0.359549023512271,0.939429420354308,0.379303991708285,0.818760812452684,"up","up","no_detected_change",0.831749830242007
"T3_14","IL-6","gene",TRUE,"BLOOD_PROT_OL_DA","blood","prot-ol","prot-ol","protein","circulating_abundance","OID20563","IL6","exercise_with_controls","RE-CON","post_10_min",0.246196677783262,-0.371845632699395,0.864238988265919,0.432625575016897,0.746779202688605,"up","up","no_detected_change",0.831749830242007
"T3_14","IL-6","gene",TRUE,"BLOOD_PROT_OL_DA","blood","prot-ol","prot-ol","protein","circulating_abundance","OID20563","IL6","exercise_with_controls","EE-CON","during_20_min",-0.0876407539599338,-0.737129975893161,0.561848467973293,0.790205452396175,0.901627508042289,"down","up","no_detected_change",0.922574893660509
"T3_14","IL-6","gene",TRUE,"BLOOD_PROT_OL_DA","blood","prot-ol","prot-ol","protein","circulating_abundance","OID20563","IL6","exercise_with_controls","RE-CON","post_3.5_4_hr",-0.590928094666031,-1.3482814134133,0.166425224081234,0.125342104946922,0.58811179705228,"down","up","no_detected_change",0.588340492608001
"T3_14","IL-6","gene",TRUE,"BLOOD_PROT_OL_DA","blood","prot-ol","prot-ol","protein","circulating_abundance","OID20563","IL6","exercise_with_controls","EE-CON","post_3.5_4_hr",-0.533319926005139,-1.37378737274669,0.307147520736411,0.212015530875153,0.860169181055597,"down","up","no_detected_change",0.762358691369109
"T3_14","IL-6","gene",TRUE,"BLOOD_PROT_OL_DA","blood","prot-ol","prot-ol","protein","circulating_abundance","OID20563","IL6","exercise_with_controls","RE-CON","post_24_hr",-0.0255825995607011,-0.802488506045827,0.751323306924425,0.948242567851614,0.972961418280766,"down","up","no_detected_change",0.969226366271377
"T3_14","IL-6","gene",TRUE,"BLOOD_PROT_OL_DA","blood","prot-ol","prot-ol","protein","circulating_abundance","OID20563","IL6","exercise_with_controls","RE-CON","post_15_30_45_min",0.25058611111111,-0.358335568644234,0.859507790866454,0.417580253146447,0.697515741875376,"up","up","no_detected_change",0.831749830242007
"T3_14","IL-6","gene",TRUE,"BLOOD_PROT_OL_DA","blood","prot-ol","prot-ol","protein","circulating_abundance","OID20563","IL6","exercise_with_controls","EE-CON","post_24_hr",0.186610419503814,-0.603945863252173,0.9771667022598,0.641782379568665,0.986437074865836,"up","up","no_detected_change",0.838967184186153
"T3_14","IL-6","gene",TRUE,"BLOOD_PROT_OL_DA","blood","prot-ol","prot-ol","protein","circulating_abundance","OID20563","IL6","exercise_with_controls","EE-CON","during_40_min",0.373367585752003,-0.290739411281568,1.03747458278557,0.268544545388243,0.533699327931472,"up","up","no_detected_change",0.773692086697795
"T3_14","IL-6","gene",TRUE,"BLOOD_PROT_OL_DA","blood","prot-ol","prot-ol","protein","circulating_abundance","OID20563","IL6","exercise_with_controls","EE-CON","post_15_30_45_min",0.14741775312303,-0.51455919505959,0.80939470130565,0.660680216949839,0.933519308351035,"up","up","no_detected_change",0.844617421688339
"T3_14","IL-6","gene",TRUE,"BLOOD_PROT_OL_DA","blood","prot-ol","prot-ol","protein","circulating_abundance","OID20911","IL6","exercise_with_controls","EE-CON","post_24_hr",-0.0512344430789502,-0.773460398847852,0.670991512689951,0.888774758871279,0.990616573813196,"down","up","no_detected_change",0.937698140093551
"T3_14","IL-6","gene",TRUE,"BLOOD_PROT_OL_DA","blood","prot-ol","prot-ol","protein","circulating_abundance","OID20911","IL6","exercise_with_controls","EE-CON","post_10_min",0.383223956396468,-0.209426120409808,0.975874033202743,0.203440984130717,0.739140563098894,"up","up","no_detected_change",0.762358691369109
"T3_14","IL-6","gene",TRUE,"BLOOD_PROT_OL_DA","blood","prot-ol","prot-ol","protein","circulating_abundance","OID20911","IL6","exercise_with_controls","EE-CON","during_40_min",0.35010655378678,-0.256036139966126,0.956249247539685,0.255708620254058,0.517627307000001,"up","up","no_detected_change",0.773692086697795
"T3_14","IL-6","gene",TRUE,"BLOOD_PROT_OL_DA","blood","prot-ol","prot-ol","protein","circulating_abundance","OID20911","IL6","exercise_with_controls","RE-CON","post_15_30_45_min",0.142427777777779,-0.413154900654259,0.698010456209816,0.613349444429824,0.81349712194306,"up","up","no_detected_change",0.838967184186153
"T3_14","IL-6","gene",TRUE,"BLOOD_PROT_OL_DA","blood","prot-ol","prot-ol","protein","circulating_abundance","OID20911","IL6","exercise_with_controls","RE-CON","post_10_min",0.225785477665506,-0.338215463066376,0.789786418397388,0.430343872022017,0.746779202688605,"up","up","no_detected_change",0.831749830242007
"T3_14","IL-6","gene",TRUE,"BLOOD_PROT_OL_DA","blood","prot-ol","prot-ol","protein","circulating_abundance","OID20911","IL6","exercise_with_controls","RE-CON","post_24_hr",-0.280581675401235,-0.990597371363552,0.429434020561082,0.436365340525552,0.685021914165435,"down","up","no_detected_change",0.831749830242007
"T3_14","IL-6","gene",TRUE,"BLOOD_PROT_OL_DA","blood","prot-ol","prot-ol","protein","circulating_abundance","OID20911","IL6","exercise_with_controls","EE-CON","post_3.5_4_hr",-0.601253341975136,-1.36900013596485,0.166493452014577,0.123949073405405,0.840104135438625,"down","up","no_detected_change",0.588340492608001
"T3_14","IL-6","gene",TRUE,"BLOOD_PROT_OL_DA","blood","prot-ol","prot-ol","protein","circulating_abundance","OID20911","IL6","exercise_with_controls","EE-CON","during_20_min",0.100901337348849,-0.491748739457627,0.693551414155325,0.73713149670711,0.875536740011714,"up","up","no_detected_change",0.896169709037785
"T3_14","IL-6","gene",TRUE,"BLOOD_PROT_OL_DA","blood","prot-ol","prot-ol","protein","circulating_abundance","OID20911","IL6","exercise_with_controls","EE-CON","post_15_30_45_min",0.1491919320721,-0.454889742350584,0.753273606494784,0.626396459028522,0.927889075420117,"up","up","no_detected_change",0.838967184186153
"T3_14","IL-6","gene",TRUE,"BLOOD_PROT_OL_DA","blood","prot-ol","prot-ol","protein","circulating_abundance","OID20911","IL6","exercise_with_controls","RE-CON","post_3.5_4_hr",-0.877784793463944,-1.5698357615709,-0.185733825356987,0.0132386620892448,0.176973435664716,"down","up","no_detected_change",0.151922913526056
"T3_14","IL-6","gene",TRUE,"BLOOD_PROT_OL_DA","blood","prot-ol","prot-ol","protein","circulating_abundance","OID21276","IL6","exercise_with_controls","EE-CON","post_3.5_4_hr",-0.415398039839721,-1.11887761654957,0.288081536870126,0.245317771925479,0.860169181055597,"down","up","no_detected_change",0.773692086697795
"T3_14","IL-6","gene",TRUE,"BLOOD_PROT_OL_DA","blood","prot-ol","prot-ol","protein","circulating_abundance","OID21276","IL6","exercise_with_controls","EE-CON","during_40_min",0.452793441784712,-0.102080976370346,1.00766785993977,0.109027698372997,0.305925244741658,"up","up","no_detected_change",0.580044154273771
"T3_14","IL-6","gene",TRUE,"BLOOD_PROT_OL_DA","blood","prot-ol","prot-ol","protein","circulating_abundance","OID21276","IL6","exercise_with_controls","EE-CON","post_15_30_45_min",0.313118492501761,-0.239741439787953,0.865978424791475,0.265026914917374,0.755931471841525,"up","up","no_detected_change",0.773692086697795
"T3_14","IL-6","gene",TRUE,"BLOOD_PROT_OL_DA","blood","prot-ol","prot-ol","protein","circulating_abundance","OID21276","IL6","exercise_with_controls","EE-CON","post_10_min",0.306739866306066,-0.23561569735501,0.849095429967141,0.265690358506782,0.776260216576367,"up","up","no_detected_change",0.773692086697795
"T3_14","IL-6","gene",TRUE,"BLOOD_PROT_OL_DA","blood","prot-ol","prot-ol","protein","circulating_abundance","OID21276","IL6","exercise_with_controls","RE-CON","post_24_hr",0.0177478207621788,-0.633228589522584,0.668724231046941,0.957134883477535,0.978868492556116,"up","up","no_detected_change",0.969226366271377
"T3_14","IL-6","gene",TRUE,"BLOOD_PROT_OL_DA","blood","prot-ol","prot-ol","protein","circulating_abundance","OID21276","IL6","exercise_with_controls","RE-CON","post_10_min",0.210780877469449,-0.305409123042657,0.726970877981554,0.421192753598519,0.745607262876125,"up","up","no_detected_change",0.831749830242007
"T3_14","IL-6","gene",TRUE,"BLOOD_PROT_OL_DA","blood","prot-ol","prot-ol","protein","circulating_abundance","OID21276","IL6","exercise_with_controls","RE-CON","post_15_30_45_min",0.184575000000001,-0.323803954857285,0.692953954857287,0.474401154676064,0.72946310979961,"up","up","no_detected_change",0.831749830242007
"T3_14","IL-6","gene",TRUE,"BLOOD_PROT_OL_DA","blood","prot-ol","prot-ol","protein","circulating_abundance","OID21276","IL6","exercise_with_controls","EE-CON","post_24_hr",0.18121015839198,-0.480649194791864,0.843069511575823,0.589502923643134,0.986437074865836,"up","up","no_detected_change",0.838967184186153
"T3_14","IL-6","gene",TRUE,"BLOOD_PROT_OL_DA","blood","prot-ol","prot-ol","protein","circulating_abundance","OID21276","IL6","exercise_with_controls","EE-CON","during_20_min",0.125595818687018,-0.416759744974001,0.667951382348037,0.648046965880394,0.826536949282195,"up","up","no_detected_change",0.842094927415201
"T3_14","IL-6","gene",TRUE,"BLOOD_PROT_OL_DA","blood","prot-ol","prot-ol","protein","circulating_abundance","OID21276","IL6","exercise_with_controls","RE-CON","post_3.5_4_hr",-0.644623085337688,-1.27901436117611,-0.0102318094992688,0.0464590888758893,0.323172690648602,"down","up","no_detected_change",0.305302584041558
"T3_15","IL-7","gene",TRUE,"BLOOD_PROT_OL_DA","blood","prot-ol","prot-ol","protein","circulating_abundance","OID20535","IL7","exercise_with_controls","RE-CON","post_24_hr",-0.0707210448918372,-0.775439865249118,0.633997775465444,0.843185046221161,0.915550352870027,"down","up","no_detected_change",0.92348838395651
"T3_15","IL-7","gene",TRUE,"BLOOD_PROT_OL_DA","blood","prot-ol","prot-ol","protein","circulating_abundance","OID20535","IL7","exercise_with_controls","RE-CON","post_10_min",-0.116107146698508,-0.676166502137359,0.443952208740342,0.682787242647888,0.873992342215047,"down","up","no_detected_change",0.863152000330519
"T3_15","IL-7","gene",TRUE,"BLOOD_PROT_OL_DA","blood","prot-ol","prot-ol","protein","circulating_abundance","OID20535","IL7","exercise_with_controls","EE-CON","during_40_min",0.195021175898436,-0.406851776185505,0.796894127982377,0.523163964324003,0.713463787484141,"up","up","no_detected_change",0.831749830242007
"T3_15","IL-7","gene",TRUE,"BLOOD_PROT_OL_DA","blood","prot-ol","prot-ol","protein","circulating_abundance","OID20535","IL7","exercise_with_controls","EE-CON","post_15_30_45_min",0.244886709338856,-0.354977175953038,0.84475059463075,0.421319121445445,0.855314033077644,"up","up","no_detected_change",0.831749830242007
"T3_15","IL-7","gene",TRUE,"BLOOD_PROT_OL_DA","blood","prot-ol","prot-ol","protein","circulating_abundance","OID20535","IL7","exercise_with_controls","EE-CON","post_24_hr",0.0805639239139881,-0.636360881691244,0.797488729519221,0.824684125334621,0.988371872997558,"up","up","no_detected_change",0.92348838395651
"T3_15","IL-7","gene",TRUE,"BLOOD_PROT_OL_DA","blood","prot-ol","prot-ol","protein","circulating_abundance","OID20535","IL7","exercise_with_controls","RE-CON","post_15_30_45_min",-0.188736111111111,-0.740466717734527,0.362994495512306,0.500288519607835,0.742254967268937,"down","up","no_detected_change",0.831749830242007
"T3_15","IL-7","gene",TRUE,"BLOOD_PROT_OL_DA","blood","prot-ol","prot-ol","protein","circulating_abundance","OID20535","IL7","exercise_with_controls","EE-CON","post_3.5_4_hr",0.189084111729111,-0.573052985261816,0.951221208720039,0.624883113903168,0.897028570113107,"up","up","no_detected_change",0.838967184186153
"T3_15","IL-7","gene",TRUE,"BLOOD_PROT_OL_DA","blood","prot-ol","prot-ol","protein","circulating_abundance","OID20535","IL7","exercise_with_controls","RE-CON","post_3.5_4_hr",0.29051356952148,-0.396406018978101,0.97743315802106,0.404916445925659,0.908036347040075,"up","up","no_detected_change",0.831749830242007
"T3_15","IL-7","gene",TRUE,"BLOOD_PROT_OL_DA","blood","prot-ol","prot-ol","protein","circulating_abundance","OID20535","IL7","exercise_with_controls","EE-CON","during_20_min",0.355000725913725,-0.233523155561566,0.943524607389015,0.235317222925971,0.555125905797852,"up","up","no_detected_change",0.773692086697795
"T3_15","IL-7","gene",TRUE,"BLOOD_PROT_OL_DA","blood","prot-ol","prot-ol","protein","circulating_abundance","OID20535","IL7","exercise_with_controls","EE-CON","post_10_min",-0.0734659407529423,-0.661989822228273,0.515057940722388,0.805592761601722,0.973997391800034,"down","up","no_detected_change",0.92348838395651
"T3_16","IL-8","gene",TRUE,"BLOOD_PROT_OL_DA","blood","prot-ol","prot-ol","protein","circulating_abundance","OID20153","CXCL8","exercise_with_controls","EE-CON","post_15_30_45_min",-0.120946330117062,-0.469264255017162,0.227371594783038,0.493878305481464,0.897699487288832,"down","up;unchanged","no_detected_change",0.831749830242007
"T3_16","IL-8","gene",TRUE,"BLOOD_PROT_OL_DA","blood","prot-ol","prot-ol","protein","circulating_abundance","OID20153","CXCL8","exercise_with_controls","EE-CON","during_20_min",0.0676978108088329,-0.273995398793358,0.409391020411024,0.696119993047371,0.850407870597867,"up","up;unchanged","no_detected_change",0.87490490929451
"T3_16","IL-8","gene",TRUE,"BLOOD_PROT_OL_DA","blood","prot-ol","prot-ol","protein","circulating_abundance","OID20153","CXCL8","exercise_with_controls","EE-CON","post_10_min",0.142339477475498,-0.19935373212668,0.484032687077676,0.411919666812999,0.837813793218753,"up","up;unchanged","no_detected_change",0.831749830242007
"T3_16","IL-8","gene",TRUE,"BLOOD_PROT_OL_DA","blood","prot-ol","prot-ol","protein","circulating_abundance","OID20153","CXCL8","exercise_with_controls","RE-CON","post_10_min",-0.0818402913717595,-0.407056911318113,0.243376328574594,0.619895282767367,0.842399310892089,"down","up;unchanged","no_detected_change",0.838967184186153
"T3_16","IL-8","gene",TRUE,"BLOOD_PROT_OL_DA","blood","prot-ol","prot-ol","protein","circulating_abundance","OID20153","CXCL8","exercise_with_controls","RE-CON","post_3.5_4_hr",-0.261701462509494,-0.661541061184576,0.138138136165587,0.198053595879475,0.724759496472606,"down","up;unchanged","no_detected_change",0.762358691369109
"T3_16","IL-8","gene",TRUE,"BLOOD_PROT_OL_DA","blood","prot-ol","prot-ol","protein","circulating_abundance","OID20153","CXCL8","exercise_with_controls","EE-CON","during_40_min",0.186884958123868,-0.162721565549036,0.536491481796772,0.292714416061423,0.552472103746179,"up","up;unchanged","no_detected_change",0.782840880164271
"T3_16","IL-8","gene",TRUE,"BLOOD_PROT_OL_DA","blood","prot-ol","prot-ol","protein","circulating_abundance","OID20153","CXCL8","exercise_with_controls","EE-CON","post_24_hr",0.0734993524990891,-0.343622193047192,0.49062089804537,0.728340989360189,0.986437074865836,"up","up;unchanged","no_detected_change",0.891055465706614
"T3_16","IL-8","gene",TRUE,"BLOOD_PROT_OL_DA","blood","prot-ol","prot-ol","protein","circulating_abundance","OID20153","CXCL8","exercise_with_controls","RE-CON","post_15_30_45_min",-0.276766666666667,-0.597045712030985,0.0435123786976516,0.0898383737331769,0.398470543491867,"down","up;unchanged","no_detected_change",0.5298160502213
"T3_16","IL-8","gene",TRUE,"BLOOD_PROT_OL_DA","blood","prot-ol","prot-ol","protein","circulating_abundance","OID20153","CXCL8","exercise_with_controls","EE-CON","post_3.5_4_hr",0.0487837271948478,-0.394552281843426,0.492119736233122,0.828262080873636,0.95476994488591,"up","up;unchanged","no_detected_change",0.92348838395651
"T3_16","IL-8","gene",TRUE,"BLOOD_PROT_OL_DA","blood","prot-ol","prot-ol","protein","circulating_abundance","OID20153","CXCL8","exercise_with_controls","RE-CON","post_24_hr",-0.132010982791114,-0.542322503638042,0.278300538055815,0.526147873408531,0.733586606995975,"down","up;unchanged","no_detected_change",0.831749830242007
"T3_16","IL-8","gene",TRUE,"BLOOD_PROT_OL_DA","blood","prot-ol","prot-ol","protein","circulating_abundance","OID20631","CXCL8","exercise_with_controls","EE-CON","during_40_min",0.31358993370116,0.00954582449968339,0.617634042902637,0.0433072438034478,0.164337570760658,"up","up;unchanged","no_detected_change",0.298870616409124
"T3_16","IL-8","gene",TRUE,"BLOOD_PROT_OL_DA","blood","prot-ol","prot-ol","protein","circulating_abundance","OID20631","CXCL8","exercise_with_controls","EE-CON","post_15_30_45_min",-0.00600203117212872,-0.308843820453833,0.296839758109576,0.968827676272463,0.991462244744629,"down","up;unchanged","no_detected_change",0.973058364815137
"T3_16","IL-8","gene",TRUE,"BLOOD_PROT_OL_DA","blood","prot-ol","prot-ol","protein","circulating_abundance","OID20631","CXCL8","exercise_with_controls","RE-CON","post_15_30_45_min",-0.140777777777778,-0.419178594776115,0.13762303922056,0.319479673917073,0.630505150334948,"down","up;unchanged","no_detected_change",0.794319614890475
"T3_16","IL-8","gene",TRUE,"BLOOD_PROT_OL_DA","blood","prot-ol","prot-ol","protein","circulating_abundance","OID20631","CXCL8","exercise_with_controls","EE-CON","during_20_min",0.102123857299948,-0.194928645122908,0.399176359722804,0.498154280969867,0.723630208190793,"up","up;unchanged","no_detected_change",0.831749830242007
"T3_16","IL-8","gene",TRUE,"BLOOD_PROT_OL_DA","blood","prot-ol","prot-ol","protein","circulating_abundance","OID20631","CXCL8","exercise_with_controls","RE-CON","post_3.5_4_hr",0.0308686047053929,-0.31742087781495,0.379158087225736,0.861290213270177,0.988881177317023,"up","up;unchanged","no_detected_change",0.930130886738148
"T3_16","IL-8","gene",TRUE,"BLOOD_PROT_OL_DA","blood","prot-ol","prot-ol","protein","circulating_abundance","OID20631","CXCL8","exercise_with_controls","RE-CON","post_24_hr",-0.0590369620994537,-0.416532721479865,0.298458797280958,0.744778694379563,0.856731067131223,"down","up;unchanged","no_detected_change",0.896853925169107
"T3_16","IL-8","gene",TRUE,"BLOOD_PROT_OL_DA","blood","prot-ol","prot-ol","protein","circulating_abundance","OID20631","CXCL8","exercise_with_controls","EE-CON","post_3.5_4_hr",0.194492276689669,-0.191470254175376,0.580454807554714,0.321181409499192,0.860169181055597,"up","up;unchanged","no_detected_change",0.794319614890475
"T3_16","IL-8","gene",TRUE,"BLOOD_PROT_OL_DA","blood","prot-ol","prot-ol","protein","circulating_abundance","OID20631","CXCL8","exercise_with_controls","RE-CON","post_10_min",-0.0287681392972802,-0.311532271633447,0.253995993038887,0.841016097303137,0.947539567744362,"down","up;unchanged","no_detected_change",0.92348838395651
"T3_16","IL-8","gene",TRUE,"BLOOD_PROT_OL_DA","blood","prot-ol","prot-ol","protein","circulating_abundance","OID20631","CXCL8","exercise_with_controls","EE-CON","post_24_hr",0.13493375988206,-0.228274679419434,0.498142199183553,0.464251178684151,0.986437074865836,"up","up;unchanged","no_detected_change",0.831749830242007
"T3_16","IL-8","gene",TRUE,"BLOOD_PROT_OL_DA","blood","prot-ol","prot-ol","protein","circulating_abundance","OID20631","CXCL8","exercise_with_controls","EE-CON","post_10_min",0.168447666823758,-0.128604835599106,0.465500169246622,0.264441498596923,0.775804562136315,"up","up;unchanged","no_detected_change",0.773692086697795
"T3_16","IL-8","gene",TRUE,"BLOOD_PROT_OL_DA","blood","prot-ol","prot-ol","protein","circulating_abundance","OID20997","CXCL8","exercise_with_controls","RE-CON","post_15_30_45_min",-0.188552777777778,-0.4879708370535,0.110865281497944,0.215449195386922,0.547083510558941,"down","up;unchanged","no_detected_change",0.762358691369109
"T3_16","IL-8","gene",TRUE,"BLOOD_PROT_OL_DA","blood","prot-ol","prot-ol","protein","circulating_abundance","OID20997","CXCL8","exercise_with_controls","EE-CON","post_24_hr",0.0173597668099847,-0.373130052803552,0.407849586423521,0.930155564626193,0.990616573813196,"up","up;unchanged","no_detected_change",0.968035203004635
"T3_16","IL-8","gene",TRUE,"BLOOD_PROT_OL_DA","blood","prot-ol","prot-ol","protein","circulating_abundance","OID20997","CXCL8","exercise_with_controls","EE-CON","post_15_30_45_min",-0.0468713692833592,-0.37256018373717,0.278817445170452,0.776617405127552,0.962475682905248,"down","up;unchanged","no_detected_change",0.920731975151221
"T3_16","IL-8","gene",TRUE,"BLOOD_PROT_OL_DA","blood","prot-ol","prot-ol","protein","circulating_abundance","OID20997","CXCL8","exercise_with_controls","EE-CON","during_40_min",0.257757645381406,-0.0692060670155987,0.584721357778411,0.121478824609582,0.325230877580583,"up","up;unchanged","no_detected_change",0.588340492608001
"T3_16","IL-8","gene",TRUE,"BLOOD_PROT_OL_DA","blood","prot-ol","prot-ol","protein","circulating_abundance","OID20997","CXCL8","exercise_with_controls","RE-CON","post_24_hr",-0.152625716671084,-0.536924112194648,0.23167267885248,0.434056239235087,0.684451702307248,"down","up;unchanged","no_detected_change",0.831749830242007
"T3_16","IL-8","gene",TRUE,"BLOOD_PROT_OL_DA","blood","prot-ol","prot-ol","protein","circulating_abundance","OID20997","CXCL8","exercise_with_controls","RE-CON","post_3.5_4_hr",-0.091998400867813,-0.46641921721978,0.282422415484154,0.628205272706907,0.962028136058094,"down","up;unchanged","no_detected_change",0.838967184186153
"T3_16","IL-8","gene",TRUE,"BLOOD_PROT_OL_DA","blood","prot-ol","prot-ol","protein","circulating_abundance","OID20997","CXCL8","exercise_with_controls","EE-CON","post_10_min",0.133674172160392,-0.1857953279054,0.453143672226184,0.40984513049176,0.836816354332599,"up","up;unchanged","no_detected_change",0.831749830242007
"T3_16","IL-8","gene",TRUE,"BLOOD_PROT_OL_DA","blood","prot-ol","prot-ol","protein","circulating_abundance","OID20997","CXCL8","exercise_with_controls","EE-CON","post_3.5_4_hr",0.106957340142147,-0.308012443530843,0.521927123815138,0.611468993732583,0.895884906964067,"up","up;unchanged","no_detected_change",0.838967184186153
"T3_16","IL-8","gene",TRUE,"BLOOD_PROT_OL_DA","blood","prot-ol","prot-ol","protein","circulating_abundance","OID20997","CXCL8","exercise_with_controls","EE-CON","during_20_min",0.261858695969916,-0.0576108040959529,0.581328196035784,0.107470482117351,0.416718924642285,"up","up;unchanged","no_detected_change",0.580044154273771
"T3_16","IL-8","gene",TRUE,"BLOOD_PROT_OL_DA","blood","prot-ol","prot-ol","protein","circulating_abundance","OID20997","CXCL8","exercise_with_controls","RE-CON","post_10_min",-0.105774645686905,-0.409869451536384,0.198320160162575,0.493126872878931,0.77193689132264,"down","up;unchanged","no_detected_change",0.831749830242007
"T3_16","IL-8","gene",TRUE,"BLOOD_PROT_OL_DA","blood","prot-ol","prot-ol","protein","circulating_abundance","OID21430","CXCL8","exercise_with_controls","RE-CON","post_15_30_45_min",-0.0962166666666666,-0.373365921314147,0.180932587980813,0.493947260373796,0.742186593864093,"down","up;unchanged","no_detected_change",0.831749830242007
"T3_16","IL-8","gene",TRUE,"BLOOD_PROT_OL_DA","blood","prot-ol","prot-ol","protein","circulating_abundance","OID21430","CXCL8","exercise_with_controls","EE-CON","post_10_min",0.189452082990371,-0.106269172608176,0.485173338588919,0.207638198332263,0.739254590544766,"up","up;unchanged","no_detected_change",0.762358691369109
"T3_16","IL-8","gene",TRUE,"BLOOD_PROT_OL_DA","blood","prot-ol","prot-ol","protein","circulating_abundance","OID21430","CXCL8","exercise_with_controls","RE-CON","post_3.5_4_hr",-0.00885459702207958,-0.355659536183898,0.337950342139739,0.959852450050431,0.992394311382734,"down","up;unchanged","no_detected_change",0.969226366271377
"T3_16","IL-8","gene",TRUE,"BLOOD_PROT_OL_DA","blood","prot-ol","prot-ol","protein","circulating_abundance","OID21430","CXCL8","exercise_with_controls","EE-CON","post_24_hr",0.185541521889568,-0.176103209492973,0.547186253272108,0.312515198987018,0.986437074865836,"up","up;unchanged","no_detected_change",0.792702779123874
"T3_16","IL-8","gene",TRUE,"BLOOD_PROT_OL_DA","blood","prot-ol","prot-ol","protein","circulating_abundance","OID21430","CXCL8","exercise_with_controls","RE-CON","post_24_hr",-0.0270178136662448,-0.382999676444665,0.328964049112175,0.881055462103146,0.938688413383577,"down","up;unchanged","no_detected_change",0.937698140093551
"T3_16","IL-8","gene",TRUE,"BLOOD_PROT_OL_DA","blood","prot-ol","prot-ol","protein","circulating_abundance","OID21430","CXCL8","exercise_with_controls","RE-CON","post_10_min",0.0681036656221623,-0.213397324668709,0.349604655913034,0.633457477802281,0.847600798910135,"up","up;unchanged","no_detected_change",0.838967184186153
"T3_16","IL-8","gene",TRUE,"BLOOD_PROT_OL_DA","blood","prot-ol","prot-ol","protein","circulating_abundance","OID21430","CXCL8","exercise_with_controls","EE-CON","during_40_min",0.343672850246922,0.0409787469470972,0.646366953546747,0.0263174479995875,0.126842938147672,"up","up;unchanged","no_detected_change",0.208724587582935
"T3_16","IL-8","gene",TRUE,"BLOOD_PROT_OL_DA","blood","prot-ol","prot-ol","protein","circulating_abundance","OID21430","CXCL8","exercise_with_controls","EE-CON","post_15_30_45_min",0.0170861621821288,-0.284401914526508,0.318574238890765,0.911025883015713,0.971494228208209,"up","up;unchanged","no_detected_change",0.952436150425518
"T3_16","IL-8","gene",TRUE,"BLOOD_PROT_OL_DA","blood","prot-ol","prot-ol","protein","circulating_abundance","OID21430","CXCL8","exercise_with_controls","EE-CON","post_3.5_4_hr",0.275882236466617,-0.108410063301938,0.660174536235172,0.158216354967274,0.840104135438625,"up","up;unchanged","no_detected_change",0.675574831957718
"T3_16","IL-8","gene",TRUE,"BLOOD_PROT_OL_DA","blood","prot-ol","prot-ol","protein","circulating_abundance","OID21430","CXCL8","exercise_with_controls","EE-CON","during_20_min",0.161450892514181,-0.134270363084377,0.457172148112738,0.282565805576586,0.602867549794233,"up","up;unchanged","no_detected_change",0.773692086697795
"T3_17","IL-15","gene",TRUE,"BLOOD_PROT_OL_DA","blood","prot-ol","prot-ol","protein","circulating_abundance","OID20562","IL15","exercise_with_controls","EE-CON","during_40_min",0.245417755793198,0.0518164144329787,0.439019097153418,0.0133029893822274,0.0887427681484142,"up","up;unchanged","no_detected_change",0.151922913526056
"T3_17","IL-15","gene",TRUE,"BLOOD_PROT_OL_DA","blood","prot-ol","prot-ol","protein","circulating_abundance","OID20562","IL15","exercise_with_controls","RE-CON","post_15_30_45_min",-0.270819444444445,-0.448159655974809,-0.093479232914081,0.00298363203887873,0.0716577389676468,"down","up;unchanged","no_detected_change",0.0434687820671356
"T3_17","IL-15","gene",TRUE,"BLOOD_PROT_OL_DA","blood","prot-ol","prot-ol","protein","circulating_abundance","OID20562","IL15","exercise_with_controls","EE-CON","post_10_min",0.150347466100703,-0.0388554849979675,0.339550417199374,0.118538600871139,0.682626320007945,"up","up;unchanged","no_detected_change",0.588340492608001
"T3_17","IL-15","gene",TRUE,"BLOOD_PROT_OL_DA","blood","prot-ol","prot-ol","protein","circulating_abundance","OID20562","IL15","exercise_with_controls","EE-CON","post_3.5_4_hr",0.00757440887394567,-0.237993060250851,0.253141877998742,0.951504989084468,0.986945788885481,"up","up;unchanged","no_detected_change",0.969226366271377
"T3_17","IL-15","gene",TRUE,"BLOOD_PROT_OL_DA","blood","prot-ol","prot-ol","protein","circulating_abundance","OID20562","IL15","exercise_with_controls","RE-CON","post_3.5_4_hr",-0.18575184507919,-0.407254288687888,0.0357505985295085,0.0996588966445933,0.507426141920822,"down","up;unchanged","no_detected_change",0.559062103128206
"T3_17","IL-15","gene",TRUE,"BLOOD_PROT_OL_DA","blood","prot-ol","prot-ol","protein","circulating_abundance","OID20562","IL15","exercise_with_controls","EE-CON","post_24_hr",0.0555848032556244,-0.17547189498016,0.286641501491409,0.635382270435493,0.986437074865836,"up","up;unchanged","no_detected_change",0.838967184186153
"T3_17","IL-15","gene",TRUE,"BLOOD_PROT_OL_DA","blood","prot-ol","prot-ol","protein","circulating_abundance","OID20562","IL15","exercise_with_controls","EE-CON","during_20_min",0.161901037529275,-0.0273019135693824,0.351103988627932,0.0929844679429755,0.401704241082916,"up","up;unchanged","no_detected_change",0.534660690672109
"T3_17","IL-15","gene",TRUE,"BLOOD_PROT_OL_DA","blood","prot-ol","prot-ol","protein","circulating_abundance","OID20562","IL15","exercise_with_controls","EE-CON","post_15_30_45_min",-0.0655975848057605,-0.258473138992423,0.127277969380902,0.502741082636003,0.899451636601312,"down","up;unchanged","no_detected_change",0.831749830242007
"T3_17","IL-15","gene",TRUE,"BLOOD_PROT_OL_DA","blood","prot-ol","prot-ol","protein","circulating_abundance","OID20562","IL15","exercise_with_controls","RE-CON","post_24_hr",-0.183183317126386,-0.410499113845088,0.044132479592317,0.113486899749216,0.473347602767715,"down","up;unchanged","no_detected_change",0.580044154273771
"T3_17","IL-15","gene",TRUE,"BLOOD_PROT_OL_DA","blood","prot-ol","prot-ol","protein","circulating_abundance","OID20562","IL15","exercise_with_controls","RE-CON","post_10_min",0.0168425947221901,-0.163242119359448,0.196927308803828,0.853686908114065,0.954001852364062,"up","up;unchanged","no_detected_change",0.930130886738148
"T3_23","Myostatin (GDF8)","gene",TRUE,"BLOOD_PROT_OL_DA","blood","prot-ol","prot-ol","protein","circulating_abundance","OID20115","MSTN","exercise_with_controls","EE-CON","post_3.5_4_hr",0.047938860884539,-0.379033046117961,0.474910767887039,0.824820441263078,0.95476994488591,"up","up;unchanged","no_detected_change",0.92348838395651
"T3_23","Myostatin (GDF8)","gene",TRUE,"BLOOD_PROT_OL_DA","blood","prot-ol","prot-ol","protein","circulating_abundance","OID20115","MSTN","exercise_with_controls","EE-CON","during_20_min",0.120022568014479,-0.208362054959825,0.448407190988783,0.471480386544907,0.703250218667509,"up","up;unchanged","no_detected_change",0.831749830242007
"T3_23","Myostatin (GDF8)","gene",TRUE,"BLOOD_PROT_OL_DA","blood","prot-ol","prot-ol","protein","circulating_abundance","OID20115","MSTN","exercise_with_controls","RE-CON","post_3.5_4_hr",0.0648020500514312,-0.320610817696571,0.450214917799433,0.740314107465996,0.969524113012308,"up","up;unchanged","no_detected_change",0.896169709037785
"T3_23","Myostatin (GDF8)","gene",TRUE,"BLOOD_PROT_OL_DA","blood","prot-ol","prot-ol","protein","circulating_abundance","OID20115","MSTN","exercise_with_controls","EE-CON","during_40_min",0.153304649695761,-0.18287300541169,0.489482304803211,0.369178303598466,0.63179427077177,"up","up;unchanged","no_detected_change",0.824378736190749
"T3_23","Myostatin (GDF8)","gene",TRUE,"BLOOD_PROT_OL_DA","blood","prot-ol","prot-ol","protein","circulating_abundance","OID20115","MSTN","exercise_with_controls","EE-CON","post_15_30_45_min",0.0820984292490265,-0.252704014116721,0.416900872614774,0.628869982530145,0.927889075420117,"up","up;unchanged","no_detected_change",0.838967184186153
"T3_23","Myostatin (GDF8)","gene",TRUE,"BLOOD_PROT_OL_DA","blood","prot-ol","prot-ol","protein","circulating_abundance","OID20115","MSTN","exercise_with_controls","EE-CON","post_24_hr",0.0472228256466032,-0.354619088505157,0.449064739798363,0.816790165440295,0.988371872997558,"up","up;unchanged","no_detected_change",0.92348838395651
"T3_23","Myostatin (GDF8)","gene",TRUE,"BLOOD_PROT_OL_DA","blood","prot-ol","prot-ol","protein","circulating_abundance","OID20115","MSTN","exercise_with_controls","EE-CON","post_10_min",0.0443713775382875,-0.284013245436047,0.372756000512622,0.789938652096785,0.969213557609481,"up","up;unchanged","no_detected_change",0.922574893660509
"T3_23","Myostatin (GDF8)","gene",TRUE,"BLOOD_PROT_OL_DA","blood","prot-ol","prot-ol","protein","circulating_abundance","OID20115","MSTN","exercise_with_controls","RE-CON","post_15_30_45_min",0.112772222222222,-0.19497361519293,0.420518059637374,0.470326227514322,0.726678674631448,"up","up;unchanged","no_detected_change",0.831749830242007
"T3_23","Myostatin (GDF8)","gene",TRUE,"BLOOD_PROT_OL_DA","blood","prot-ol","prot-ol","protein","circulating_abundance","OID20115","MSTN","exercise_with_controls","RE-CON","post_24_hr",0.145676232512928,-0.249975276709644,0.5413277417355,0.468251609259767,0.70736943531033,"up","up;unchanged","no_detected_change",0.831749830242007
"T3_23","Myostatin (GDF8)","gene",TRUE,"BLOOD_PROT_OL_DA","blood","prot-ol","prot-ol","protein","circulating_abundance","OID20115","MSTN","exercise_with_controls","RE-CON","post_10_min",0.0973398071096955,-0.215270208916562,0.409949823135952,0.539487027347158,0.797623857110708,"up","up;unchanged","no_detected_change",0.838348383240087
"T3_24","SPARC","gene",TRUE,"BLOOD_PROT_OL_DA","blood","prot-ol","prot-ol","protein","circulating_abundance","OID21511","SPARC","exercise_with_controls","RE-CON","post_3.5_4_hr",-0.918555583228593,-1.75437975508976,-0.0827314113674299,0.031435483507316,0.269964121999192,"down","up;unchanged","no_detected_change",0.241005373556089
"T3_24","SPARC","gene",TRUE,"BLOOD_PROT_OL_DA","blood","prot-ol","prot-ol","protein","circulating_abundance","OID21511","SPARC","exercise_with_controls","RE-CON","post_15_30_45_min",-0.81965,-1.50044653701015,-0.138853462989847,0.0185990187302817,0.183699358016929,"down","up;unchanged","no_detected_change",0.164529781075569
"T3_24","SPARC","gene",TRUE,"BLOOD_PROT_OL_DA","blood","prot-ol","prot-ol","protein","circulating_abundance","OID21511","SPARC","exercise_with_controls","EE-CON","post_10_min",-0.428269207200073,-1.15386603378569,0.297327619385546,0.245516930248317,0.759344151137547,"down","up;unchanged","no_detected_change",0.773692086697795
"T3_24","SPARC","gene",TRUE,"BLOOD_PROT_OL_DA","blood","prot-ol","prot-ol","protein","circulating_abundance","OID21511","SPARC","exercise_with_controls","EE-CON","post_3.5_4_hr",-0.700282043046071,-1.62938704085816,0.228822954766016,0.13866285410605,0.840104135438625,"down","up;unchanged","no_detected_change",0.63784912888783
"T3_24","SPARC","gene",TRUE,"BLOOD_PROT_OL_DA","blood","prot-ol","prot-ol","protein","circulating_abundance","OID21511","SPARC","exercise_with_controls","EE-CON","during_40_min",-0.0903196326474509,-0.830721560007006,0.650082294712104,0.809959192479122,0.903441592157505,"down","up;unchanged","no_detected_change",0.92348838395651
"T3_24","SPARC","gene",TRUE,"BLOOD_PROT_OL_DA","blood","prot-ol","prot-ol","protein","circulating_abundance","OID21511","SPARC","exercise_with_controls","EE-CON","post_15_30_45_min",-0.252518390836614,-0.991781424919193,0.486744643245964,0.50094496273205,0.899451636601312,"down","up;unchanged","no_detected_change",0.831749830242007
"T3_24","SPARC","gene",TRUE,"BLOOD_PROT_OL_DA","blood","prot-ol","prot-ol","protein","circulating_abundance","OID21511","SPARC","exercise_with_controls","EE-CON","during_20_min",-0.208006111961978,-0.933602938547607,0.517590714623651,0.572118412327198,0.774264550434406,"down","up;unchanged","no_detected_change",0.838967184186153
"T3_24","SPARC","gene",TRUE,"BLOOD_PROT_OL_DA","blood","prot-ol","prot-ol","protein","circulating_abundance","OID21511","SPARC","exercise_with_controls","EE-CON","post_24_hr",-0.995515001470572,-1.8692303752253,-0.121799627715847,0.0257785776967044,0.961269594637636,"down","up;unchanged","no_detected_change",0.208724587582935
"T3_24","SPARC","gene",TRUE,"BLOOD_PROT_OL_DA","blood","prot-ol","prot-ol","protein","circulating_abundance","OID21511","SPARC","exercise_with_controls","RE-CON","post_10_min",-0.852356583225228,-1.54242338918432,-0.162289777266134,0.0158008100645657,0.191374057515438,"down","up;unchanged","no_detected_change",0.151922913526056
"T3_24","SPARC","gene",TRUE,"BLOOD_PROT_OL_DA","blood","prot-ol","prot-ol","protein","circulating_abundance","OID21511","SPARC","exercise_with_controls","RE-CON","post_24_hr",-0.298970760940169,-1.15572333755679,0.55778181567645,0.491914270252586,0.719753957898557,"down","up;unchanged","no_detected_change",0.831749830242007
"T3_25","SDC4","gene",TRUE,"BLOOD_PROT_OL_DA","blood","prot-ol","prot-ol","protein","circulating_abundance","OID20216","SDC4","exercise_with_controls","RE-CON","post_15_30_45_min",-0.174969444444444,-0.839234362974469,0.489295474085581,0.603662354737685,0.806210703735439,"down","up","no_detected_change",0.838967184186153
"T3_25","SDC4","gene",TRUE,"BLOOD_PROT_OL_DA","blood","prot-ol","prot-ol","protein","circulating_abundance","OID20216","SDC4","exercise_with_controls","EE-CON","during_40_min",0.358259199452202,-0.365834592508091,1.08235299141249,0.330024298375576,0.588231988425397,"up","up","no_detected_change",0.807506261982792
"T3_25","SDC4","gene",TRUE,"BLOOD_PROT_OL_DA","blood","prot-ol","prot-ol","protein","circulating_abundance","OID20216","SDC4","exercise_with_controls","RE-CON","post_3.5_4_hr",-0.397023502905928,-1.22133609755204,0.42728909174018,0.343054063209836,0.869936469895643,"down","up","no_detected_change",0.811123404286599
"T3_25","SDC4","gene",TRUE,"BLOOD_PROT_OL_DA","blood","prot-ol","prot-ol","protein","circulating_abundance","OID20216","SDC4","exercise_with_controls","RE-CON","post_10_min",-0.121204586077496,-0.795248905795719,0.552839733640727,0.722986714078773,0.895123889468723,"down","up","no_detected_change",0.891055465706614
"T3_25","SDC4","gene",TRUE,"BLOOD_PROT_OL_DA","blood","prot-ol","prot-ol","protein","circulating_abundance","OID20216","SDC4","exercise_with_controls","EE-CON","post_24_hr",-0.276964036345372,-1.13769059496141,0.583762522270663,0.526123655781345,0.986437074865836,"down","up","no_detected_change",0.831749830242007
"T3_25","SDC4","gene",TRUE,"BLOOD_PROT_OL_DA","blood","prot-ol","prot-ol","protein","circulating_abundance","OID20216","SDC4","exercise_with_controls","EE-CON","post_10_min",-0.287008218251169,-0.995431500540844,0.421415064038507,0.424860870619386,0.8446723748357,"down","up","no_detected_change",0.831749830242007
"T3_25","SDC4","gene",TRUE,"BLOOD_PROT_OL_DA","blood","prot-ol","prot-ol","protein","circulating_abundance","OID20216","SDC4","exercise_with_controls","EE-CON","post_15_30_45_min",0.349273086975115,-0.372709644780966,1.0712558187312,0.340845442594269,0.803474707987767,"up","up","no_detected_change",0.811123404286599
"T3_25","SDC4","gene",TRUE,"BLOOD_PROT_OL_DA","blood","prot-ol","prot-ol","protein","circulating_abundance","OID20216","SDC4","exercise_with_controls","EE-CON","post_3.5_4_hr",-0.429573992628963,-1.34475565601263,0.485607670754699,0.35542506754696,0.860169181055597,"down","up","no_detected_change",0.816422535953483
"T3_25","SDC4","gene",TRUE,"BLOOD_PROT_OL_DA","blood","prot-ol","prot-ol","protein","circulating_abundance","OID20216","SDC4","exercise_with_controls","EE-CON","during_20_min",0.395652496034546,-0.312770786255171,1.10407577832426,0.271714118858084,0.596500509332158,"up","up","no_detected_change",0.773692086697795
"T3_25","SDC4","gene",TRUE,"BLOOD_PROT_OL_DA","blood","prot-ol","prot-ol","protein","circulating_abundance","OID20216","SDC4","exercise_with_controls","RE-CON","post_24_hr",-0.108575853990621,-0.954010733050562,0.736859025069319,0.800171210276393,0.883054988287889,"down","up","no_detected_change",0.92348838395651
"T3_28","VEGF","gene",TRUE,"BLOOD_PROT_OL_DA","blood","prot-ol","prot-ol","protein","circulating_abundance","OID20650","VEGFA","exercise_with_controls","EE-CON","post_3.5_4_hr",0.0427674368758644,-0.339471344477593,0.425006218229322,0.825435010813123,0.95476994488591,"up","up;unchanged","no_detected_change",0.92348838395651
"T3_28","VEGF","gene",TRUE,"BLOOD_PROT_OL_DA","blood","prot-ol","prot-ol","protein","circulating_abundance","OID20650","VEGFA","exercise_with_controls","EE-CON","during_20_min",0.350226684979893,0.0550654411138014,0.645387928845985,0.0203391757731097,0.21792751038159,"up","up;unchanged","no_detected_change",0.173259645474638
"T3_28","VEGF","gene",TRUE,"BLOOD_PROT_OL_DA","blood","prot-ol","prot-ol","protein","circulating_abundance","OID20650","VEGFA","exercise_with_controls","RE-CON","post_3.5_4_hr",0.00858992245358403,-0.335926163534652,0.35310600844182,0.960798310912495,0.992394311382734,"up","up;unchanged","no_detected_change",0.969226366271377
"T3_28","VEGF","gene",TRUE,"BLOOD_PROT_OL_DA","blood","prot-ol","prot-ol","protein","circulating_abundance","OID20650","VEGFA","exercise_with_controls","RE-CON","post_10_min",0.0244136024241116,-0.256472201314169,0.305299406162392,0.863937157040399,0.95900729128042,"up","up;unchanged","no_detected_change",0.930130886738148
"T3_28","VEGF","gene",TRUE,"BLOOD_PROT_OL_DA","blood","prot-ol","prot-ol","protein","circulating_abundance","OID20650","VEGFA","exercise_with_controls","EE-CON","post_15_30_45_min",0.209718033850161,-0.0911307972559682,0.510566864956291,0.170548219758577,0.673836540985437,"up","up;unchanged","no_detected_change",0.70046590257987
"T3_28","VEGF","gene",TRUE,"BLOOD_PROT_OL_DA","blood","prot-ol","prot-ol","protein","circulating_abundance","OID20650","VEGFA","exercise_with_controls","RE-CON","post_15_30_45_min",-0.0618777777777781,-0.338585815635724,0.214830260080168,0.659365807559916,0.837463787990189,"down","up;unchanged","no_detected_change",0.844617421688339
"T3_28","VEGF","gene",TRUE,"BLOOD_PROT_OL_DA","blood","prot-ol","prot-ol","protein","circulating_abundance","OID20650","VEGFA","exercise_with_controls","EE-CON","post_24_hr",0.0103048473336353,-0.349258865360714,0.369868560027985,0.954944568954027,0.994366247793521,"up","up;unchanged","no_detected_change",0.969226366271377
"T3_28","VEGF","gene",TRUE,"BLOOD_PROT_OL_DA","blood","prot-ol","prot-ol","protein","circulating_abundance","OID20650","VEGFA","exercise_with_controls","EE-CON","post_10_min",0.190586208789417,-0.104575035076669,0.485747452655503,0.204101752909085,0.739140563098894,"up","up;unchanged","no_detected_change",0.762358691369109
"T3_28","VEGF","gene",TRUE,"BLOOD_PROT_OL_DA","blood","prot-ol","prot-ol","protein","circulating_abundance","OID20650","VEGFA","exercise_with_controls","RE-CON","post_24_hr",-0.169325512174989,-0.522769250967658,0.18411822661768,0.345609102696029,0.647788490106181,"down","up;unchanged","no_detected_change",0.811123404286599
"T3_28","VEGF","gene",TRUE,"BLOOD_PROT_OL_DA","blood","prot-ol","prot-ol","protein","circulating_abundance","OID20650","VEGFA","exercise_with_controls","EE-CON","during_40_min",0.369481878982513,0.0676246374294683,0.671339120535557,0.0167538922339456,0.10102240551277,"up","up;unchanged","no_detected_change",0.1541358085523
"T3_06","BAIBA","ambiguous",FALSE,"BLOOD_METAB_DA","blood","metab","metab-u-hilicpos","metabolite","circulating_abundance","Aminoisobutyric acid",NA,"exercise_with_controls","EE-CON","during_20_min",-0.0742281675664316,-0.194729217485506,0.0462728823526425,0.226901368150548,0.401088277033797,"down","up","not_applicable",NA
"T3_06","BAIBA","ambiguous",FALSE,"BLOOD_METAB_DA","blood","metab","metab-u-hilicpos","metabolite","circulating_abundance","Aminoisobutyric acid",NA,"exercise_with_controls","EE-CON","during_40_min",-0.179580747667533,-0.300924258305551,-0.0582372370295145,0.00378173431706141,0.0157572263210892,"down","up","not_applicable",NA
"T3_06","BAIBA","ambiguous",FALSE,"BLOOD_METAB_DA","blood","metab","metab-u-hilicpos","metabolite","circulating_abundance","Aminoisobutyric acid",NA,"exercise_with_controls","EE-CON","post_10_min",-0.177997315719391,-0.299493259136498,-0.0565013723022847,0.00414574154990716,0.0218536202772452,"down","up","not_applicable",NA
"T3_06","BAIBA","ambiguous",FALSE,"BLOOD_METAB_DA","blood","metab","metab-u-hilicpos","metabolite","circulating_abundance","Aminoisobutyric acid",NA,"exercise_with_controls","EE-CON","post_15_30_45_min",-0.225009737054517,-0.344531163432134,-0.1054883106769,0.000236195573684508,0.00330673803158311,"down","up","not_applicable",NA
"T3_06","BAIBA","ambiguous",FALSE,"BLOOD_METAB_DA","blood","metab","metab-u-hilicpos","metabolite","circulating_abundance","Aminoisobutyric acid",NA,"exercise_with_controls","EE-CON","post_3.5_4_hr",-0.0303582176723651,-0.189307710944528,0.128591275599798,0.707776991995068,0.972067774120201,"down","up","not_applicable",NA
"T3_06","BAIBA","ambiguous",FALSE,"BLOOD_METAB_DA","blood","metab","metab-u-hilicpos","metabolite","circulating_abundance","Aminoisobutyric acid",NA,"exercise_with_controls","EE-CON","post_24_hr",-0.0585450173124364,-0.207785513500822,0.0906954788759496,0.44143232794504,0.808907407229131,"down","up","not_applicable",NA
"T3_06","BAIBA","ambiguous",FALSE,"BLOOD_METAB_DA","blood","metab","metab-u-hilicpos","metabolite","circulating_abundance","Aminoisobutyric acid",NA,"exercise_with_controls","RE-CON","post_10_min",-0.266364833244769,-0.386253483223117,-0.14647618326642,1.48496382258177e-05,9.4497697800658e-05,"down","up","not_applicable",NA
"T3_06","BAIBA","ambiguous",FALSE,"BLOOD_METAB_DA","blood","metab","metab-u-hilicpos","metabolite","circulating_abundance","Aminoisobutyric acid",NA,"exercise_with_controls","RE-CON","post_15_30_45_min",-0.293153798835363,-0.410629825247862,-0.175677772422863,1.19911258030402e-06,8.7435292313835e-06,"down","up","not_applicable",NA
"T3_06","BAIBA","ambiguous",FALSE,"BLOOD_METAB_DA","blood","metab","metab-u-hilicpos","metabolite","circulating_abundance","Aminoisobutyric acid",NA,"exercise_with_controls","RE-CON","post_3.5_4_hr",-0.0475187396808572,-0.20257852522222,0.107541045860506,0.547574463865517,0.674827684341306,"down","up","not_applicable",NA
"T3_06","BAIBA","ambiguous",FALSE,"BLOOD_METAB_DA","blood","metab","metab-u-hilicpos","metabolite","circulating_abundance","Aminoisobutyric acid",NA,"exercise_with_controls","RE-CON","post_24_hr",-0.0280519465887537,-0.176272267209928,0.12016837403242,0.710311391218942,0.869262192051153,"down","up","not_applicable",NA
"T3_19","Lactate","exact_metabolite",TRUE,"BLOOD_METAB_DA","blood","metab","metab-u-ionpneg","metabolite","circulating_abundance","Lactic acid",NA,"exercise_with_controls","EE-CON","during_20_min",1.14577591956137,0.989125769651708,1.30242606947102,5.1016367387469e-41,1.5559992053178e-39,"up","up","consistent_with_review",1.67625207130255e-39
"T3_19","Lactate","exact_metabolite",TRUE,"BLOOD_METAB_DA","blood","metab","metab-u-ionpneg","metabolite","circulating_abundance","Lactic acid",NA,"exercise_with_controls","EE-CON","during_40_min",1.10235146666247,0.944254634074809,1.26044829925012,7.62067485771161e-38,2.32430583160204e-36,"up","up","consistent_with_review",2.19094402159209e-36
"T3_19","Lactate","exact_metabolite",TRUE,"BLOOD_METAB_DA","blood","metab","metab-u-ionpneg","metabolite","circulating_abundance","Lactic acid",NA,"exercise_with_controls","EE-CON","post_10_min",0.858626670134878,0.699967151101535,1.01728618916822,1.68579978511437e-24,3.42779289639923e-23,"up","up","consistent_with_review",3.87733950576305e-23
"T3_19","Lactate","exact_metabolite",TRUE,"BLOOD_METAB_DA","blood","metab","metab-u-ionpneg","metabolite","circulating_abundance","Lactic acid",NA,"exercise_with_controls","EE-CON","post_15_30_45_min",0.522563164804598,0.367050065670847,0.67807626393835,8.42959945505344e-11,1.71401855586087e-09,"up","up","consistent_with_review",1.61567322888524e-09
"T3_19","Lactate","exact_metabolite",TRUE,"BLOOD_METAB_DA","blood","metab","metab-u-ionpneg","metabolite","circulating_abundance","Lactic acid",NA,"exercise_with_controls","EE-CON","post_3.5_4_hr",-0.0287335710054784,-0.236737629153107,0.17927048714215,0.786302779252527,0.973317529252146,"down","up","no_detected_change",0.922574893660509
"T3_19","Lactate","exact_metabolite",TRUE,"BLOOD_METAB_DA","blood","metab","metab-u-ionpneg","metabolite","circulating_abundance","Lactic acid",NA,"exercise_with_controls","EE-CON","post_24_hr",-0.101016003632136,-0.29329833247034,0.0912663252060686,0.30267904232212,0.955052191233761,"down","up","no_detected_change",0.791092951523723
"T3_19","Lactate","exact_metabolite",TRUE,"BLOOD_METAB_DA","blood","metab","metab-u-ionpneg","metabolite","circulating_abundance","Lactic acid",NA,"exercise_with_controls","RE-CON","post_10_min",1.52654008954066,1.36984977049587,1.68323040858545,1.39176092810459e-65,2.82991388714601e-64,"up","up","consistent_with_review",1.60052506732028e-63
"T3_19","Lactate","exact_metabolite",TRUE,"BLOOD_METAB_DA","blood","metab","metab-u-ionpneg","metabolite","circulating_abundance","Lactic acid",NA,"exercise_with_controls","RE-CON","post_15_30_45_min",1.19534354839712,1.04235904383222,1.34832805296203,8.16317076889946e-46,2.48976708451434e-44,"up","up","consistent_with_review",3.12921546141146e-44
"T3_19","Lactate","exact_metabolite",TRUE,"BLOOD_METAB_DA","blood","metab","metab-u-ionpneg","metabolite","circulating_abundance","Lactic acid",NA,"exercise_with_controls","RE-CON","post_3.5_4_hr",0.0544807269129812,-0.148039079246481,0.257000533072444,0.597549748528878,0.810988631145655,"up","up","no_detected_change",0.838967184186153
"T3_19","Lactate","exact_metabolite",TRUE,"BLOOD_METAB_DA","blood","metab","metab-u-ionpneg","metabolite","circulating_abundance","Lactic acid",NA,"exercise_with_controls","RE-CON","post_24_hr",-0.057314287569433,-0.246618094889627,0.131989519750761,0.552413273646547,0.930586595539483,"down","up","no_detected_change",0.838967184186153
"T3_19","Lactate","exact_metabolite",TRUE,"BLOOD_METAB_T_CLINICAL_DA","blood","metab","metab-t-clinical","metabolite","circulating_abundance","Lactate",NA,"exercise_with_controls","EE-CON","during_20_min",1.88811573771387,1.64821757004202,2.12801390538572,1.81120566742003e-46,1.63008510067802e-45,"up","up","consistent_with_review",8.33154607013214e-45
"T3_19","Lactate","exact_metabolite",TRUE,"BLOOD_METAB_T_CLINICAL_DA","blood","metab","metab-t-clinical","metabolite","circulating_abundance","Lactate",NA,"exercise_with_controls","EE-CON","during_40_min",1.90678140849561,1.66592470867239,2.14763810831883,6.33074155139365e-47,5.69766739625429e-46,"up","up","consistent_with_review",3.64017639205135e-45
"T3_19","Lactate","exact_metabolite",TRUE,"BLOOD_METAB_T_CLINICAL_DA","blood","metab","metab-t-clinical","metabolite","circulating_abundance","Lactate",NA,"exercise_with_controls","EE-CON","post_10_min",1.49160607466596,1.2494893191611,1.73372283017081,1.1119075381198e-30,1.00071678430782e-29,"up","up","consistent_with_review",2.84154148630616e-29
"T3_19","Lactate","exact_metabolite",TRUE,"BLOOD_METAB_T_CLINICAL_DA","blood","metab","metab-t-clinical","metabolite","circulating_abundance","Lactate",NA,"exercise_with_controls","EE-CON","post_15_30_45_min",0.854954032613255,0.616713126205812,1.0931949390207,4.48363260578785e-12,4.03526934520906e-11,"up","up","consistent_with_review",9.37486817573823e-11
"T3_19","Lactate","exact_metabolite",TRUE,"BLOOD_METAB_T_CLINICAL_DA","blood","metab","metab-t-clinical","metabolite","circulating_abundance","Lactate",NA,"exercise_with_controls","EE-CON","post_3.5_4_hr",0.10149066317786,-0.213587139718804,0.416568466074524,0.527321903355197,0.677985304313825,"up","up","no_detected_change",0.831749830242007
"T3_19","Lactate","exact_metabolite",TRUE,"BLOOD_METAB_T_CLINICAL_DA","blood","metab","metab-t-clinical","metabolite","circulating_abundance","Lactate",NA,"exercise_with_controls","EE-CON","post_24_hr",-0.145913214600859,-0.44198100333395,0.150154574132233,0.333573212954258,0.814832615542432,"down","up","no_detected_change",0.807598305047151
"T3_19","Lactate","exact_metabolite",TRUE,"BLOOD_METAB_T_CLINICAL_DA","blood","metab","metab-t-clinical","metabolite","circulating_abundance","Lactate",NA,"exercise_with_controls","RE-CON","post_10_min",2.68649064475782,2.44757483329732,2.92540645621833,4.0216069844734e-82,3.61944628602606e-81,"up","up","consistent_with_review",9.24969606428882e-80
"T3_19","Lactate","exact_metabolite",TRUE,"BLOOD_METAB_T_CLINICAL_DA","blood","metab","metab-t-clinical","metabolite","circulating_abundance","Lactate",NA,"exercise_with_controls","RE-CON","post_15_30_45_min",1.99706150613539,1.76334354174012,2.23077947053065,3.27745018875666e-53,2.94970516988099e-52,"up","up","consistent_with_review",2.51271181138011e-51
"T3_19","Lactate","exact_metabolite",TRUE,"BLOOD_METAB_T_CLINICAL_DA","blood","metab","metab-t-clinical","metabolite","circulating_abundance","Lactate",NA,"exercise_with_controls","RE-CON","post_3.5_4_hr",0.089356062449894,-0.216723804896486,0.395435929796274,0.566717140444678,0.728636323428872,"up","up","no_detected_change",0.838967184186153
"T3_19","Lactate","exact_metabolite",TRUE,"BLOOD_METAB_T_CLINICAL_DA","blood","metab","metab-t-clinical","metabolite","circulating_abundance","Lactate",NA,"exercise_with_controls","RE-CON","post_24_hr",-0.0956859414984146,-0.3862526169296,0.194880733932771,0.518141405138695,0.582909080781032,"down","up","no_detected_change",0.831749830242007
