metabolite,refmet_id,super_class,main_class,chebi_id,chebi_all,pubchem_cid,inchi_key,kegg_id,platform_adipose,platform_blood,platform_muscle
1-Methyl nicotinamide,RM0030166,Alkaloids,Pyridine alkaloids,CHEBI:16797,CHEBI:16797,457,LDHMAVIPBRSVRG-UHFFFAOYSA-O,C02918,metab-u-hilicpos,metab-u-hilicpos,metab-u-hilicpos
1-Methyladenosine,RM0156409,Nucleic acids,Purines,CHEBI:16020,CHEBI:16020,27476,GFYLSDSUCHVORB-IOSLPCCCSA-N,C02494,metab-u-hilicpos,metab-u-hilicpos,metab-u-hilicpos
2-Acetylpyrrolidine,RM0029837,Alkaloids,Ornithine alkaloids,CHEBI:166577,CHEBI:166577,550747,FYCFJMPASVKULQ-UHFFFAOYSA-N,,metab-u-rppos,metab-u-rppos,metab-u-rppos
2-Hydroxy-3-methylbutyric acid,RM0153673,Fatty Acyls,Fatty acids,CHEBI:60631,CHEBI:60631,853180,NGEWQZIDQIYUNV-BYPYZUCNSA-N,,metab-u-rppos,metab-u-rppos,metab-u-rppos
2-Hydroxybutyric acid,RM0153654,Fatty Acyls,Fatty acids,CHEBI:1148,CHEBI:1148,11266,AFENDNXGAFYKQO-UHFFFAOYSA-N,C05984,metab-u-rpneg,metab-u-rpneg,metab-u-rpneg
2-Hydroxyglutaric acid,RM0153554,Fatty Acyls,Fatty acids,CHEBI:17084,CHEBI:17084,43,HWXBTNAVRSUOJR-UHFFFAOYSA-N,,metab-t-tca,metab-t-tca,metab-t-tca
2-Oxoglutaric acid,RM0135911,Organic acids,TCA acids,CHEBI:30915,CHEBI:30915,51,KPGXRSRHYNQIFN-UHFFFAOYSA-N,,metab-u-ionpneg,metab-u-ionpneg,metab-u-ionpneg
2-Piperidinone,RM0016041,Organoheterocyclic compounds,Piperidines,CHEBI:77761,CHEBI:77761,12665,XUWHAWMETYGRKB-UHFFFAOYSA-N,,metab-u-rppos,metab-u-rppos,metab-u-rppos
3-Hydroxybenzoic acid,RM0136191,Benzenoids,Benzoic acids,CHEBI:30764,CHEBI:30764,7420,IJFXRHURBJZNAO-UHFFFAOYSA-N,C00587,metab-u-rpneg,metab-u-rpneg,metab-u-rpneg
3-Hydroxybutyric acid,RM0153056,Fatty Acyls,Fatty acids,CHEBI:20067,CHEBI:20067,441,WHBMMWSBFZVSSR-UHFFFAOYSA-N,C01089,metab-u-rpneg,metab-u-rpneg,metab-u-rpneg
3-Hydroxyphenyl valeric acid,RM0152303,Fatty Acyls,Fatty acids,CHEBI:137517,CHEBI:137517,10559720,CMLIEOOXQFWANJ-UHFFFAOYSA-N,,metab-u-rppos,metab-u-rppos,metab-u-rppos
3-Indolepropionic acid,RM0136180,Alkaloids,Tryptophan alkaloids,CHEBI:43580,CHEBI:43580,3744,GOLXRNDWAUTYKT-UHFFFAOYSA-N,,metab-u-rppos,metab-u-hilicpos,metab-u-rppos
3-Methyl-2-oxovaleric acid,RM0118344,Organic acids,Keto acids,CHEBI:35932,CHEBI:35932,47,JVQYSWDUAOAHFM-UHFFFAOYSA-N,C06008,metab-t-ka,metab-u-rpneg,metab-u-rpneg
5'-Methylthioadenosine,RM0136067,Nucleic acids,Purines,CHEBI:17509,CHEBI:17509,439176,WUUGFSXJNOTRMR-IOSLPCCCSA-N,C00170,metab-u-hilicpos,metab-u-rppos,metab-u-rppos
5-Hydroxytryptophol,RM0006649,Alkaloids,Tryptophan alkaloids,CHEBI:89825,CHEBI:89825,9061,KQROHCSYOGBQGJ-UHFFFAOYSA-N,,metab-u-hilicpos,metab-u-hilicpos,metab-u-hilicpos
5alpha-Androstane-3alpha-ol-17-one sulfate,RM0125907,Sterol Lipids,Steroids,CHEBI:83037,CHEBI:83037,159663,ZMITXKRGXGRMKS-HLUDHZFRSA-N,C04555,metab-u-rpneg,metab-u-rpneg,metab-u-rpneg
9S-HODE,RM0140000,Fatty Acyls,Octadecanoids,CHEBI:34496,CHEBI:34496,5312830,NPDSHTNEKLQQIJ-UINYOVNOSA-N,C14767,metab-t-oxylipneg,metab-t-oxylipneg,metab-t-oxylipneg
Acisoga,RM0021446,Alkaloids,Ornithine alkaloids,CHEBI:133185,CHEBI:133185,129397,OAUYENAPBFTAQT-UHFFFAOYSA-N,,metab-u-hilicpos,metab-u-hilicpos,metab-u-hilicpos
Adenosine,RM0135870,Nucleic acids,Purines,CHEBI:16335,CHEBI:16335,60961,OIRDTQYFTABQOQ-KQYNXXCUSA-N,C00212,metab-u-hilicpos,metab-u-hilicpos,metab-u-ionpneg
ADP,RM0032913,Nucleic acids,Purines,CHEBI:16761,CHEBI:16761,6022,XTWYTFMLZFPYCI-KQYNXXCUSA-N,C00008,metab-u-ionpneg,metab-u-ionpneg,metab-u-ionpneg
Alanine,RM0135898,Organic acids,Amino acids and peptides,CHEBI:16977,CHEBI:16977;CHEBI:57972,5950,QNAYBMKLOCPYGJ-REOHCLBHSA-N,C00041,metab-u-hilicpos,metab-u-hilicpos,metab-u-ionpneg
alpha-N-Phenylacetylglutamine,RM0056200,Organic acids,Amino acids and peptides,CHEBI:17884,CHEBI:17884,92258,JFLIEFSWGNOPJJ-JTQLQIEISA-N,C04148,metab-u-hilicpos,metab-u-hilicpos,metab-u-rpneg
alpha-Tocoquinone,RM0011482,Prenol Lipids,Quinones and hydroquinones,"","",2734086,LTVDFSLWFKLJDQ-IEOSBIPESA-N,,metab-u-hilicpos,metab-u-hilicpos,metab-u-hilicpos
Aminobutyric acid,RM0073571,Fatty Acyls,Fatty acids,"","","","",,metab-u-rppos,metab-u-hilicpos,metab-u-rppos
AMP,RM0138921,Nucleic acids,Purines,CHEBI:16027,CHEBI:16027,6083,UDMBCSSLTHHNCD-KQYNXXCUSA-N,C00020,metab-u-ionpneg,metab-u-ionpneg,metab-u-ionpneg
Arachidic acid,RM0137828,Fatty Acyls,Fatty acids,CHEBI:28822,CHEBI:28822,10467,VKOBVWXKNCXXDE-UHFFFAOYSA-N,C06425,metab-u-rpneg,metab-u-rpneg,metab-u-rpneg
Arachidonic acid,RM0153612,Fatty Acyls,Fatty acids,CHEBI:15843,CHEBI:15843,444899,YZXBAPSDXZZRGB-DOFZRALJSA-N,,metab-u-lrpneg,metab-u-lrpneg,metab-u-lrpneg
Arginine,RM0135963,Organic acids,Amino acids and peptides,CHEBI:16467,CHEBI:16467,6322,ODKSFYDXXFIFQN-BYPYZUCNSA-N,C00062,metab-u-hilicpos,metab-u-lrppos,metab-u-hilicpos
Asparagine,RM0135724,Organic acids,Amino acids and peptides,CHEBI:17196,CHEBI:17196;CHEBI:58048,6267,DCXYFEDJOCDNAF-REOHCLBHSA-N,C00152,metab-t-amines,metab-u-hilicpos,metab-u-ionpneg
Aspartic acid,RM0135905,Organic acids,Amino acids and peptides,CHEBI:17053,CHEBI:17053,5960,CKLJMWTZIZZHCS-REOHCLBHSA-N,C00049,metab-u-hilicpos,metab-u-ionpneg,metab-u-ionpneg
ATP,RM0138930,Nucleic acids,Purines,CHEBI:15422,CHEBI:15422,5957,ZKHQWZAMYRWXGA-KQYNXXCUSA-N,C00002,metab-t-nuc,metab-u-ionpneg,metab-u-ionpneg
Azelaic acid,RM0153048,Fatty Acyls,Fatty acids,CHEBI:48131,CHEBI:48131,2266,BDJRBEYXGGNYIS-UHFFFAOYSA-N,C08261,metab-u-rpneg,metab-u-rpneg,metab-u-rpneg
Behenic acid,RM0153577,Fatty Acyls,Fatty acids,CHEBI:28941,CHEBI:28941,8215,UKMSUNONTOPOIO-UHFFFAOYSA-N,C08281,metab-u-lrpneg,metab-u-rpneg,metab-u-lrpneg
Benzyl butyl phthalate,RM0013156,Benzenoids,Benzoic acids,CHEBI:34595,CHEBI:34595,2347,IRIAEXORFWYRCZ-UHFFFAOYSA-N,C14211,metab-u-rppos,metab-u-rppos,metab-u-rppos
beta-Alanine,RM0021629,Organic acids,Amino acids and peptides,CHEBI:16958,CHEBI:16958;CHEBI:57966,239,UCMIRNVEIXFBKS-UHFFFAOYSA-N,C00099,metab-t-amines,metab-t-amines,metab-u-hilicpos
Betaine,RM0135869,Organic acids,Amino acids and peptides,CHEBI:17750,CHEBI:17750,247,KWIUHFFTVRNATP-UHFFFAOYSA-N,C00719,metab-u-hilicpos,metab-u-hilicpos,metab-u-hilicpos
Biliverdin,RM0136810,Organoheterocyclic compounds,Bilirubins,CHEBI:17033,CHEBI:17033,5280353,QBUVFDKTZJNUPP-BBROENKCSA-N,C00500,metab-u-hilicpos,metab-u-rppos,metab-u-rppos
bis(2-Ethylhexyl)phthalic acid,RM0108957,Benzenoids,Benzenes,CHEBI:165212,CHEBI:165212,19752116,XZYRJVLKSRQAGD-UHFFFAOYSA-N,,metab-u-rppos,metab-u-rppos,metab-u-rppos
C1-DeoxyCer 18:0;O/24:1,"","","","","","","",,metab-u-hilicpos,metab-u-hilicpos,metab-u-hilicpos
C16 Sphinganine,RM0135377,Sphingolipids,Sphingoid bases,CHEBI:71050,CHEBI:71050,656816,ZKLREJQHRKUJHD-JKSUJKDBSA-N,C13915,metab-u-rppos,metab-u-hilicpos,metab-u-rppos
C16 Sphingosine,RM0135428,Sphingolipids,Sphingoid bases,CHEBI:71052,CHEBI:71052,14767871,BTUSGZZCQZACPT-YYZTVXDQSA-N,,metab-u-hilicpos,metab-u-hilicpos,metab-u-hilicpos
Caffeine,RM0032992,Nucleic acids,Purines,CHEBI:27732,CHEBI:27732,2519,RYYVLZVUVIJVGH-UHFFFAOYSA-N,C07481,metab-u-hilicpos,metab-u-hilicpos,metab-u-rppos
Capric acid,RM0153468,Fatty Acyls,Fatty acids,CHEBI:30813,CHEBI:30813,2969,GHVNFZFCNZKVNT-UHFFFAOYSA-N,C01571,metab-u-rpneg,metab-u-rpneg,metab-u-rpneg
CAR 10:0,RM0153849,Fatty Acyls,Fatty esters,CHEBI:28717,CHEBI:28717,11953821,LZOSYCMHQXPBFU-OAHLLOKOSA-N,C03299,metab-u-rppos,metab-u-hilicpos,metab-u-rppos
CAR 12:0,RM0154012,Fatty Acyls,Fatty esters,CHEBI:77086,CHEBI:77086,168381,FUJLYHJROOYKRA-QGZVFWFLSA-N,,metab-u-rppos,metab-u-hilicpos,metab-u-rppos
CAR 14:0,RM0154013,Fatty Acyls,Fatty esters,CHEBI:84634,CHEBI:84634,53477791,PSHXNVGSVNEJBD-LJQANCHMSA-N,,metab-u-rppos,metab-u-lrppos,metab-u-rppos
CAR 14:1,RM0154190,Fatty Acyls,Fatty esters,"","","","",,metab-u-rppos,metab-u-lrppos,metab-u-rppos
CAR 16:0,RM0153848,Fatty Acyls,Fatty esters,CHEBI:17490,CHEBI:17490,11953816,XOMRRQXKHMYMOC-OAQYLSRUSA-N,C02990,metab-u-hilicpos,metab-u-hilicpos,metab-u-rppos
CAR 16:1,RM0153934,Fatty Acyls,Fatty esters,"","","","",,metab-u-rppos,metab-u-rppos,metab-u-lrppos
CAR 18:0,RM0153850,Fatty Acyls,Fatty esters,CHEBI:84644,CHEBI:84644,52922056,FNPHNLNTJNMAEE-HSZRJFAPSA-N,,metab-u-hilicpos,metab-u-lrppos,metab-u-rppos
CAR 18:1,RM0153915,Fatty Acyls,Fatty esters,"","","","",,metab-u-hilicpos,metab-u-hilicpos,metab-u-rppos
CAR 18:2,RM0154158,Fatty Acyls,Fatty esters,"","","","",,metab-u-hilicpos,metab-u-lrppos,metab-u-rppos
CAR 2:0,RM0154009,Fatty Acyls,Fatty esters,CHEBI:86045,CHEBI:86045,18230,RDHQFKQIGNGIED-QMMMGPOBSA-N,,metab-u-hilicpos,metab-u-hilicpos,metab-u-rppos
CAR 3:0,RM0154041,Fatty Acyls,Fatty esters,CHEBI:53210,CHEBI:53210,188824,UFAHZIUFPNSHSL-MRVPVSSYSA-N,C03017,metab-u-hilicpos,metab-u-hilicpos,metab-u-hilicpos
CAR 4:0,RM0153847,Fatty Acyls,Fatty esters,CHEBI:21949,CHEBI:21949,213144,QWYFHHGCZUCMBN-SECBINFHSA-N,C02862,metab-u-hilicpos,metab-u-hilicpos,metab-u-rppos
CAR 4:0;OH,RM0154193,Fatty Acyls,Fatty esters,"","","","",,metab-u-hilicpos,metab-u-hilicpos,metab-u-hilicpos
CAR 5:0,RM0154185,Fatty Acyls,Fatty esters,CHEBI:165624,CHEBI:165624,53481619,VSNFQQXVMPSASB-JTQLQIEISA-N,,metab-u-hilicpos,metab-u-hilicpos,metab-u-rppos
CAR 5:0;OH,RM0154127,Fatty Acyls,Fatty esters,"","","","",,metab-u-rppos,metab-u-rppos,metab-u-rppos
CAR 5:1,RM0156347,Fatty Acyls,Fatty esters,"","","","",,metab-u-hilicpos,metab-u-hilicpos,metab-u-rppos
CAR 6:0,RM0153846,Fatty Acyls,Fatty esters,CHEBI:84834,CHEBI:84834,3246938,VVPRQWTYSNDTEA-LLVKDONJSA-N,,metab-u-hilicpos,metab-u-hilicpos,metab-u-rppos
CAR 8:0,RM0154093,Fatty Acyls,Fatty esters,CHEBI:18102,CHEBI:18102,11953814,CXTATJFJDMJMIY-CYBMUJFWSA-N,C02838,metab-u-rppos,metab-u-lrppos,metab-u-rppos
CAR 8:1,RM0154083,Fatty Acyls,Fatty esters,"","","","",,metab-u-rppos,metab-u-rppos,metab-u-hilicpos
Carnitine,RM0008606,Organic nitrogen compounds,Carnitines,CHEBI:16347,CHEBI:16347,10917,PHIQHXFUZVPYII-ZCFIWIBFSA-N,C00487,metab-u-hilicpos,metab-u-hilicpos,metab-u-hilicpos
Cer 18:1;O2/14:0,RM0135483,Sphingolipids,Ceramides,CHEBI:34863,CHEBI:34863;CHEBI:72957,5282310,ZKRPGPZHULJLKJ-JHRQRACZSA-N,C00195,metab-u-hilicpos,metab-u-hilicpos,metab-u-hilicpos
Cer 18:1;O2/16:0,RM0135485,Sphingolipids,Ceramides,CHEBI:72959,CHEBI:72959,5283564,YDNKGFDKKRUKPY-TURZORIXSA-N,,metab-u-hilicpos,metab-u-lrppos,metab-u-hilicpos
Cer 18:1;O2/16:1,RM0053718,Sphingolipids,Ceramides,"","","","",,metab-u-hilicpos,metab-u-hilicpos,metab-u-hilicpos
Cer 18:1;O2/18:0,RM0135486,Sphingolipids,Ceramides,CHEBI:72961,CHEBI:72961,5283565,VODZWWMEJITOND-NXCSZAMKSA-N,C00195,metab-u-hilicpos,metab-u-lrppos,metab-u-lrppos
Cer 18:1;O2/18:1,RM0016373,Sphingolipids,Ceramides,"","","","",,metab-u-hilicpos,metab-u-hilicpos,metab-u-hilicpos
Cer 18:1;O2/20:0,RM0135487,Sphingolipids,Ceramides,CHEBI:72962,CHEBI:72962,5283566,XWBWIAOWSABHFI-NUKVNZTCSA-N,,metab-u-hilicpos,metab-u-hilicpos,metab-u-hilicpos
Cer 18:1;O2/20:1,RM0134178,Sphingolipids,Ceramides,"","","","",,metab-u-hilicpos,metab-u-hilicpos,metab-u-hilicpos
Cer 18:1;O2/22:0,RM0135488,Sphingolipids,Ceramides,CHEBI:72966,CHEBI:72966,5283567,KEPQASGDXIEOIL-GLQCRSEXSA-N,,metab-u-hilicpos,metab-u-lrppos,metab-u-lrppos
Cer 18:1;O2/22:1,RM0134192,Sphingolipids,Ceramides,"","","","",,metab-u-hilicpos,metab-u-lrppos,metab-u-hilicpos
Cer 18:1;O2/24:0,RM0135489,Sphingolipids,Ceramides,CHEBI:72965,CHEBI:72965,5283571,ZJVVOYPTFQEGPH-AUTSUKAISA-N,,metab-u-hilicpos,metab-u-lrppos,metab-u-lrppos
Cer 18:1;O2/24:1,RM0134169,Sphingolipids,Ceramides,"","","","",,metab-u-hilicpos,metab-u-hilicpos,metab-u-lrppos
Cer 18:1;O2/4:0,RM0011492,Sphingolipids,Ceramides,CHEBI:233679,CHEBI:233679,5702612,RNZRMNAKZBZFDZ-WSTOBVJMSA-N,,metab-u-hilicpos,metab-u-hilicpos,metab-u-hilicpos
Cer 42:1;O2,RM0138775,Sphingolipids,Ceramides,"","","","",,metab-u-lrpneg,metab-u-lrppos,metab-u-lrpneg
Cholesterol,RM0135639,Sterol Lipids,Sterols,CHEBI:16113,CHEBI:16113,5997,HVYWMOMLDIMFJA-DPAQBDIFSA-N,,metab-u-rppos,metab-u-lrppos,metab-u-lrppos
Cholesterol sulfate,RM0135845,Sterol Lipids,Sterols,CHEBI:41321,CHEBI:41321,65076,BHYOQNUELFTYRT-DPAQBDIFSA-N,,metab-u-lrpneg,metab-u-lrpneg,metab-u-lrpneg
Choline,RM0028739,Organic nitrogen compounds,Cholines,CHEBI:15354,CHEBI:15354,305,OEYIOHPDSNJKLS-UHFFFAOYSA-N,C00114,metab-u-hilicpos,metab-u-hilicpos,metab-u-hilicpos
cis-Aconitic acid,RM0021619,Organic acids,TCA acids,CHEBI:32805,CHEBI:32805,643757,GTZCVFVGUGFEME-IWQZZHSRSA-N,C00417,metab-t-tca,metab-t-tca,metab-t-tca
Citramalic acid,RM0042389,Organic acids,Hydroxy acids,CHEBI:29003,CHEBI:29003,441696,XFTRTWQBIOMVPK-YFKPBYRVSA-N,C00815,metab-u-rpneg,metab-u-rpneg,metab-u-rpneg
Citric acid,RM0135884,Organic acids,TCA acids,CHEBI:30769,CHEBI:30769,311,KRKNYBCHXYNGOX-UHFFFAOYSA-N,,metab-t-tca,metab-t-tca,metab-t-tca
Citric acid/Isocitric acid,"","","","","","","",,metab-u-ionpneg,metab-u-ionpneg,metab-u-ionpneg
Citrulline,RM0136022,Organic acids,Amino acids and peptides,CHEBI:16349,CHEBI:16349;CHEBI:57743,9750,RHGKLRLOHDJJDR-BYPYZUCNSA-N,C00327,metab-u-hilicpos,metab-u-hilicpos,metab-u-ionpneg
CMP,RM0138923,Nucleic acids,Pyrimidines,CHEBI:17361,CHEBI:17361,6131,IERHLVCPSMICTF-XVFCMESISA-N,C00055,metab-u-ionpneg,metab-u-ionpneg,metab-u-ionpneg
Creatine,RM0135876,Organic acids,Amino acids and peptides,CHEBI:16919,CHEBI:16919;CHEBI:57947,586,CVSVTCORWBXHQV-UHFFFAOYSA-N,C00300,metab-u-hilicpos,metab-u-hilicpos,metab-u-ionpneg
Creatinine,RM0028430,Organoheterocyclic compounds,Azoles,CHEBI:16737,CHEBI:16737,137319715,DDRJAANPRJIHGJ-UHFFFAOYSA-N,C00791,metab-u-hilicpos,metab-u-hilicpos,metab-u-ionpneg
Cytidine,RM0138922,Nucleic acids,Pyrimidines,CHEBI:17562,CHEBI:17562,6175,UHDGCWIWMRVCDJ-XVFCMESISA-N,C00475,metab-u-hilicpos,metab-u-rppos,metab-u-rppos
Dehydroepiandrosterone sulfate,RM0028118,Sterol Lipids,Steroids,CHEBI:16814,CHEBI:16814,12594,CZWCKYRVOZZJNM-USOAJAOKSA-N,C04555,metab-u-rpneg,metab-u-rpneg,metab-u-rpneg
Deoxyguanosine,RM0042978,Nucleic acids,Purines,CHEBI:17172,CHEBI:17172,135398592,YKBGVTZYEHREMT-KVQBGUIXSA-N,C00330,metab-u-rppos,metab-u-rppos,metab-u-rppos
Deoxyuridine,RM0138920,Nucleic acids,Pyrimidines,CHEBI:16450,CHEBI:16450,13712,MXHRCPNRJAMMIM-SHYZEUOFSA-N,C00526,metab-u-ionpneg,metab-u-ionpneg,metab-u-ionpneg
DG 16:0_18:1,RM0034278,Glycerolipids,Diradylglycerols,"","","","",,metab-u-lrppos,metab-u-lrppos,metab-u-lrppos
DG 18:1_18:1,RM0033995,Glycerolipids,Diradylglycerols,"","","","",,metab-u-rppos,metab-u-lrppos,metab-u-lrppos
DG 18:2_18:2,RM0134347,Glycerolipids,Diradylglycerols,"","","","",,metab-u-lrppos,metab-u-lrppos,metab-u-lrppos
DG 32:0,RM0033958,Glycerolipids,Diradylglycerols,"","","","",,metab-u-rppos,metab-u-rppos,metab-u-rppos
DG 32:1,RM0134364,Glycerolipids,Diradylglycerols,"","","","",,metab-u-rppos,metab-u-rppos,metab-u-rppos
DG 34:1,RM0138788,Glycerolipids,Diradylglycerols,"","","","",,metab-u-rppos,metab-u-hilicpos,metab-u-rppos
DG 34:2,RM0034129,Glycerolipids,Diradylglycerols,"","","","",,metab-u-lrppos,metab-u-rppos,metab-u-rppos
DG 36:3,RM0035091,Glycerolipids,Diradylglycerols,"","","","",,metab-u-lrppos,metab-u-hilicpos,metab-u-rppos
DHA,RM0153631,Fatty Acyls,Fatty acids,CHEBI:28125,CHEBI:28125,445580,MBMBGCFOFBJSGT-KUBAVDMBSA-N,C06429,metab-u-lrpneg,metab-u-lrpneg,metab-u-rpneg
Diethyl phthalate,RM0137040,Benzenoids,Benzoic acids,CHEBI:34698,CHEBI:34698,6781,FLKPEMZONWLCSK-UHFFFAOYSA-N,C14175,metab-u-rppos,metab-u-rppos,metab-u-rppos
Dimethylarginine,RM0131870,Organic acids,Amino acids and peptides,CHEBI:17929,CHEBI:17929,123831,YDGMGEXADBMOMJ-LURJTMIESA-N,C03626,metab-u-hilicpos,metab-u-hilicpos,metab-u-hilicpos
Dimethylglycine,RM0135883,Organic acids,Amino acids and peptides,CHEBI:17724,CHEBI:17724;CHEBI:58251,673,FFDGPVCHZBVARC-UHFFFAOYSA-N,C01026,metab-u-rppos,metab-u-hilicpos,metab-u-hilicpos
Docosapentaenoic acid,RM0149942,Fatty Acyls,Fatty acids,"","","","",C16513,metab-u-lrpneg,metab-u-lrpneg,metab-u-lrpneg
Docosatetraenoic acid,RM0139662,Fatty Acyls,Fatty acids,"","","","",,metab-u-lrpneg,metab-u-lrpneg,metab-u-rpneg
Docosatrienoic acid,RM0153176,Fatty Acyls,Fatty acids,"","","","",,metab-u-lrpneg,metab-u-lrpneg,metab-u-rpneg
Docosenoic acid,RM0139671,Fatty Acyls,Fatty acids,"","","","",,metab-u-rpneg,metab-u-rpneg,metab-u-lrpneg
Dodecadienoic acid,RM0151474,Fatty Acyls,Fatty acids,"","","","",,metab-u-rpneg,metab-u-lrpneg,metab-u-rpneg
Edetic acid,RM0030846,Organic acids,Carboxylic acids,CHEBI:4735,CHEBI:4735,6049,KCXVZYZYPLLWCC-UHFFFAOYSA-N,C00284,metab-u-rppos,metab-u-rppos,metab-u-rppos
Eicosadienoic acid,RM0149923,Fatty Acyls,Fatty acids,"","","","",C16525,metab-u-lrpneg,metab-u-lrpneg,metab-u-rpneg
Eicosapentaenoic acid,RM0151646,Fatty Acyls,Fatty acids,"","","","",,metab-u-lrpneg,metab-u-lrpneg,metab-u-lrpneg
Eicosatetraenoic acid,RM0152034,Fatty Acyls,Fatty acids,"","","","",,metab-u-rpneg,metab-u-rpneg,metab-u-rpneg
Eicosatrienoic acid,RM0152308,Fatty Acyls,Fatty acids,"","","","",C16522,metab-u-lrpneg,metab-u-lrpneg,metab-u-rpneg
Eicosenoic acid,RM0150389,Fatty Acyls,Fatty acids,"","","","",C16526,metab-u-lrpneg,metab-u-lrpneg,metab-u-lrpneg
EPA,RM0153919,Fatty Acyls,Fatty acids,CHEBI:28364,CHEBI:28364,446284,JAZBEHYOTPTENJ-JLNKQSITSA-N,C06428,metab-u-rpneg,metab-u-rpneg,metab-u-rpneg
FAD,RM0138943,Nucleic acids,Flavins,CHEBI:16238,CHEBI:16238,643975,VWWQXMAJTJZDQX-UYBVJOGSSA-N,C00016,metab-u-ionpneg,metab-u-ionpneg,metab-u-ionpneg
Fructose 6-phosphate,RM0030190,Carbohydrates,Monosaccharides,CHEBI:16084,CHEBI:16084,440641,BGWGXPAPYGQALX-ARQDHWQXSA-N,C00085,metab-u-ionpneg,metab-u-ionpneg,metab-u-ionpneg
Fumaric acid,RM0135891,Organic acids,TCA acids,CHEBI:18012,CHEBI:18012,444972,VZCYOOQTPOCHFL-OWOJBTEDSA-N,C00122,metab-t-tca,metab-u-ionpneg,metab-t-tca
gamma-Aminobutyric acid,RM0153263,Fatty Acyls,Fatty acids,CHEBI:16865,CHEBI:16865;CHEBI:59888,119,BTCSSZJGUNDROE-UHFFFAOYSA-N,C00334,metab-u-hilicpos,metab-u-hilicpos,metab-u-hilicpos
Gluconic acid,RM0155944,Carbohydrates,Monosaccharides,CHEBI:33198,CHEBI:33198,10690,RGHNJXZEOKUKBD-SQOUGZDYSA-N,C00257,metab-u-ionpneg,metab-u-ionpneg,metab-u-ionpneg
Glucose,RM0135901,Carbohydrates,Monosaccharides,CHEBI:4167,CHEBI:4167,5793,WQZGKKKJIJFFOK-GASJEMHNSA-N,C00031,metab-u-ionpneg,metab-t-conv,metab-u-ionpneg
Glutamic acid,RM0135893,Organic acids,Amino acids and peptides,CHEBI:16015,CHEBI:16015;CHEBI:53374,33032,WHUUTDBJXJRKMK-VKHMYHEASA-N,C00025,metab-u-hilicpos,metab-u-hilicpos,metab-u-ionpneg
Glutamine,RM0012560,Organic acids,Amino acids and peptides,CHEBI:18050,CHEBI:18050;CHEBI:58359,5961,ZDXPYRJPNDTMRX-VKHMYHEASA-N,C00064,metab-u-hilicpos,metab-u-hilicpos,metab-u-rpneg
Glutaric acid,RM0155778,Fatty Acyls,Fatty acids,CHEBI:17859,CHEBI:17859,743,JFCQEDHGNNZCLN-UHFFFAOYSA-N,C00489,metab-u-rpneg,metab-u-rpneg,metab-u-rpneg
Glutathione,RM0135889,Organic acids,Amino acids and peptides,CHEBI:16856,CHEBI:16856;CHEBI:60836,124886,RWSXRVCMGQZWBV-WDSKDSINSA-N,C00051,metab-u-hilicpos,metab-u-ionpneg,metab-u-ionpneg
Glycine,RM0135888,Organic acids,Amino acids and peptides,CHEBI:15428,CHEBI:15428;CHEBI:57305,750,DHMQDGOQFOQNFH-UHFFFAOYSA-N,C00037,metab-u-hilicpos,metab-u-hilicpos,metab-u-hilicpos
Glycochenodeoxycholic acid,RM0135850,Sterol Lipids,Bile acids,CHEBI:36274,CHEBI:36274,12544,GHCZAUBVMUEKKP-GYPHWSFCSA-N,C05466,metab-u-rpneg,metab-u-rpneg,metab-u-rpneg
Glycocholic acid,RM0135849,Sterol Lipids,Bile acids,CHEBI:17687,CHEBI:17687,10140,RFDAIACWWDREDC-FRVQLJSFSA-N,C01921,metab-u-rpneg,metab-u-hilicpos,metab-u-rpneg
Glycodeoxycholic acid,RM0125880,Sterol Lipids,Bile acids,CHEBI:27471,CHEBI:27471,3035026,WVULKSPCQVQLCU-BUXLTGKBSA-N,C05464,metab-u-rpneg,metab-u-rpneg,metab-u-rpneg
GMP,RM0033601,Nucleic acids,Purines,CHEBI:17345,CHEBI:17345,135398631,RQFCJASXJCIDSX-UUOKFMHZSA-N,C00144,metab-u-rppos,metab-u-ionpneg,metab-u-ionpneg
GTP,RM0136084,Nucleic acids,Purines,CHEBI:15996,CHEBI:15996,135398633,XKMLYUALXHKNFT-UUOKFMHZSA-N,C00044,metab-t-nuc,metab-u-ionpneg,metab-u-ionpneg
Guanine,RM0018303,Nucleic acids,Purines,CHEBI:16235,CHEBI:16235,135398634,UYTPUPDQBNUYGX-UHFFFAOYSA-N,C00242,metab-t-nuc,metab-u-rppos,metab-u-rppos
Heptadecanedioic acid,RM0139430,Fatty Acyls,Fatty acids,CHEBI:165386,CHEBI:165386,3083765,QCNWZROVPSVEJA-UHFFFAOYSA-N,,metab-u-rpneg,metab-u-rpneg,metab-u-rpneg
Hexadecenoic acid,RM0140626,Fatty Acyls,Fatty acids,"","","","",,metab-u-lrpneg,metab-u-lrpneg,metab-u-lrpneg
Hippuric acid,RM0135980,Benzenoids,Benzamides,CHEBI:18089,CHEBI:18089,464,QIAFMBKCNZACKA-UHFFFAOYSA-N,C01586,metab-u-rppos,metab-u-hilicpos,metab-u-rppos
Histidine,RM0129894,Organic acids,Amino acids and peptides,CHEBI:15971,CHEBI:15971;CHEBI:57595,6274,HNDVDQJCIGZPNO-YFKPBYRVSA-N,C00135,metab-u-hilicpos,metab-u-hilicpos,metab-u-ionpneg
Hydroxydecanoic acid,RM0140350,Fatty Acyls,Fatty acids,"","","","",,metab-u-rpneg,metab-u-rpneg,metab-u-rpneg
Hydroxydodecanoic acid,RM0140376,Fatty Acyls,Fatty acids,"","","","",,metab-u-rpneg,metab-u-rpneg,metab-u-rpneg
Hydroxyhexadecanoic acid,RM0073971,Fatty Acyls,Fatty acids,"","","","",,metab-u-rpneg,metab-u-lrpneg,metab-u-rpneg
Hydroxyoctanoic acid,RM0140352,Fatty Acyls,Fatty acids,"","","","",,metab-u-rpneg,metab-u-rpneg,metab-u-rpneg
Hydroxyphenyllactic acid,RM0052813,Organic acids,Phenylpropanoids,CHEBI:16003,CHEBI:16003,440177,JVGVDSSUAVXRDY-MRVPVSSYSA-N,,metab-u-rpneg,metab-u-rpneg,metab-u-rpneg
Hydroxyproline,RM0028010,Organic acids,Amino acids and peptides,"","","","",C01157,metab-u-hilicpos,metab-u-hilicpos,metab-u-hilicpos
Hydroxytetradecanoic acid,RM0140664,Fatty Acyls,Fatty acids,"","","","",,metab-u-rpneg,metab-u-rpneg,metab-u-rpneg
Hypotaurine,RM0136027,Organic acids,Sulfinic acids,CHEBI:16668,CHEBI:16668;CHEBI:57853,107812,VVIUBCNYACGLLV-UHFFFAOYSA-N,C00519,metab-u-hilicpos,metab-u-hilicpos,metab-u-hilicpos
Hypoxanthine,RM0135895,Nucleic acids,Purines,CHEBI:17368,CHEBI:17368,135398638,FDGQSTZJBFJUBT-UHFFFAOYSA-N,C00262,metab-t-nuc,metab-u-ionpneg,metab-u-ionpneg
Ile-Pro,RM0039061,Organic acids,Amino acids and peptides,CHEBI:74076,CHEBI:74076,444876,BBIXOODYWPFNDT-CIUDSAMLSA-N,,metab-u-rppos,metab-u-rppos,metab-u-rppos
Imidazolepropionic acid,RM0136178,Alkaloids,Histidine alkaloids,CHEBI:73087,CHEBI:73087,70630,ZCKYOWGFRHAZIQ-UHFFFAOYSA-N,,metab-u-hilicpos,metab-u-hilicpos,metab-u-hilicpos
IMP,RM0000534,Nucleic acids,Purines,CHEBI:17202,CHEBI:17202,135398640,GRSZFWQUAKGDAV-KQYNXXCUSA-N,C00130,metab-t-nuc,metab-u-ionpneg,metab-u-ionpneg
Inosine,RM0135908,Nucleic acids,Purines,CHEBI:17596,CHEBI:17596,135398641,UGQMRVRMYYASKQ-KQYNXXCUSA-N,C00294,metab-u-hilicpos,metab-u-hilicpos,metab-u-ionpneg
Isoleucine,RM0134975,Organic acids,Amino acids and peptides,CHEBI:17191,CHEBI:17191;CHEBI:58045,6306,AGPKZVBTJJNPAG-WHFBIAKZSA-N,C00407,metab-u-hilicpos,metab-u-hilicpos,metab-u-hilicpos
Ketoleucine,RM0135977,Organic acids,Keto acids,CHEBI:48430,CHEBI:48430,70,BKAJNAXTPSGJCU-UHFFFAOYSA-N,C00233,metab-t-ka,metab-u-rpneg,metab-u-rpneg
Lactic acid,RM0135904,Organic acids,Short-chain acids,CHEBI:422,CHEBI:422,107689,JVTAAEKCZFNVCJ-REOHCLBHSA-N,C00186,metab-u-ionpneg,metab-u-ionpneg,metab-u-ionpneg
Lauric acid,RM0149943,Fatty Acyls,Fatty acids,CHEBI:30805,CHEBI:30805,3893,POULHZVOKOAJMA-UHFFFAOYSA-N,C02679,metab-u-rpneg,metab-u-rpneg,metab-u-rpneg
Lenticin,RM0108718,Alkaloids,Tryptophan alkaloids,CHEBI:5832,CHEBI:5832,442106,AOHCBEAZXHZMOR-ZDUSSCGKSA-N,C09213,metab-u-hilicpos,metab-u-hilicpos,metab-u-rppos
Leu-Pro,RM0052764,Organic acids,Amino acids and peptides,CHEBI:73580,CHEBI:73580;CHEBI:155847,80817,VTJUNIYRYIAIHF-IUCAKERBSA-N,,metab-u-rppos,metab-u-rppos,metab-u-rppos
Leucine,RM0136379,Organic acids,Amino acids and peptides,CHEBI:15603,CHEBI:15603;CHEBI:57427,6106,ROHFNLRQFUQHCH-YFKPBYRVSA-N,C00123,metab-u-hilicpos,metab-u-hilicpos,metab-u-hilicpos
Leucine/Isoleucine,"","","","","","","",,metab-u-ionpneg,metab-u-rpneg,metab-u-rpneg
Lignoceric acid,RM0153579,Fatty Acyls,Fatty acids,CHEBI:28866,CHEBI:28866,11197,QZZGJDVWLFXDLK-UHFFFAOYSA-N,C08320,metab-u-rpneg,metab-u-rpneg,metab-u-lrpneg
Linoleic acid,RM0149976,Fatty Acyls,Fatty acids,CHEBI:17351,CHEBI:17351,5280450,OYHQOLUKZRVURQ-HZJYTTRNSA-N,,metab-u-lrpneg,metab-u-lrpneg,metab-u-lrpneg
Linoleoyl-EA,RM0140131,Fatty Acyls,Fatty amides,CHEBI:64032,CHEBI:64032,5283446,KQXDGUVSAAQARU-HZJYTTRNSA-N,,metab-u-hilicpos,metab-u-hilicpos,metab-u-hilicpos
LPC 14:0,RM0135070,Glycerophospholipids,Glycerophosphocholines,"","","","",C04230,metab-u-rppos,metab-u-rppos,metab-u-rppos
LPC 15:0,RM0017309,Glycerophospholipids,Glycerophosphocholines,"","","","",,metab-u-rppos,metab-u-rppos,metab-u-hilicpos
LPC 16:0,RM0134475,Glycerophospholipids,Glycerophosphocholines,"","","","",,metab-u-hilicpos,metab-u-lrpneg,metab-u-rppos
LPC 16:1,RM0048603,Glycerophospholipids,Glycerophosphocholines,"","","","",,metab-u-rppos,metab-u-hilicpos,metab-u-rppos
LPC 17:0,RM0134474,Glycerophospholipids,Glycerophosphocholines,"","","","",,metab-u-hilicpos,metab-u-lrppos,metab-u-rppos
LPC 18:0,RM0106163,Glycerophospholipids,Glycerophosphocholines,"","","","",,metab-u-hilicpos,metab-u-hilicpos,metab-u-lrppos
LPC 18:1,RM0042845,Glycerophospholipids,Glycerophosphocholines,"","","","",,metab-u-hilicpos,metab-u-hilicpos,metab-u-rppos
LPC 18:2,RM0048598,Glycerophospholipids,Glycerophosphocholines,"","","","",,metab-u-hilicpos,metab-u-lrpneg,metab-u-rppos
LPC 20:3,RM0134469,Glycerophospholipids,Glycerophosphocholines,"","","","",,metab-u-hilicpos,metab-u-lrppos,metab-u-rppos
LPC 20:4,RM0048636,Glycerophospholipids,Glycerophosphocholines,"","","","",,metab-u-hilicpos,metab-u-hilicpos,metab-u-rppos
LPC O-16:0,RM0133233,Glycerophospholipids,Glycerophosphocholines,CHEBI:64496,CHEBI:64496,162126,VLBPIWYTPAXCFJ-XMMPIXPASA-N,C04317,metab-u-hilicpos,metab-u-hilicpos,metab-u-hilicpos
LPC P-16:0 or LPC O-16:1,RM0134476,Glycerophospholipids,Glycerophosphocholines,"","","","",,metab-u-hilicpos,metab-u-hilicpos,metab-u-hilicpos
LPC P-18:0 or LPC O-18:1,RM0021093,Glycerophospholipids,Glycerophosphocholines,"","","","",,metab-u-hilicpos,metab-u-hilicpos,metab-u-hilicpos
LPE 18:0,RM0017276,Glycerophospholipids,Glycerophosphoethanolamines,"","","","",,metab-u-rppos,metab-u-hilicpos,metab-u-lrppos
LPE 18:2,RM0048672,Glycerophospholipids,Glycerophosphoethanolamines,"","","","",,metab-u-hilicpos,metab-u-hilicpos,metab-u-rppos
LPE 20:4,RM0097815,Glycerophospholipids,Glycerophosphoethanolamines,"","","","",,metab-u-hilicpos,metab-u-lrpneg,metab-u-hilicpos
LPE 22:6,RM0134455,Glycerophospholipids,Glycerophosphoethanolamines,"","","","",,metab-u-hilicpos,metab-u-lrpneg,metab-u-hilicpos
LPE P-18:0 or LPE O-18:1,RM0104246,Glycerophospholipids,Glycerophosphoethanolamines,"","","","",,metab-u-hilicpos,metab-u-hilicpos,metab-u-hilicpos
Lysine,RM0135903,Organic acids,Amino acids and peptides,CHEBI:18019,CHEBI:18019;CHEBI:133538,5962,KDXKERNSBIXSRK-YFKPBYRVSA-N,C00047,metab-u-hilicpos,metab-u-hilicpos,metab-u-rppos
Maleic acid,RM0153373,Fatty Acyls,Fatty acids,CHEBI:18300,CHEBI:18300,444266,VZCYOOQTPOCHFL-UPHRSURJSA-N,C01384,metab-u-rpneg,metab-u-rpneg,metab-u-rpneg
Malic acid,RM0135894,Organic acids,TCA acids,CHEBI:30797,CHEBI:30797,222656,BJEPYKJPYRNKOW-REOHCLBHSA-N,C00149,metab-u-ionpneg,metab-u-ionpneg,metab-u-ionpneg
Margaric acid,RM0149933,Fatty Acyls,Fatty acids,CHEBI:32365,CHEBI:32365,10465,KEMQGTRYUADPNZ-UHFFFAOYSA-N,,metab-u-rpneg,metab-u-rpneg,metab-u-rpneg
Methionine,RM0161726,Organic acids,Amino acids and peptides,CHEBI:16643,CHEBI:16643;CHEBI:57844,6137,FFEARJCKVFRZRR-BYPYZUCNSA-N,C00073,metab-u-hilicpos,metab-u-hilicpos,metab-u-hilicpos
MG 14:0,RM0134399,Glycerolipids,Monoradylglycerols,"","","","",,metab-u-rppos,metab-u-rppos,metab-u-rppos
MG 16:0,RM0134400,Glycerolipids,Monoradylglycerols,"","","","",,metab-u-rppos,metab-u-rppos,metab-u-rppos
MG 18:1,RM0008643,Glycerolipids,Monoradylglycerols,"","","","",,metab-u-rppos,metab-u-rppos,metab-u-rppos
Monoethylglycinexylidide,RM0137128,Organic acids,Amino acids and peptides,CHEBI:222828,CHEBI:222828,24415,WRMRXPASUROZGT-UHFFFAOYSA-N,C16561,metab-u-hilicpos,metab-u-hilicpos,metab-u-hilicpos
Monoethylhexyl phthalic acid,RM0022048,Benzenoids,Benzoic acids,CHEBI:17243,CHEBI:17243,20393,DJDSLBVSSOQSLW-UHFFFAOYSA-N,C03343,metab-u-rppos,metab-u-rppos,metab-u-rppos
Myristic acid,RM0153483,Fatty Acyls,Fatty acids,CHEBI:28875,CHEBI:28875,11005,TUNFSRHWOTWDNC-UHFFFAOYSA-N,C06424,metab-u-rpneg,metab-u-rpneg,metab-u-rpneg
Myristoleic acid,RM0153354,Fatty Acyls,Fatty acids,CHEBI:27781,CHEBI:27781,5281119,YWWVWXASSLXJHU-WAYWQWQTSA-N,C08322,metab-u-rpneg,metab-u-hilicpos,metab-u-rpneg
N-6-Trimethyllysine,RM0009124,Organic acids,Amino acids and peptides,CHEBI:165870,CHEBI:165870,440120,MXNRLFUSFKVQSK-QMMMGPOBSA-N,C03793,metab-u-hilicpos,metab-u-hilicpos,metab-u-hilicpos
N-Acetylaspartic acid,RM0136005,Organic acids,Amino acids and peptides,CHEBI:21547,CHEBI:21547,65065,OTCCIMWXFLJLIA-BYPYZUCNSA-N,C01042,metab-u-rppos,metab-u-rppos,metab-u-rppos
N-Acetylglutamic acid,RM0136738,Organic acids,Amino acids and peptides,CHEBI:17533,CHEBI:17533,70914,RFMMMVDNIPUKGG-YFKPBYRVSA-N,C00624,metab-u-hilicpos,metab-u-hilicpos,metab-u-hilicpos
N-Acetylglycine,RM0135964,Organic acids,Amino acids and peptides,CHEBI:40410,CHEBI:40410,10972,OKJIRPAQVSHGFK-UHFFFAOYSA-N,,metab-u-rppos,metab-u-rppos,metab-u-rppos
N-Acetylisoputreanine,RM0016311,Alkaloids,Ornithine alkaloids,CHEBI:176478,CHEBI:176478,131802901,YGIAGXACEXFIDU-UHFFFAOYSA-N,,metab-u-hilicpos,metab-u-hilicpos,metab-u-hilicpos
N-Acetylleucine,RM0136362,Organic acids,Amino acids and peptides,CHEBI:17786,CHEBI:17786,70912,WXNXCEHXYPACJF-ZETCQYMHSA-N,C02710,metab-u-hilicpos,metab-u-rppos,metab-u-hilicpos
N-Acetylputrescine,RM0136156,Alkaloids,Ornithine alkaloids,CHEBI:17768,CHEBI:17768,122356,KLZGKIDSEJWEDW-UHFFFAOYSA-N,C02714,metab-u-hilicpos,metab-u-hilicpos,metab-u-hilicpos
N1-Acetylspermidine,RM0053025,Alkaloids,Ornithine alkaloids,CHEBI:17927,CHEBI:17927,496,MQTAVJHICJWXBR-UHFFFAOYSA-N,C00612,metab-u-hilicpos,metab-u-hilicpos,metab-u-hilicpos
NAD+,RM0133217,Nucleic acids,Nicotinamides,CHEBI:44215,CHEBI:44215,5892,BAWFJGJZGIEFAR-NNYOXOHSSA-N,C00003,metab-u-ionpneg,metab-u-ionpneg,metab-u-ionpneg
NAGly 11:0,RM0153880,Fatty Acyls,Fatty amides,CHEBI:74438,CHEBI:74438,454092,HEUQYIQQCNOXOG-UHFFFAOYSA-N,,metab-u-rppos,metab-u-rppos,metab-u-rppos
NAGly 12:0,RM0021474,Fatty Acyls,Fatty amides,CHEBI:74441,CHEBI:74441,346152,JWGGSJFIGIGFSQ-UHFFFAOYSA-N,,metab-u-rppos,metab-u-hilicpos,metab-u-rppos
Niacinamide,RM0156450,Alkaloids,Pyridine alkaloids,CHEBI:17154,CHEBI:17154,936,DFPAKSUCGFBDDF-UHFFFAOYSA-N,C00153,metab-u-hilicpos,metab-u-hilicpos,metab-u-rppos
Nonadecenoic acid,RM0138767,Fatty Acyls,Fatty acids,"","","","",,metab-u-rpneg,metab-u-lrpneg,metab-u-rpneg
Octadecadienoic acid,RM0137483,Fatty Acyls,Fatty acids,"","","","",,metab-u-rpneg,metab-u-rpneg,metab-u-rpneg
Octadecatetraenoic acid,RM0151648,Fatty Acyls,Fatty acids,"","","","",,metab-u-rpneg,metab-u-lrpneg,metab-u-rpneg
Octadecatrienoic acid,RM0139661,Fatty Acyls,Fatty acids,"","","","",,metab-u-lrpneg,metab-u-lrpneg,metab-u-rpneg
Octadecenoic acid,RM0140004,Fatty Acyls,Fatty acids,"","","","",,metab-u-lrpneg,metab-u-lrpneg,metab-u-lrpneg
Oleamide,RM0150636,Fatty Acyls,Fatty amides,CHEBI:116314,CHEBI:116314,5283387,FATBGEAMYMYZAF-KTKRTIGZSA-N,C19670,metab-t-oxylipneg,metab-u-rppos,metab-u-rppos
Oleic acid,RM0151650,Fatty Acyls,Fatty acids,CHEBI:16196,CHEBI:16196,445639,ZQPPMHVWECSIRJ-KTKRTIGZSA-N,C00712,metab-u-rpneg,metab-u-rpneg,metab-u-rpneg
Oleoyl-EA,RM0153033,Fatty Acyls,Fatty amides,CHEBI:71466,CHEBI:71466,5283454,BOWVQLFMWHZBEF-KTKRTIGZSA-N,,metab-u-hilicpos,metab-u-hilicpos,metab-u-hilicpos
Ornithine,RM0135912,Organic acids,Amino acids and peptides,CHEBI:15729,CHEBI:15729,6262,AHLPHDHHMVZTML-BYPYZUCNSA-N,C00077,metab-u-ionpneg,metab-u-hilicpos,metab-u-ionpneg
Oxidized glutathione,RM0139022,Organic acids,Amino acids and peptides,CHEBI:17858,CHEBI:17858,65359,YPZRWBKMTBYPTK-BJDJZHNGSA-N,C00127,metab-u-ionpneg,metab-u-ionpneg,metab-u-ionpneg
Palmitic acid,RM0153571,Fatty Acyls,Fatty acids,CHEBI:15756,CHEBI:15756,985,IPCSVZSSVZVIGE-UHFFFAOYSA-N,C00249,metab-u-rpneg,metab-u-lrpneg,metab-u-lrpneg
Palmitoleic acid,RM0153617,Fatty Acyls,Fatty acids,CHEBI:28716,CHEBI:28716,445638,SECPZKHBENQXJG-FPLPWBNLSA-N,C08362,metab-u-rpneg,metab-u-rpneg,metab-u-rpneg
Palmitoleoyl-EA,RM0153955,Fatty Acyls,Fatty amides,CHEBI:71465,CHEBI:71465,9835868,WFRLANWAASSSFV-FPLPWBNLSA-N,,metab-u-hilicpos,metab-u-hilicpos,metab-u-hilicpos
Palmitoyl-EA,RM0153080,Fatty Acyls,Fatty amides,CHEBI:71464,CHEBI:71464,4671,HXYVTAGFYLMHSO-UHFFFAOYSA-N,C16512,metab-u-hilicpos,metab-u-hilicpos,metab-u-hilicpos
Pantothenic acid,RM0136730,Organic acids,Amino acids and peptides,CHEBI:46905,CHEBI:46905,6613,GHOKWGTUZJEAQD-ZETCQYMHSA-N,C00864,metab-u-hilicpos,metab-u-hilicpos,metab-u-ionpneg
Paraxanthine,RM0047891,Nucleic acids,Purines,CHEBI:25858,CHEBI:25858,4687,QUNWUDVFRNGTCO-UHFFFAOYSA-N,C13747,metab-u-rppos,metab-u-rppos,metab-u-hilicpos
PC 16:0/16:0,RM0135046,Glycerophospholipids,Glycerophosphocholines,CHEBI:72999,CHEBI:72999,452110,KILNVBDSWZSGLL-KXQOOQHDSA-N,,metab-u-lrpneg,metab-u-lrpneg,metab-u-lrpneg
PC 16:0_16:1,RM0011316,Glycerophospholipids,Glycerophosphocholines,CHEBI:167246,CHEBI:167246,"","",,metab-u-lrpneg,metab-u-lrpneg,metab-u-lrpneg
PC 16:0_18:1,RM0090134,Glycerophospholipids,Glycerophosphocholines,CHEBI:167249,CHEBI:167249,"","",,metab-u-lrpneg,metab-u-lrpneg,metab-u-lrpneg
PC 16:0_18:2,RM0104110,Glycerophospholipids,Glycerophosphocholines,"","","","",,metab-u-lrpneg,metab-u-lrpneg,metab-u-lrpneg
PC 16:0_22:4,RM0171095,Glycerophospholipids,Glycerophosphocholines,CHEBI:167251,CHEBI:167251,"","",,metab-u-lrpneg,metab-u-lrpneg,metab-u-lrpneg
PC 18:0_18:1,RM0171088,Glycerophospholipids,Glycerophosphocholines,CHEBI:167255,CHEBI:167255,"","",,metab-u-lrpneg,metab-u-lrpneg,metab-u-lrpneg
PC 18:1/18:1,RM0090053,Glycerophospholipids,Glycerophosphocholines,"","","","",,metab-u-lrpneg,metab-u-lrpneg,metab-u-lrpneg
PC 18:1_18:2,RM0000423,Glycerophospholipids,Glycerophosphocholines,"","","","",,metab-u-lrpneg,metab-u-lrpneg,metab-u-lrpneg
PC 28:0,RM0134835,Glycerophospholipids,Glycerophosphocholines,"","","","",,metab-u-hilicpos,metab-u-lrppos,metab-u-rppos
PC 30:0,RM0025459,Glycerophospholipids,Glycerophosphocholines,"","","","",,metab-u-hilicpos,metab-u-lrppos,metab-u-rppos
PC 30:1,RM0000565,Glycerophospholipids,Glycerophosphocholines,"","","","",,metab-u-hilicpos,metab-u-lrppos,metab-u-hilicpos
PC 31:0,RM0134906,Glycerophospholipids,Glycerophosphocholines,"","","","",,metab-u-hilicpos,metab-u-lrppos,metab-u-hilicpos
PC 32:0,RM0134841,Glycerophospholipids,Glycerophosphocholines,"","","","",,metab-u-hilicpos,metab-u-hilicpos,metab-u-rppos
PC 32:1,RM0011317,Glycerophospholipids,Glycerophosphocholines,"","","","",,metab-u-lrppos,metab-u-lrppos,metab-u-rppos
PC 32:2,RM0024988,Glycerophospholipids,Glycerophosphocholines,"","","","",,metab-u-hilicpos,metab-u-lrppos,metab-u-rppos
PC 32:3,RM0097852,Glycerophospholipids,Glycerophosphocholines,"","","","",,metab-u-hilicpos,metab-u-hilicpos,metab-u-hilicpos
PC 33:0,RM0011313,Glycerophospholipids,Glycerophosphocholines,"","","","",,metab-u-hilicpos,metab-u-lrppos,metab-u-lrppos
PC 33:1,RM0134891,Glycerophospholipids,Glycerophosphocholines,"","","","",,metab-u-hilicpos,metab-u-hilicpos,metab-u-hilicpos
PC 33:2,RM0000568,Glycerophospholipids,Glycerophosphocholines,"","","","",,metab-u-hilicpos,metab-u-hilicpos,metab-u-rppos
PC 34:1,RM0010728,Glycerophospholipids,Glycerophosphocholines,"","","","",,metab-u-lrppos,metab-u-lrppos,metab-u-rppos
PC 34:2,RM0025463,Glycerophospholipids,Glycerophosphocholines,"","","","",,metab-u-hilicpos,metab-u-lrppos,metab-u-lrppos
PC 34:3,RM0134816,Glycerophospholipids,Glycerophosphocholines,"","","","",,metab-u-rppos,metab-u-lrppos,metab-u-rppos
PC 34:4,RM0090131,Glycerophospholipids,Glycerophosphocholines,"","","","",,metab-u-hilicpos,metab-u-lrppos,metab-u-rppos
PC 35:2,RM0134879,Glycerophospholipids,Glycerophosphocholines,"","","","",,metab-u-hilicpos,metab-u-hilicpos,metab-u-rppos
PC 35:3,RM0134894,Glycerophospholipids,Glycerophosphocholines,"","","","",,metab-u-rppos,metab-u-lrppos,metab-u-rppos
PC 36:2,RM0134818,Glycerophospholipids,Glycerophosphocholines,"","","","",,metab-u-lrppos,metab-u-lrppos,metab-u-lrppos
PC 36:3,RM0010754,Glycerophospholipids,Glycerophosphocholines,"","","","",,metab-u-hilicpos,metab-u-lrpneg,metab-u-rppos
PC 36:4,RM0010761,Glycerophospholipids,Glycerophosphocholines,"","","","",,metab-u-hilicpos,metab-u-lrppos,metab-u-lrppos
PC 36:5,RM0134821,Glycerophospholipids,Glycerophosphocholines,"","","","",,metab-u-hilicpos,metab-u-lrppos,metab-u-hilicpos
PC 38:4,RM0010755,Glycerophospholipids,Glycerophosphocholines,"","","","",,metab-u-lrppos,metab-u-lrppos,metab-u-lrppos
PC 38:6,RM0097851,Glycerophospholipids,Glycerophosphocholines,"","","","",,metab-u-rppos,metab-u-lrppos,metab-u-lrppos
PC 40:6,RM0134817,Glycerophospholipids,Glycerophosphocholines,"","","","",,metab-u-rppos,metab-u-lrppos,metab-u-rppos
PC 40:8,RM0171090,Glycerophospholipids,Glycerophosphocholines,"","","","",,metab-u-rppos,metab-u-lrppos,metab-u-rppos
PC O-16:1/18:1,RM0051756,Glycerophospholipids,Glycerophosphocholines,"","","","",,metab-u-lrpneg,metab-u-lrpneg,metab-u-lrpneg
PC O-16:1/18:2,RM0134913,Glycerophospholipids,Glycerophosphocholines,"","","","",,metab-u-lrpneg,metab-u-lrpneg,metab-u-lrpneg
PC O-16:1/20:4,RM0051757,Glycerophospholipids,Glycerophosphocholines,"","","","",,metab-u-lrpneg,metab-u-lrpneg,metab-u-lrpneg
PC O-18:1/18:2,RM0017288,Glycerophospholipids,Glycerophosphocholines,"","","","",,metab-u-lrpneg,metab-u-lrpneg,metab-u-lrpneg
PC O-18:1/20:4,RM0017337,Glycerophospholipids,Glycerophosphocholines,"","","","",,metab-u-lrpneg,metab-u-lrpneg,metab-u-lrpneg
PC O-18:2/20:4,RM0087417,Glycerophospholipids,Glycerophosphocholines,"","","","",,metab-u-lrpneg,metab-u-lrpneg,metab-u-lrpneg
PC O-32:0,RM0090011,Glycerophospholipids,Glycerophosphocholines,"","","","",,metab-u-hilicpos,metab-u-hilicpos,metab-u-hilicpos
PC O-34:1,RM0017335,Glycerophospholipids,Glycerophosphocholines,"","","","",,metab-u-lrpneg,metab-u-lrpneg,metab-u-lrpneg
PC O-34:2,RM0052177,Glycerophospholipids,Glycerophosphocholines,"","","","",,metab-u-lrpneg,metab-u-lrppos,metab-u-lrppos
PC O-36:4,RM0017345,Glycerophospholipids,Glycerophosphocholines,"","","","",,metab-u-lrpneg,metab-u-lrppos,metab-u-lrppos
PC O-38:6,RM0134825,Glycerophospholipids,Glycerophosphocholines,"","","","",,metab-u-lrppos,metab-u-lrppos,metab-u-lrppos
PC P-32:0 or PC O-32:1,RM0052319,Glycerophospholipids,Glycerophosphocholines,"","","","",,metab-u-hilicpos,metab-u-hilicpos,metab-u-hilicpos
PC P-32:1 or PC O-32:2,RM0097507,Glycerophospholipids,Glycerophosphocholines,"","","","",,metab-u-hilicpos,metab-u-hilicpos,metab-u-hilicpos
PC P-34:0 or PC O-34:1,RM0103506,Glycerophospholipids,Glycerophosphocholines,"","","","",,metab-u-hilicpos,metab-u-hilicpos,metab-u-hilicpos
PC P-34:1 or PC O-34:2,RM0033106,Glycerophospholipids,Glycerophosphocholines,"","","","",,metab-u-hilicpos,metab-u-hilicpos,metab-u-hilicpos
PC P-34:2 or PC O-34:3,RM0052754,Glycerophospholipids,Glycerophosphocholines,"","","","",,metab-u-hilicpos,metab-u-hilicpos,metab-u-hilicpos
PC P-34:3 or PC O-34:4,RM0051497,Glycerophospholipids,Glycerophosphocholines,"","","","",,metab-u-hilicpos,metab-u-hilicpos,metab-u-hilicpos
PC P-35:1 or PC O-35:2,RM0103625,Glycerophospholipids,Glycerophosphocholines,"","","","",,metab-u-hilicpos,metab-u-hilicpos,metab-u-hilicpos
PC P-35:2 or PC O-35:3,RM0103622,Glycerophospholipids,Glycerophosphocholines,"","","","",,metab-u-hilicpos,metab-u-hilicpos,metab-u-hilicpos
PC P-36:3 or PC O-36:4,RM0052322,Glycerophospholipids,Glycerophosphocholines,"","","","",,metab-u-hilicpos,metab-u-hilicpos,metab-u-hilicpos
PC P-36:4 or PC O-36:5,RM0053383,Glycerophospholipids,Glycerophosphocholines,"","","","",,metab-u-hilicpos,metab-u-hilicpos,metab-u-hilicpos
PC P-36:5 or PC O-36:6,RM0053298,Glycerophospholipids,Glycerophosphocholines,"","","","",,metab-u-hilicpos,metab-u-hilicpos,metab-u-hilicpos
PC P-38:4 or PC O-38:5,RM0052755,Glycerophospholipids,Glycerophosphocholines,"","","","",,metab-u-hilicpos,metab-u-hilicpos,metab-u-hilicpos
PC P-38:5 or PC O-38:6,RM0053378,Glycerophospholipids,Glycerophosphocholines,"","","","",,metab-u-hilicpos,metab-u-hilicpos,metab-u-hilicpos
PC P-38:6 or PC O-38:7,RM0033439,Glycerophospholipids,Glycerophosphocholines,"","","","",,metab-u-hilicpos,metab-u-hilicpos,metab-u-hilicpos
PE 16:0_18:2,RM0011470,Glycerophospholipids,Glycerophosphoethanolamines,"","","","",,metab-u-lrpneg,metab-u-lrpneg,metab-u-lrpneg
PE 18:0_18:2,RM0001471,Glycerophospholipids,Glycerophosphoethanolamines,"","","","",,metab-u-lrpneg,metab-u-lrpneg,metab-u-lrppos
PE 18:0_20:4,RM0134782,Glycerophospholipids,Glycerophosphoethanolamines,CHEBI:141597,CHEBI:141597,"","",,metab-u-lrpneg,metab-u-lrppos,metab-u-lrppos
PE 18:0_22:6,RM0001469,Glycerophospholipids,Glycerophosphoethanolamines,"","","","",,metab-u-lrpneg,metab-u-lrpneg,metab-u-lrpneg
PE 32:1,RM0134694,Glycerophospholipids,Glycerophosphoethanolamines,"","","","",,metab-u-hilicpos,metab-u-hilicpos,metab-u-hilicpos
PE 34:1,RM0134794,Glycerophospholipids,Glycerophosphoethanolamines,"","","","",,metab-u-lrpneg,metab-u-lrppos,metab-u-lrppos
PE 34:2,RM0001239,Glycerophospholipids,Glycerophosphoethanolamines,"","","","",,metab-u-hilicpos,metab-u-hilicpos,metab-u-lrppos
PE 36:2,RM0134780,Glycerophospholipids,Glycerophosphoethanolamines,"","","","",,metab-u-hilicpos,metab-u-hilicpos,metab-u-hilicpos
PE 36:3,RM0044082,Glycerophospholipids,Glycerophosphoethanolamines,"","","","",,metab-u-hilicpos,metab-u-lrppos,metab-u-lrppos
PE 36:4,RM0029374,Glycerophospholipids,Glycerophosphoethanolamines,"","","","",,metab-u-hilicpos,metab-u-hilicpos,metab-u-lrppos
PE 38:4,RM0134744,Glycerophospholipids,Glycerophosphoethanolamines,"","","","",,metab-u-hilicpos,metab-u-hilicpos,metab-u-hilicpos
PE 38:5,RM0134741,Glycerophospholipids,Glycerophosphoethanolamines,"","","","",,metab-u-lrpneg,metab-u-lrppos,metab-u-lrppos
PE 38:6,RM0001619,Glycerophospholipids,Glycerophosphoethanolamines,"","","","",,metab-u-hilicpos,metab-u-hilicpos,metab-u-hilicpos
PE 40:6,RM0134743,Glycerophospholipids,Glycerophosphoethanolamines,"","","","",,metab-u-hilicpos,metab-u-lrppos,metab-u-lrppos
PE O-16:1/20:4,RM0054520,Glycerophospholipids,Glycerophosphoethanolamines,"","","","",,metab-u-lrpneg,metab-u-lrppos,metab-u-lrppos
PE O-18:1/18:1,RM0134800,Glycerophospholipids,Glycerophosphoethanolamines,"","","","",,metab-u-lrpneg,metab-u-lrppos,metab-u-lrppos
PE O-18:1/20:4,RM0008857,Glycerophospholipids,Glycerophosphoethanolamines,"","","","",,metab-u-lrpneg,metab-u-lrppos,metab-u-lrpneg
PE O-18:1/22:5,RM0054662,Glycerophospholipids,Glycerophosphoethanolamines,"","","","",,metab-u-lrpneg,metab-u-lrppos,metab-u-lrpneg
PE O-18:2/20:4,RM0098404,Glycerophospholipids,Glycerophosphoethanolamines,CHEBI:141509,CHEBI:141509,"","",,metab-u-lrpneg,metab-u-lrppos,metab-u-lrpneg
PE O-34:2,RM0055038,Glycerophospholipids,Glycerophosphoethanolamines,"","","","",,metab-u-lrpneg,metab-u-lrpneg,metab-u-lrpneg
PE O-36:4,RM0055031,Glycerophospholipids,Glycerophosphoethanolamines,"","","","",,metab-u-lrpneg,metab-u-lrppos,metab-u-lrpneg
PE O-37:5,RM0055045,Glycerophospholipids,Glycerophosphoethanolamines,"","","","",,metab-u-lrpneg,metab-u-lrppos,metab-u-lrppos
PE O-38:4,RM0017417,Glycerophospholipids,Glycerophosphoethanolamines,"","","","",,metab-u-lrpneg,metab-u-lrpneg,metab-u-lrppos
PE P-34:0 or PE O-34:1,RM0008666,Glycerophospholipids,Glycerophosphoethanolamines,"","","","",,metab-u-hilicpos,metab-u-hilicpos,metab-u-hilicpos
PE P-34:2 or PE O-34:3,RM0043209,Glycerophospholipids,Glycerophosphoethanolamines,"","","","",,metab-u-hilicpos,metab-u-hilicpos,metab-u-hilicpos
PE P-35:2 or PE O-35:3,RM0055800,Glycerophospholipids,Glycerophosphoethanolamines,"","","","",,metab-u-hilicpos,metab-u-hilicpos,metab-u-hilicpos
PE P-36:2 or PE O-36:3,RM0009566,Glycerophospholipids,Glycerophosphoethanolamines,"","","","",,metab-u-hilicpos,metab-u-hilicpos,metab-u-hilicpos
PE P-36:4 or PE O-36:5,RM0043212,Glycerophospholipids,Glycerophosphoethanolamines,"","","","",,metab-u-hilicpos,metab-u-hilicpos,metab-u-hilicpos
PE P-38:4 or PE O-38:5,RM0055835,Glycerophospholipids,Glycerophosphoethanolamines,"","","","",,metab-u-hilicpos,metab-u-hilicpos,metab-u-hilicpos
PE P-38:5 or PE O-38:6,RM0090073,Glycerophospholipids,Glycerophosphoethanolamines,"","","","",,metab-u-hilicpos,metab-u-hilicpos,metab-u-hilicpos
PE P-38:6 or PE O-38:7,RM0055690,Glycerophospholipids,Glycerophosphoethanolamines,"","","","",,metab-u-hilicpos,metab-u-hilicpos,metab-u-hilicpos
PE P-40:4 or PE O-40:5,RM0014717,Glycerophospholipids,Glycerophosphoethanolamines,"","","","",,metab-u-hilicpos,metab-u-hilicpos,metab-u-hilicpos
PE P-40:6 or PE O-40:7,RM0014963,Glycerophospholipids,Glycerophosphoethanolamines,"","","","",,metab-u-hilicpos,metab-u-hilicpos,metab-u-hilicpos
Pentadecylic acid,RM0153573,Fatty Acyls,Fatty acids,CHEBI:42504,CHEBI:42504,13849,WQEPLUUGTLDZJY-UHFFFAOYSA-N,C16537,metab-u-rpneg,metab-u-rpneg,metab-u-rpneg
PGE2 ethanolamide,RM0160653,Fatty Acyls,Eicosanoids,CHEBI:165333,CHEBI:165333,35021785,GKKWUSPPIQURFM-XXHBNTRVSA-N,,metab-t-oxylipneg,metab-t-oxylipneg,metab-t-oxylipneg
Phenylalanine,RM0135897,Organic acids,Amino acids and peptides,CHEBI:17295,CHEBI:17295;CHEBI:58095,6140,COLNVLDHVKWLRT-QMMMGPOBSA-N,C00079,metab-u-hilicpos,metab-u-hilicpos,metab-u-rpneg
Phenyllactic acid,RM0012471,Organic acids,Phenylpropanoids,CHEBI:43065,CHEBI:43065,444718,VOXXWSYKYCBWHO-QMMMGPOBSA-N,,metab-u-rpneg,metab-u-rpneg,metab-u-rpneg
Phosphocreatine,RM0009827,Organic acids,Amino acids and peptides,CHEBI:17287,CHEBI:17287,9548602,DRBBFCLWYRJSJZ-UHFFFAOYSA-N,C02305,metab-u-ionpneg,metab-u-ionpneg,metab-u-ionpneg
Phosphoethanolamine,RM0060581,Organic acids,Phosphate esters,CHEBI:17553,CHEBI:17553,1015,SUHOOTKUPISOBE-UHFFFAOYSA-N,C00346,metab-t-amines,metab-t-amines,metab-t-amines
Phosphoglyceric acid,RM0013474,Organic acids,Short-chain acids,"","","","",,metab-u-ionpneg,metab-u-ionpneg,metab-u-ionpneg
Phthalic acid,RM0040270,Benzenoids,Benzoic acids,CHEBI:29069,CHEBI:29069,1017,XNGIFLGASWRNHJ-UHFFFAOYSA-N,C01606,metab-u-rpneg,metab-u-rpneg,metab-u-rpneg
Pipecolic acid,RM0135981,Organic acids,Amino acids and peptides,CHEBI:30913,CHEBI:30913;CHEBI:61185,439227,HXEACLLIILLPRG-YFKPBYRVSA-N,C00408,metab-u-rppos,metab-u-hilicpos,metab-u-rppos
Piperine,RM0043248,Alkaloids,Lysine alkaloids,CHEBI:28821,CHEBI:28821,638024,MXXWOMGUGJBKIW-YPCIICBESA-N,C03882,metab-u-hilicpos,metab-u-hilicpos,metab-u-hilicpos
Proline,RM0135899,Organic acids,Amino acids and peptides,CHEBI:17203,CHEBI:17203;CHEBI:60039,145742,ONIBWKKTOPOVIA-BYPYZUCNSA-N,C00148,metab-u-hilicpos,metab-u-hilicpos,metab-u-ionpneg
Proline betaine,RM0012987,Organic acids,Amino acids and peptides,CHEBI:35280,CHEBI:35280,115244,CMUNUTVVOOHQPW-LURJTMIESA-N,C10172,metab-u-hilicpos,metab-u-hilicpos,metab-u-hilicpos
Putrescine,RM0139715,Organic nitrogen compounds,Amines,CHEBI:17148,CHEBI:17148,1045,KIDHWZJUCRJVML-UHFFFAOYSA-N,C00134,metab-u-hilicpos,metab-u-hilicpos,metab-u-hilicpos
Pyroglutamic acid,RM0135924,Organic acids,Amino acids and peptides,CHEBI:18183,CHEBI:18183,7405,ODHCTXKNWHHXJC-VKHMYHEASA-N,C01879,metab-u-hilicpos,metab-u-rppos,metab-u-rppos
Pyruvic acid,RM0134967,Organic acids,Short-chain acids,CHEBI:32816,CHEBI:32816,1060,LCTONWCANYUPML-UHFFFAOYSA-N,C00022,metab-u-ionpneg,metab-u-ionpneg,metab-u-ionpneg
Retinoic acid,RM0135419,Prenol Lipids,Isoprenoids,CHEBI:15367,CHEBI:15367,444795,SHGAZHPCJJPHSC-YCNIQYBTSA-N,C00777,metab-u-rpneg,metab-u-rpneg,metab-u-rpneg
S-Methylcysteine S-oxide,RM0158491,Organic acids,Amino acids and peptides,CHEBI:157782,CHEBI:157782;CHEBI:746881,182092,ZZLHPCSGGOGHFW-BUKSALPDSA-N,,metab-u-hilicpos,metab-u-hilicpos,metab-u-hilicpos
Sarcosine,RM0135925,Organic acids,Amino acids and peptides,CHEBI:15611,CHEBI:15611;CHEBI:57433,1088,FSYKKLYZXJSNPZ-UHFFFAOYSA-N,C00213,metab-u-hilicpos,metab-t-amines,metab-t-amines
Sebacic acid,RM0153047,Fatty Acyls,Fatty acids,CHEBI:41865,CHEBI:41865,5192,CXMXRPHRNRROMY-UHFFFAOYSA-N,C08277,metab-u-rpneg,metab-u-rpneg,metab-u-rpneg
Serine,RM0032433,Organic acids,Amino acids and peptides,CHEBI:17115,CHEBI:17115;CHEBI:33384,5951,MTCFGRXMJLQNBG-REOHCLBHSA-N,C00065,metab-u-hilicpos,metab-u-hilicpos,metab-u-hilicpos
SM 18:1;O2/14:0,RM0135551,Sphingolipids,Phosphosphingolipids,CHEBI:64486,CHEBI:64486,11433862,KYICBZWZQPCUMO-PSALXKTOSA-N,,metab-u-hilicpos,metab-u-hilicpos,metab-u-hilicpos
SM 18:1;O2/14:1,RM0138769,Sphingolipids,Phosphosphingolipids,"","","","",,metab-u-hilicpos,metab-u-hilicpos,metab-u-hilicpos
SM 18:1;O2/15:0,RM0135554,Sphingolipids,Phosphosphingolipids,CHEBI:64485,CHEBI:64485,52931139,LQINJRUGTUOHGS-YPDYIYJKSA-N,,metab-u-hilicpos,metab-u-hilicpos,metab-u-hilicpos
SM 18:1;O2/16:0,RM0135543,Sphingolipids,Phosphosphingolipids,CHEBI:78646,CHEBI:78646,9939941,RWKUXQNLWDTSLO-GWQJGLRPSA-N,,metab-u-hilicpos,metab-u-hilicpos,metab-u-hilicpos
SM 18:1;O2/16:1,RM0134132,Sphingolipids,Phosphosphingolipids,"","","","",,metab-u-hilicpos,metab-u-hilicpos,metab-u-hilicpos
SM 18:1;O2/17:0,RM0162677,Sphingolipids,Phosphosphingolipids,CHEBI:84488,CHEBI:84488,46891763,YMQZQHIESOAPQH-JXGHDCMNSA-N,,metab-u-hilicpos,metab-u-hilicpos,metab-u-hilicpos
SM 18:1;O2/17:1,RM0058875,Sphingolipids,Phosphosphingolipids,"","","","",,metab-u-hilicpos,metab-u-hilicpos,metab-u-hilicpos
SM 18:1;O2/18:0,RM0135541,Sphingolipids,Phosphosphingolipids,CHEBI:83358,CHEBI:83358,6453725,LKQLRGMMMAHREN-YJFXYUILSA-N,C00550,metab-u-hilicpos,metab-u-hilicpos,metab-u-hilicpos
SM 18:1;O2/18:1,RM0134125,Sphingolipids,Phosphosphingolipids,"","","","",,metab-u-hilicpos,metab-u-hilicpos,metab-u-hilicpos
SM 18:1;O2/18:3,RM0059418,Sphingolipids,Phosphosphingolipids,"","","","",,metab-u-hilicpos,metab-u-hilicpos,metab-u-hilicpos
SM 18:1;O2/19:0,RM0138872,Sphingolipids,Phosphosphingolipids,CHEBI:84485,CHEBI:84485,52931171,HAFQHLHNPJDAGB-MAJDXUCPSA-N,,metab-u-hilicpos,metab-u-hilicpos,metab-u-hilicpos
SM 18:1;O2/20:0,RM0135545,Sphingolipids,Phosphosphingolipids,CHEBI:83359,CHEBI:83359,44260124,AADLTHQNYQJHQV-SVLGDMRNSA-N,,metab-u-hilicpos,metab-u-hilicpos,metab-u-hilicpos
SM 18:1;O2/21:0,RM0135567,Sphingolipids,Phosphosphingolipids,CHEBI:84484,CHEBI:84484,52931193,YXSZOBWVQJIWNE-QVDCKBILSA-N,,metab-u-hilicpos,metab-u-hilicpos,metab-u-hilicpos
SM 18:1;O2/22:0,RM0138870,Sphingolipids,Phosphosphingolipids,CHEBI:74532,CHEBI:74532,44260125,FJJANLYCZUNFSE-TWKUQIQBSA-N,,metab-u-hilicpos,metab-u-hilicpos,metab-u-hilicpos
SM 18:1;O2/22:1,RM0134114,Sphingolipids,Phosphosphingolipids,"","","","",,metab-u-hilicpos,metab-u-hilicpos,metab-u-hilicpos
SM 18:1;O2/22:2,RM0163085,Sphingolipids,Phosphosphingolipids,"","","","",,metab-u-hilicpos,metab-u-hilicpos,metab-u-hilicpos
SM 18:1;O2/22:3,RM0060120,Sphingolipids,Phosphosphingolipids,"","","","",,metab-u-hilicpos,metab-u-hilicpos,metab-u-hilicpos
SM 32:1;O2,RM0134150,Sphingolipids,Phosphosphingolipids,"","","","",,metab-u-lrpneg,metab-u-lrppos,metab-u-rppos
SM 32:2;O2,RM0134093,Sphingolipids,Phosphosphingolipids,"","","","",,metab-u-rppos,metab-u-lrppos,metab-u-rppos
SM 34:1;O2,RM0134153,Sphingolipids,Phosphosphingolipids,"","","","",,metab-u-lrpneg,metab-u-lrpneg,metab-u-lrpneg
SM 34:2;O2,RM0134151,Sphingolipids,Phosphosphingolipids,"","","","",,metab-u-lrpneg,metab-u-lrppos,metab-u-rppos
SM 35:1;O2,RM0059990,Sphingolipids,Phosphosphingolipids,"","","","",,metab-u-rppos,metab-u-lrpneg,metab-u-lrpneg
SM 36:1;O2,RM0134099,Sphingolipids,Phosphosphingolipids,"","","","",,metab-u-rppos,metab-u-lrpneg,metab-u-rppos
SM 36:2;O2,RM0134100,Sphingolipids,Phosphosphingolipids,"","","","",,metab-u-rppos,metab-u-lrpneg,metab-u-rppos
SM 36:3;O2,RM0134152,Sphingolipids,Phosphosphingolipids,"","","","",,metab-u-rppos,metab-u-lrppos,metab-u-rppos
SM 38:1;O2,RM0134157,Sphingolipids,Phosphosphingolipids,"","","","",,metab-u-lrpneg,metab-u-lrppos,metab-u-rppos
SM 40:1;O2,RM0134155,Sphingolipids,Phosphosphingolipids,"","","","",,metab-u-lrppos,metab-u-lrpneg,metab-u-rppos
SM 40:2;O2,RM0122299,Sphingolipids,Phosphosphingolipids,"","","","",,metab-u-lrpneg,metab-u-lrpneg,metab-u-rppos
SM 41:1;O2,RM0120987,Sphingolipids,Phosphosphingolipids,"","","","",,metab-u-lrpneg,metab-u-lrppos,metab-u-lrpneg
SM 42:1;O2,RM0134156,Sphingolipids,Phosphosphingolipids,"","","","",,metab-u-lrpneg,metab-u-lrppos,metab-u-lrppos
SM 42:2;O2,RM0122625,Sphingolipids,Phosphosphingolipids,"","","","",,metab-u-lrpneg,metab-u-lrpneg,metab-u-lrpneg
sn-Glycero-3-phosphate,RM0160118,Organic acids,Organic phosphoric acids,CHEBI:15978,CHEBI:15978,439162,AWUCVROLDVIAJX-GSVOUGTGSA-N,C00093,metab-u-ionpneg,metab-u-ionpneg,metab-u-ionpneg
sn-Glycero-3-phosphocholine,RM0110472,Organic acids,Organic phosphoric acids,CHEBI:16870,CHEBI:16870,657272,SUHOQUVVVLNYQR-MRVPVSSYSA-N,C00670,metab-u-hilicpos,metab-u-hilicpos,metab-u-hilicpos
Sphinganine,RM0135445,Sphingolipids,Sphingoid bases,CHEBI:16566,CHEBI:16566,91486,OTKJDMGTUTTYMP-ZWKOTPCHSA-N,C00836,metab-u-hilicpos,metab-u-rppos,metab-u-rppos
Sphingosine,RM0135443,Sphingolipids,Sphingoid bases,CHEBI:16393,CHEBI:16393,5280335,WWUZIQQURGPMPG-KRWOKUGFSA-N,C00319,metab-u-hilicpos,metab-u-rppos,metab-u-rppos
Sphingosine 1-phosphate,RM0138834,Sphingolipids,Sphingoid bases,CHEBI:37550,CHEBI:37550,5283560,DUYSYHSSBDVJSM-KRWOKUGFSA-N,C06124,metab-u-rpneg,metab-u-rpneg,metab-u-rpneg
Stearic acid,RM0153574,Fatty Acyls,Fatty acids,CHEBI:28842,CHEBI:28842,5281,QIQXTHQIDYTFRH-UHFFFAOYSA-N,C01530,metab-u-rpneg,metab-u-lrpneg,metab-u-rpneg
Suberic acid,RM0134985,Fatty Acyls,Fatty acids,CHEBI:9300,CHEBI:9300,10457,TYFQFVWCELRYAO-UHFFFAOYSA-N,C08278,metab-u-rpneg,metab-u-rpneg,metab-u-rpneg
Succinic acid,RM0134982,Organic acids,TCA acids,CHEBI:15741,CHEBI:15741,1110,KDYFGRWQOYBRFD-UHFFFAOYSA-N,C00042,metab-u-ionpneg,metab-t-tca,metab-u-ionpneg
Symmetric dimethylarginine,RM0012924,Organic acids,Amino acids and peptides,CHEBI:25682,CHEBI:25682;CHEBI:61914,169148,HVPFXCBJHIIJGS-LURJTMIESA-N,,metab-u-hilicpos,metab-u-hilicpos,metab-u-hilicpos
Taurine,RM0118223,Organic acids,Sulfonic acids,CHEBI:15891,CHEBI:15891;CHEBI:507393,1123,XOAAWQZATWQOTB-UHFFFAOYSA-N,C00245,metab-u-hilicpos,metab-u-hilicpos,metab-u-ionpneg
Tetracosenoic acid,RM0139943,Fatty Acyls,Fatty acids,"","","","",,metab-u-lrpneg,metab-u-lrpneg,metab-u-rpneg
Tetradecadienoic acid,RM0140195,Fatty Acyls,Fatty acids,"","","","",,metab-u-rpneg,metab-u-lrpneg,metab-u-rpneg
TG 16:0_16:0_18:0,RM0134320,Glycerolipids,Triradylglycerols,"","","","",,metab-u-lrppos,metab-u-lrppos,metab-u-lrppos
TG 16:0_16:0_18:1,RM0134321,Glycerolipids,Triradylglycerols,"","","","",,metab-u-lrppos,metab-u-lrppos,metab-u-lrppos
TG 16:0_18:1_18:2,RM0134340,Glycerolipids,Triradylglycerols,"","","","",,metab-u-lrppos,metab-u-lrppos,metab-u-lrppos
TG 16:0_18:1_22:4,RM0017957,Glycerolipids,Triradylglycerols,"","","","",,metab-u-lrppos,metab-u-lrppos,metab-u-lrppos
TG 16:0_18:2_20:4,RM0061010,Glycerolipids,Triradylglycerols,"","","","",,metab-u-lrppos,metab-u-lrppos,metab-u-lrppos
TG 16:1_18:2_18:2,RM0111179,Glycerolipids,Triradylglycerols,"","","","",,metab-u-lrppos,metab-u-lrppos,metab-u-lrppos
TG 18:0_18:1_22:6,RM0110794,Glycerolipids,Triradylglycerols,"","","","",,metab-u-lrppos,metab-u-lrppos,metab-u-lrppos
TG 18:1/18:1/18:1,RM0134295,Glycerolipids,Triradylglycerols,CHEBI:138472,CHEBI:138472,"","",,metab-u-lrppos,metab-u-lrppos,metab-u-lrppos
TG 18:1_18:1_18:2,RM0113224,Glycerolipids,Triradylglycerols,"","","","",,metab-u-lrppos,metab-u-lrppos,metab-u-lrppos
TG 18:1_18:2_18:2,RM0016715,Glycerolipids,Triradylglycerols,"","","","",,metab-u-lrppos,metab-u-lrppos,metab-u-lrppos
TG 40:0,RM0028305,Glycerolipids,Triradylglycerols,"","","","",,metab-u-lrppos,metab-u-lrppos,metab-u-lrppos
TG 42:2,RM0062059,Glycerolipids,Triradylglycerols,"","","","",,metab-u-lrppos,metab-u-lrppos,metab-u-lrppos
TG 44:1,RM0112605,Glycerolipids,Triradylglycerols,"","","","",,metab-u-hilicpos,metab-u-lrppos,metab-u-lrppos
TG 44:2,RM0089970,Glycerolipids,Triradylglycerols,"","","","",,metab-u-lrppos,metab-u-lrppos,metab-u-lrppos
TG 44:3,RM0110447,Glycerolipids,Triradylglycerols,"","","","",,metab-u-lrppos,metab-u-lrppos,metab-u-lrppos
TG 46:0,RM0134258,Glycerolipids,Triradylglycerols,"","","","",,metab-u-lrppos,metab-u-lrppos,metab-u-lrppos
TG 46:2,RM0134217,Glycerolipids,Triradylglycerols,"","","","",,metab-u-hilicpos,metab-u-hilicpos,metab-u-lrppos
TG 46:3,RM0062101,Glycerolipids,Triradylglycerols,"","","","",,metab-u-lrppos,metab-u-lrppos,metab-u-lrppos
TG 47:3,RM0015232,Glycerolipids,Triradylglycerols,"","","","",,metab-u-lrppos,metab-u-lrppos,metab-u-lrppos
TG 48:2,RM0134224,Glycerolipids,Triradylglycerols,"","","","",,metab-u-lrppos,metab-u-lrppos,metab-u-lrppos
TG 48:3,RM0065682,Glycerolipids,Triradylglycerols,"","","","",,metab-u-lrppos,metab-u-lrppos,metab-u-lrppos
TG 49:0,RM0065681,Glycerolipids,Triradylglycerols,"","","","",,metab-u-lrppos,metab-u-lrppos,metab-u-lrppos
TG 49:1,RM0134226,Glycerolipids,Triradylglycerols,"","","","",,metab-u-lrppos,metab-u-lrppos,metab-u-lrppos
TG 49:3,RM0134254,Glycerolipids,Triradylglycerols,"","","","",,metab-u-lrppos,metab-u-lrppos,metab-u-lrppos
TG 50:2,RM0138778,Glycerolipids,Triradylglycerols,"","","","",,metab-u-lrppos,metab-u-lrppos,metab-u-lrppos
TG 50:3,RM0134227,Glycerolipids,Triradylglycerols,"","","","",,metab-u-lrppos,metab-u-lrppos,metab-u-lrppos
TG 50:4,RM0134255,Glycerolipids,Triradylglycerols,"","","","",,metab-u-lrppos,metab-u-lrppos,metab-u-lrppos
TG 50:5,RM0110469,Glycerolipids,Triradylglycerols,"","","","",,metab-u-lrppos,metab-u-lrppos,metab-u-lrppos
TG 50:6,RM0070875,Glycerolipids,Triradylglycerols,"","","","",,metab-u-lrppos,metab-u-lrppos,metab-u-lrppos
TG 51:2,RM0134229,Glycerolipids,Triradylglycerols,"","","","",,metab-u-lrppos,metab-u-lrppos,metab-u-lrppos
TG 51:3,RM0134228,Glycerolipids,Triradylglycerols,"","","","",,metab-u-lrppos,metab-u-lrppos,metab-u-lrppos
TG 51:4,RM0116156,Glycerolipids,Triradylglycerols,"","","","",,metab-u-lrppos,metab-u-lrppos,metab-u-lrppos
TG 52:1,RM0062103,Glycerolipids,Triradylglycerols,"","","","",,metab-u-lrppos,metab-u-lrppos,metab-u-lrppos
TG 52:4,RM0134219,Glycerolipids,Triradylglycerols,"","","","",,metab-u-lrppos,metab-u-lrppos,metab-u-lrppos
TG 52:6,RM0134261,Glycerolipids,Triradylglycerols,"","","","",,metab-u-lrppos,metab-u-lrppos,metab-u-lrppos
TG 52:7,RM0134292,Glycerolipids,Triradylglycerols,"","","","",,metab-u-lrppos,metab-u-lrppos,metab-u-lrppos
TG 53:1,RM0083595,Glycerolipids,Triradylglycerols,"","","","",,metab-u-lrppos,metab-u-lrppos,metab-u-lrppos
TG 53:2,RM0025657,Glycerolipids,Triradylglycerols,"","","","",,metab-u-lrppos,metab-u-lrppos,metab-u-lrppos
TG 54:2,RM0116159,Glycerolipids,Triradylglycerols,"","","","",,metab-u-lrppos,metab-u-lrppos,metab-u-lrppos
TG 54:3,RM0134218,Glycerolipids,Triradylglycerols,"","","","",,metab-u-lrppos,metab-u-lrppos,metab-u-lrppos
TG 54:5,RM0134235,Glycerolipids,Triradylglycerols,"","","","",,metab-u-lrppos,metab-u-lrppos,metab-u-lrppos
TG 54:6,RM0062063,Glycerolipids,Triradylglycerols,"","","","",,metab-u-lrppos,metab-u-lrppos,metab-u-lrppos
TG 54:8,RM0024990,Glycerolipids,Triradylglycerols,"","","","",,metab-u-lrppos,metab-u-lrppos,metab-u-lrppos
TG 55:3,RM0134273,Glycerolipids,Triradylglycerols,"","","","",,metab-u-lrppos,metab-u-lrppos,metab-u-lrppos
TG 55:4,RM0110474,Glycerolipids,Triradylglycerols,"","","","",,metab-u-lrppos,metab-u-lrppos,metab-u-lrppos
TG 55:5,RM0134238,Glycerolipids,Triradylglycerols,"","","","",,metab-u-lrppos,metab-u-lrppos,metab-u-lrppos
TG 56:1,RM0116158,Glycerolipids,Triradylglycerols,"","","","",,metab-u-lrppos,metab-u-lrppos,metab-u-lrppos
TG 56:2,RM0134274,Glycerolipids,Triradylglycerols,"","","","",,metab-u-lrppos,metab-u-lrppos,metab-u-lrppos
TG 56:4,RM0110468,Glycerolipids,Triradylglycerols,"","","","",,metab-u-lrppos,metab-u-lrppos,metab-u-lrppos
TG 56:6,RM0110466,Glycerolipids,Triradylglycerols,"","","","",,metab-u-lrppos,metab-u-lrppos,metab-u-lrppos
TG 56:7,RM0134241,Glycerolipids,Triradylglycerols,"","","","",,metab-u-lrppos,metab-u-lrppos,metab-u-lrppos
TG 56:9,RM0134239,Glycerolipids,Triradylglycerols,"","","","",,metab-u-lrppos,metab-u-lrppos,metab-u-lrppos
TG 58:1,RM0116153,Glycerolipids,Triradylglycerols,"","","","",,metab-u-lrppos,metab-u-lrppos,metab-u-lrppos
TG 58:10,RM0134242,Glycerolipids,Triradylglycerols,"","","","",,metab-u-lrppos,metab-u-lrppos,metab-u-lrppos
TG 58:2,RM0086945,Glycerolipids,Triradylglycerols,"","","","",,metab-u-lrppos,metab-u-lrppos,metab-u-lrppos
TG 58:5,RM0134276,Glycerolipids,Triradylglycerols,"","","","",,metab-u-lrppos,metab-u-lrppos,metab-u-lrppos
TG 58:6,RM0134246,Glycerolipids,Triradylglycerols,"","","","",,metab-u-lrppos,metab-u-lrppos,metab-u-lrppos
TG 58:8,RM0134244,Glycerolipids,Triradylglycerols,"","","","",,metab-u-lrppos,metab-u-lrppos,metab-u-lrppos
TG 58:9,RM0134243,Glycerolipids,Triradylglycerols,"","","","",,metab-u-lrppos,metab-u-lrppos,metab-u-lrppos
Threonine,RM0135900,Organic acids,Amino acids and peptides,CHEBI:16857,CHEBI:16857;CHEBI:57926,6288,AYFVYJQAPQTCCC-GBXIJSLDSA-N,C00188,metab-u-hilicpos,metab-u-ionpneg,metab-u-ionpneg
Tributylamine,RM0018067,Organic nitrogen compounds,Amines,CHEBI:38905,CHEBI:38905,7622,IMFACGCPASFAPR-UHFFFAOYSA-N,,metab-u-hilicpos,metab-u-hilicpos,metab-u-hilicpos
Tricosylic acid,RM0153578,Fatty Acyls,Fatty acids,CHEBI:42394,CHEBI:42394,17085,XEZVDURJDFGERA-UHFFFAOYSA-N,,metab-u-rpneg,metab-u-rpneg,metab-u-rpneg
Tridecylamine,RM0149929,Organic nitrogen compounds,Amines,"","",40761,ABVVEAHYODGCLZ-UHFFFAOYSA-N,,metab-u-hilicpos,metab-u-hilicpos,metab-u-hilicpos
Trigonelline,RM0136017,Alkaloids,Pyridine alkaloids,CHEBI:18123,CHEBI:18123,5570,WWNNZCOKKKDOPX-UHFFFAOYSA-N,C01004,metab-u-hilicpos,metab-u-hilicpos,metab-u-hilicpos
Trimethylamine N-oxide,RM0156066,Organic nitrogen compounds,Amine oxides,CHEBI:15724,CHEBI:15724,1145,UYPYRKYUKCHHIB-UHFFFAOYSA-N,C01104,metab-u-hilicpos,metab-u-hilicpos,metab-u-hilicpos
Tryptophan,RM0136024,Organic acids,Amino acids and peptides,CHEBI:16828,CHEBI:16828;CHEBI:57912,6305,QIVBCDIJIAJPQS-VIFPVBQESA-N,C00078,metab-u-hilicpos,metab-u-hilicpos,metab-u-rpneg
Tyrosine,RM0135896,Organic acids,Amino acids and peptides,CHEBI:17895,CHEBI:17895;CHEBI:58315,6057,OUYCCCASQSFEME-QMMMGPOBSA-N,C00082,metab-u-hilicpos,metab-u-hilicpos,metab-u-rppos
UDP-glucose,RM0135928,Nucleic acids,Pyrimidines,CHEBI:167608,CHEBI:167608,53477679,HSCJRCZFDFQWRP-LPTOLDDLSA-N,C00029,metab-u-ionpneg,metab-u-ionpneg,metab-u-ionpneg
UDP-glucuronic acid,RM0157921,Nucleic acids,Pyrimidines,CHEBI:17200,CHEBI:17200,17473,HDYANYHVCAPMJV-LXQIFKJMSA-N,C00167,metab-u-ionpneg,metab-u-ionpneg,metab-u-ionpneg
UDP-N-acetylglucosamine,RM0133219,Nucleic acids,Pyrimidines,CHEBI:16264,CHEBI:16264,445675,LFTYTUAZOPRMMI-CFRASDGPSA-N,C00043,metab-u-ionpneg,metab-u-ionpneg,metab-u-ionpneg
UMP,RM0135929,Nucleic acids,Pyrimidines,CHEBI:16695,CHEBI:16695,6030,DJJCXFVJDGTHFX-XVFCMESISA-N,C00105,metab-t-nuc,metab-u-ionpneg,metab-u-ionpneg
Undecanedioic acid,RM0139029,Fatty Acyls,Fatty acids,CHEBI:73713,CHEBI:73713,15816,LWBHHRRTOZQPDM-UHFFFAOYSA-N,,metab-u-rpneg,metab-u-rpneg,metab-u-rpneg
Uric acid,RM0160856,Nucleic acids,Purines,CHEBI:17775,CHEBI:17775;CHEBI:46811;CHEBI:46814;CHEBI:46817;CHEBI:46823;CHEBI:62589,1175,LEHOTFFKMJEONL-UHFFFAOYSA-N,C00366,metab-u-hilicpos,metab-u-hilicpos,metab-u-rppos
Uridine,RM0135933,Nucleic acids,Pyrimidines,CHEBI:16704,CHEBI:16704,6029,DRTQHJPVMGBUCF-XVFCMESISA-N,C00299,metab-u-rpneg,metab-u-rpneg,metab-u-rpneg
Urocanic acid,RM0135935,Alkaloids,Histidine alkaloids,CHEBI:30817,CHEBI:30817,736715,LOIYMIARKYCTBW-OWOJBTEDSA-N,C00785,metab-u-hilicpos,metab-u-hilicpos,metab-u-rppos
UTP,RM0160877,Nucleic acids,Pyrimidines,CHEBI:15713,CHEBI:15713,6133,PGAVKCOVUIYSFO-XVFCMESISA-N,C00075,metab-t-nuc,metab-u-ionpneg,metab-u-ionpneg
Valine,RM0136018,Organic acids,Amino acids and peptides,CHEBI:16414,CHEBI:16414;CHEBI:57762,6287,KZSNJWFQEVHDMF-BYPYZUCNSA-N,C00183,metab-u-hilicpos,metab-u-hilicpos,metab-u-ionpneg
Xanthine,RM0135930,Nucleic acids,Purines,CHEBI:17712,CHEBI:17712;CHEBI:48517,1188,LRFVTYWOQMYALW-UHFFFAOYSA-N,C00385,metab-u-hilicpos,metab-u-hilicpos,metab-u-ionpneg
