gene_symbol,entrez_gene,uniprot,ensembl_gene,in_string,network_degree
AARSD1,80755,Q9BTE6,ENSG00000266967,TRUE,0
ABHD14B,84836,Q96IU4,ENSG00000114779,FALSE,0
ABL1,25,P00519,ENSG00000097007,TRUE,4
ACAA1,30,P09110,ENSG00000060971,TRUE,2
ACOX1,51,Q15067,ENSG00000161533,TRUE,2
ACP6,51205,Q9NPH0,ENSG00000162836,FALSE,0
ACTA2,59,P62736,ENSG00000107796,TRUE,0
ACTN4,81,O43707,ENSG00000130402,TRUE,2
ACY1,95,Q03154,ENSG00000243989,TRUE,1
ADA,100,P00813,ENSG00000196839,TRUE,4
ADAM15,8751,Q13444,ENSG00000143537,TRUE,2
ADGRE5,976,P48960,ENSG00000123146,TRUE,1
AGRN,375790,O00468,ENSG00000188157,TRUE,7
AHCY,191,P23526,ENSG00000101444,TRUE,2
AIF1,199,P55008,ENSG00000204472,TRUE,1
AIFM1,9131,O95831,ENSG00000156709,TRUE,1
AK1,203,P00568,ENSG00000106992,TRUE,3
AKR1B1,231,P15121,ENSG00000085662,TRUE,4
AKT1S1,84335,Q96B36,ENSG00000204673,TRUE,0
ALDH1A1,216,P00352,ENSG00000165092,TRUE,1
ANG,283,P03950,ENSG00000214274,TRUE,0
ANKRD54,129138,Q6NXT1,ENSG00000100124,FALSE,0
ANXA11,311,P50995,ENSG00000122359,TRUE,0
ANXA3,306,P12429,ENSG00000138772,FALSE,0
ANXA4,307,P09525,ENSG00000196975,TRUE,0
AOC3,8639,Q16853,ENSG00000131471,TRUE,4
APBB1IP,54518,Q7Z5R6,ENSG00000077420,TRUE,1
APEX1,328,P27695,ENSG00000100823,TRUE,3
APOM,55937,O95445,ENSG00000204444,TRUE,3
APP,351,P05067,ENSG00000142192,TRUE,9
APRT,353,P07741,ENSG00000198931,TRUE,6
ARHGAP1,392,Q07960,ENSG00000175220,TRUE,1
ARHGEF12,23365,Q9NZN5,ENSG00000196914,TRUE,1
ARSA,410,P15289,ENSG00000100299,TRUE,1
ARSB,411,P15848,ENSG00000113273,TRUE,1
ATOX1,475,O00244,ENSG00000177556,TRUE,0
ATP5IF1,93974,Q9UII2,ENSG00000130770,TRUE,0
ATP5PO,539,P48047,ENSG00000241837,TRUE,1
ATP6V1F,9296,Q16864,ENSG00000128524,TRUE,2
ATXN10,25814,Q9UBB4,ENSG00000130638,TRUE,0
BAG3,9531,O95817,ENSG00000151929,TRUE,5
BAG6,7917,P46379,ENSG00000204463,TRUE,0
BAX,581,Q07812,ENSG00000087088,TRUE,4
BCAM,4059,P50895,ENSG00000187244,TRUE,0
BID,637,P55957,ENSG00000015475,TRUE,9
BIN2,51411,Q9UBW5,ENSG00000110934,TRUE,0
BLMH,642,Q13867,ENSG00000108578,FALSE,0
BLVRB,645,P30043,ENSG00000090013,TRUE,2
BRK1,55845,Q8WUW1,ENSG00000254999,TRUE,1
BSG,682,P35613,ENSG00000172270,TRUE,3
BST2,684,Q10589,ENSG00000130303,TRUE,2
C19orf12,83636,Q9NSK7,ENSG00000131943,TRUE,0
C1QA,712,P02745,ENSG00000173372,TRUE,2
C2,717,P06681,ENSG00000166278,TRUE,2
C2CD2L,9854,O14523,ENSG00000172375,FALSE,0
CA2,760,P00918,ENSG00000104267,TRUE,0
CA4,762,P22748,ENSG00000167434,TRUE,0
CALCOCO1,57658,Q9P1Z2,ENSG00000012822,TRUE,0
CAPG,822,P40121,ENSG00000042493,TRUE,0
CARHSP1,23589,Q9Y2V2,ENSG00000153048,FALSE,0
CASP3,836,P42574,ENSG00000164305,TRUE,4
CC2D1A,54862,Q6P1N0,ENSG00000132024,TRUE,0
CCL5,6352,P13501,ENSG00000271503,TRUE,2
CCS,9973,O14618,ENSG00000173992,TRUE,1
CCT5,22948,P48643,ENSG00000150753,TRUE,5
CD109,135228,Q6YHK3,ENSG00000156535,TRUE,1
CD14,929,P08571,ENSG00000170458,TRUE,0
CD163,9332,Q86VB7,ENSG00000177575,TRUE,2
CD2AP,23607,Q9Y5K6,ENSG00000198087,TRUE,2
CD34,947,P28906,ENSG00000174059,TRUE,16
CD38,952,P28907,ENSG00000004468,TRUE,9
CD46,4179,P15529,ENSG00000117335,TRUE,2
CD55,1604,P08174,ENSG00000196352,TRUE,4
CD59,966,P13987,ENSG00000085063,TRUE,1
CD63,967,P08962,ENSG00000135404,TRUE,3
CD74,972,P04233,ENSG00000019582,TRUE,7
CD93,22918,Q9NPY3,ENSG00000125810,TRUE,1
CD99,4267,P14209,ENSG00000002586,TRUE,4
CD99L2,83692,Q8TCZ2,ENSG00000102181,TRUE,2
CDC27,996,P30260,ENSG00000004897,TRUE,0
CDC37,11140,Q16543,ENSG00000105401,TRUE,8
CDNF,441549,Q49AH0,ENSG00000185267,TRUE,0
CEBPB,1051,P17676,ENSG00000172216,TRUE,2
CEP43,11116,O95684,ENSG00000213066,TRUE,0
CERT1,10087,Q9Y5P4,ENSG00000113163,TRUE,1
CES1,1066,P23141,ENSG00000198848,TRUE,2
CES2,8824,O00748,ENSG00000172831,TRUE,1
CETN2,1069,P41208,ENSG00000147400,TRUE,2
CHMP1A,5119,Q9HD42,ENSG00000131165,TRUE,2
CIAPIN1,57019,Q6FI81,ENSG00000005194,TRUE,0
CKAP4,10970,Q07065,ENSG00000136026,TRUE,0
CLIP2,7461,Q9UDT6,ENSG00000106665,TRUE,0
CLPP,8192,Q16740,ENSG00000125656,TRUE,0
CLTA,1211,P09496,ENSG00000122705,TRUE,0
CNPY2,10330,Q9Y2B0,ENSG00000257727,TRUE,0
CNST,163882,Q6PJW8,ENSG00000162852,TRUE,1
COL18A1,80781,P39060,ENSG00000182871,TRUE,4
COL4A1,1282,P02462,ENSG00000187498,TRUE,2
COL6A3,1293,P12111,ENSG00000163359,TRUE,1
COMT,1312,P21964,ENSG00000093010,TRUE,2
COPE,11316,O14579,ENSG00000105669,TRUE,0
CORO1A,11151,P31146,ENSG00000102879,TRUE,0
COX5B,1329,P10606,ENSG00000135940,TRUE,1
CPPED1,55313,Q9BRF8,ENSG00000103381,TRUE,0
CPVL,54504,Q9H3G5,ENSG00000106066,FALSE,0
CRADD,8738,P78560,ENSG00000169372,TRUE,1
CRELD2,79174,Q6UXH1,ENSG00000184164,TRUE,2
CRIP2,1397,P52943,ENSG00000182809,FALSE,0
CRKL,1399,P46109,ENSG00000099942,TRUE,5
CST3,1471,P01034,ENSG00000101439,TRUE,1
CSTB,1476,P04080,ENSG00000160213,TRUE,2
CTSB,1508,P07858,ENSG00000164733,TRUE,8
CTSC,1075,P53634,ENSG00000109861,TRUE,1
CTSD,1509,P07339,ENSG00000117984,TRUE,3
CTSF,8722,Q9UBX1,ENSG00000174080,TRUE,1
CTSH,1512,P09668,ENSG00000103811,TRUE,2
CTSL,1514,P07711,ENSG00000135047,TRUE,6
CTSZ,1522,Q9UBR2,ENSG00000101160,TRUE,1
DAB2,1601,P98082,ENSG00000153071,TRUE,0
DAG1,1605,Q14118,ENSG00000173402,TRUE,2
DARS1,1615,P14868,ENSG00000115866,TRUE,0
DBI,1622,P07108,ENSG00000155368,TRUE,3
DBNL,28988,Q9UJU6,ENSG00000136279,TRUE,0
DCTN1,1639,Q14203,ENSG00000204843,TRUE,4
DCTN2,10540,Q13561,ENSG00000175203,TRUE,2
DCTN6,10671,O00399,ENSG00000104671,TRUE,2
DCTPP1,79077,Q9H773,ENSG00000179958,TRUE,4
DCXR,51181,Q7Z4W1,ENSG00000169738,TRUE,2
DECR1,1666,Q16698,ENSG00000104325,TRUE,0
DFFA,1676,O00273,ENSG00000160049,TRUE,0
DIABLO,56616,Q9NR28,ENSG00000184047,TRUE,3
DNAJA2,10294,O60884,ENSG00000069345,TRUE,1
DNAJB1,3337,P25685,ENSG00000132002,TRUE,9
DNMBP,23268,Q6XZF7,ENSG00000107554,TRUE,0
DNPH1,10591,O43598,ENSG00000112667,FALSE,0
DPP7,29952,Q9UHL4,ENSG00000176978,TRUE,0
DPY30,84661,Q9C005,ENSG00000162961,TRUE,0
DRG2,1819,P55039,ENSG00000108591,TRUE,1
DUSP3,1845,P51452,ENSG00000108861,TRUE,1
EGLN1,54583,Q9GZT9,ENSG00000135766,TRUE,0
EIF4B,1975,P23588,ENSG00000063046,TRUE,1
EIF4G1,1981,Q04637,ENSG00000114867,TRUE,4
EIF5A,1984,P63241,ENSG00000132507,TRUE,1
ELOA,6924,Q14241,ENSG00000011007,TRUE,0
ENAH,55740,Q8N8S7,ENSG00000154380,TRUE,2
ENG,2022,P17813,ENSG00000106991,TRUE,6
ENO1,2023,P06733,ENSG00000074800,TRUE,2
ENO2,2026,P09104,ENSG00000111674,TRUE,3
ENTPD5,957,O75356,ENSG00000187097,TRUE,3
EPHX2,2053,P34913,ENSG00000120915,TRUE,4
ERBIN,55914,Q96RT1,ENSG00000112851,TRUE,0
ERP44,23071,Q9BS26,ENSG00000023318,TRUE,0
ESAM,90952,Q96AP7,ENSG00000149564,TRUE,0
EZR,7430,P15311,ENSG00000092820,TRUE,4
F11R,50848,Q9Y624,ENSG00000158769,TRUE,2
FABP5,2171,Q01469,ENSG00000164687,TRUE,0
FADD,8772,Q13158,ENSG00000168040,TRUE,5
FAM3C,10447,Q92520,ENSG00000196937,TRUE,0
FCGR3B,2215,O75015,ENSG00000162747,TRUE,7
FEN1,2237,P39748,ENSG00000168496,TRUE,2
FHIT,2272,P49789,ENSG00000189283,TRUE,1
FIS1,51024,Q9Y3D6,ENSG00000214253,TRUE,1
FKBP4,2288,Q02790,ENSG00000004478,TRUE,3
FKBP5,2289,Q13451,ENSG00000096060,TRUE,4
FKBP7,51661,Q9Y680,ENSG00000079150,FALSE,0
FOLR2,2350,P14207,ENSG00000165457,TRUE,1
FOXO1,2308,Q12778,ENSG00000150907,TRUE,6
FOXO3,2309,O43524,ENSG00000118689,TRUE,4
FUCA1,2517,P04066,ENSG00000179163,TRUE,0
FUS,2521,P35637,ENSG00000089280,TRUE,1
FXN,2395,Q16595,ENSG00000165060,TRUE,2
GALNT2,2590,Q10471,ENSG00000143641,TRUE,0
GBP4,115361,Q96PP9,ENSG00000162654,TRUE,0
GFER,2671,P55789,ENSG00000127554,TRUE,0
GGA1,26088,Q9UJY5,ENSG00000100083,TRUE,2
GGH,8836,Q92820,ENSG00000137563,TRUE,1
GGT5,2687,P36269,ENSG00000099998,TRUE,2
GLB1,2720,P16278,ENSG00000170266,TRUE,2
GLO1,2739,Q04760,ENSG00000124767,TRUE,2
GLOD4,51031,Q9HC38,ENSG00000167699,TRUE,0
GLRX,2745,P35754,ENSG00000173221,TRUE,1
GMPR,2766,P36959,ENSG00000137198,TRUE,5
GOLM2,113201,Q6P4E1,ENSG00000166734,FALSE,0
GOPC,57120,Q9HD26,ENSG00000047932,TRUE,1
GP1BA,2811,P07359,ENSG00000185245,TRUE,3
GPC1,2817,P35052,ENSG00000063660,TRUE,3
GPKOW,27238,Q92917,ENSG00000068394,TRUE,1
GPNMB,10457,Q14956,ENSG00000136235,TRUE,0
GRN,2896,P28799,ENSG00000030582,TRUE,2
GRPEL1,80273,Q9HAV7,ENSG00000109519,TRUE,1
GSTP1,2950,P09211,ENSG00000084207,TRUE,2
GYS1,2997,P13807,ENSG00000104812,TRUE,1
HAGH,3029,Q16775,ENSG00000063854,TRUE,1
HARS1,3035,P12081,ENSG00000170445,TRUE,0
HCLS1,3059,P14317,ENSG00000180353,TRUE,4
HDGF,3068,P51858,ENSG00000143321,TRUE,0
HEBP1,50865,Q9NRV9,ENSG00000013583,TRUE,0
HEXIM1,10614,O94992,ENSG00000186834,TRUE,0
HGS,9146,O14964,ENSG00000185359,TRUE,2
HLA-DRA,3122,P01903,ENSG00000204287,TRUE,3
HLA-E,3133,P13747,ENSG00000204592,TRUE,1
HMBS,3145,P08397,ENSG00000256269,TRUE,0
HMOX1,3162,P09601,ENSG00000100292,TRUE,3
HMOX2,3163,P30519,ENSG00000103415,TRUE,3
HNMT,3176,P50135,ENSG00000150540,TRUE,0
HNRNPK,3190,P61978,ENSG00000165119,TRUE,1
HPCAL1,3241,P37235,ENSG00000115756,FALSE,0
HSP90B1,7184,P14625,ENSG00000166598,TRUE,6
HSPA1A,3303,P0DMV8,ENSG00000204389,TRUE,3
HSPB1,3315,P04792,ENSG00000106211,TRUE,5
HSPB6,126393,O14558,ENSG00000004776,TRUE,2
HSPG2,3339,P98160,ENSG00000142798,TRUE,6
HTRA2,27429,O43464,ENSG00000115317,TRUE,1
HYOU1,10525,Q9Y4L1,ENSG00000149428,TRUE,3
ICAM1,3383,P05362,ENSG00000090339,TRUE,10
ICAM2,3384,P13598,ENSG00000108622,TRUE,4
IGF2R,3482,P11717,ENSG00000197081,TRUE,3
IGFBP3,3486,P17936,ENSG00000146674,TRUE,0
IGFBP4,3487,P22692,ENSG00000141753,TRUE,0
IGFBP6,3489,P24592,ENSG00000167779,TRUE,0
IGFBP7,3490,Q16270,ENSG00000163453,TRUE,0
IKBKG,8517,Q9Y6K9,ENSG00000269335,TRUE,5
IL16,3603,Q14005,ENSG00000172349,TRUE,1
IL18,3606,Q14116,ENSG00000150782,TRUE,1
ILKAP,80895,Q9H0C8,ENSG00000132323,FALSE,0
IMPA1,3612,P29218,ENSG00000133731,TRUE,1
INPP1,3628,P49441,ENSG00000151689,TRUE,1
INPPL1,3636,O15357,ENSG00000165458,TRUE,3
IQGAP2,10788,Q13576,ENSG00000145703,TRUE,0
ITGA5,3678,P08648,ENSG00000161638,TRUE,8
ITGA6,3655,P23229,ENSG00000091409,TRUE,7
ITGAM,3684,P11215,ENSG00000169896,TRUE,14
ITGAV,3685,P06756,ENSG00000138448,TRUE,12
ITGB1,3688,P05556,ENSG00000150093,TRUE,21
ITGB2,3689,P05107,ENSG00000160255,TRUE,11
ITGB5,3693,P18084,ENSG00000082781,TRUE,8
ITIH3,3699,Q06033,ENSG00000162267,FALSE,0
IVD,3712,P26440,ENSG00000128928,TRUE,0
JCHAIN,3512,P01591,ENSG00000132465,TRUE,0
KIFBP,26128,Q96EK5,ENSG00000198954,TRUE,0
KYAT1,883,Q16773,ENSG00000171097;ENSG00000286112,TRUE,4
LACTB2,51110,Q53H82,ENSG00000147592,FALSE,0
LAMP2,3920,P13473,ENSG00000005893,TRUE,1
LAP3,51056,P28838,ENSG00000002549,TRUE,2
LBR,3930,Q14739,ENSG00000143815,TRUE,0
LGALS1,3956,P09382,ENSG00000100097,TRUE,0
LGALS3,3958,P17931,ENSG00000131981,TRUE,2
LGALS8,3964,O00214,ENSG00000116977,TRUE,0
LGMN,5641,Q99538,ENSG00000100600,TRUE,4
LHPP,64077,Q9H008,ENSG00000107902,TRUE,0
LPCAT2,54947,Q7L5N7,ENSG00000087253,TRUE,0
LPL,4023,P06858,ENSG00000175445,TRUE,3
LRIG1,26018,Q96JA1,ENSG00000144749,TRUE,0
LRP1,4035,Q07954,ENSG00000123384,TRUE,5
LRPAP1,4043,P30533,ENSG00000163956,TRUE,1
LSM1,27257,O15116,ENSG00000175324,TRUE,0
LSP1,4046,P33241,ENSG00000130592,TRUE,1
LTA4H,4048,P09960,ENSG00000111144,TRUE,0
LTBP2,4053,Q14767,ENSG00000119681,TRUE,1
LXN,56925,Q9BS40,ENSG00000079257,TRUE,0
MAD1L1,8379,Q9Y6D9,ENSG00000002822,TRUE,1
MAEA,10296,Q7L5Y9,ENSG00000090316,TRUE,0
MAGED1,9500,Q9Y5V3,ENSG00000179222,TRUE,0
MANF,7873,P55145,ENSG00000145050,TRUE,2
MAP2K6,5608,P52564,ENSG00000108984,TRUE,3
MAP4K5,11183,Q9Y4K4,ENSG00000012983,TRUE,0
MAPK9,5601,P45984,ENSG00000050748,TRUE,7
MATN2,4147,O00339,ENSG00000132561,FALSE,0
MAVS,57506,Q7Z434,ENSG00000088888,TRUE,5
MAX,4149,P61244,ENSG00000125952,TRUE,1
MCAM,4162,P43121,ENSG00000076706,TRUE,5
MCFD2,90411,Q8NI22,ENSG00000180398,TRUE,0
MED18,54797,Q9BUE0,ENSG00000130772,TRUE,0
MESD,23184,Q14696,ENSG00000117899,TRUE,0
METAP1D,254042,Q6UB28,ENSG00000172878,TRUE,0
METAP2,10988,P50579,ENSG00000111142,TRUE,0
MFGE8,4240,Q08431,ENSG00000140545,TRUE,2
MGLL,11343,Q99685,ENSG00000074416,TRUE,4
MGMT,4255,P16455,ENSG00000170430,TRUE,0
MIF,4282,P14174,ENSG00000240972,TRUE,1
MME,4311,P08473,ENSG00000196549,TRUE,4
MMP9,4318,P14780,ENSG00000100985,TRUE,5
MNDA,4332,P41218,ENSG00000163563,TRUE,1
MPI,4351,P34949,ENSG00000178802,TRUE,2
MRPL46,26589,Q9H2W6,ENSG00000259494,TRUE,0
MSRA,4482,Q9UJ68,ENSG00000175806,TRUE,0
MVK,4598,Q03426,ENSG00000110921,TRUE,1
NAMPT,10135,P43490,ENSG00000105835,TRUE,5
NBN,4683,O60934,ENSG00000104320,TRUE,0
NCAM1,4684,P13591,ENSG00000149294,TRUE,5
NCF2,4688,P19878,ENSG00000116701,TRUE,2
NCK2,8440,O43639,ENSG00000071051,TRUE,0
NDRG1,10397,Q92597,ENSG00000104419,TRUE,0
NDUFS6,4726,O75380,ENSG00000145494,TRUE,2
NFATC1,4772,O95644,ENSG00000131196,TRUE,3
NFATC3,4775,Q12968,ENSG00000072736,TRUE,1
NID1,4811,P14543,ENSG00000116962,TRUE,4
NID2,22795,Q14112,ENSG00000087303,TRUE,2
NME3,4832,Q13232,ENSG00000103024,TRUE,3
NMNAT1,64802,Q9HAN9,ENSG00000173614,TRUE,5
NOMO1,23420,Q15155,ENSG00000103512,TRUE,0
NPM1,4869,P06748,ENSG00000181163,TRUE,4
NPTN,27020,Q9Y639,ENSG00000156642,TRUE,0
NRP1,8829,O14786,ENSG00000099250,TRUE,1
NSFL1C,55968,Q9UNZ2,ENSG00000088833,TRUE,0
NT5C3A,51251,Q9H0P0,ENSG00000122643,TRUE,6
NT5E,4907,P21589,ENSG00000135318,TRUE,16
NUB1,51667,Q9Y5A7,ENSG00000013374,TRUE,0
NUCB2,4925,P80303,ENSG00000070081,TRUE,0
NUDC,10726,Q9Y266,ENSG00000090273,TRUE,1
NUDT2,318,P50583,ENSG00000164978,TRUE,2
NUDT5,11164,Q9UKK9,ENSG00000165609,TRUE,0
OGFR,11054,Q9NZT2,ENSG00000060491,TRUE,0
P4HB,5034,P07237,ENSG00000185624,TRUE,2
PADI2,11240,Q9Y2J8,ENSG00000117115,FALSE,0
PARK7,11315,Q99497,ENSG00000116288,TRUE,1
PARP1,142,P09874,ENSG00000143799,TRUE,3
PCDH1,5097,Q08174,ENSG00000156453,FALSE,0
PCOLCE,5118,Q15113,ENSG00000106333,TRUE,0
PDCD5,9141,O14737,ENSG00000105185,TRUE,0
PDCD6,10016,O75340,ENSG00000249915,TRUE,0
PDLIM7,9260,Q9NR12,ENSG00000196923,TRUE,0
PDP1,54704,Q9P0J1,ENSG00000164951,TRUE,0
PEBP1,5037,P30086,ENSG00000089220,TRUE,0
PECAM1,5175,P16284,ENSG00000261371,TRUE,12
PFDN2,5202,Q9UHV9,ENSG00000143256,TRUE,2
PFKFB2,5208,O60825,ENSG00000123836,TRUE,2
PLA2G15,23659,Q8NCC3,ENSG00000103066,TRUE,0
PLAT,5327,P00750,ENSG00000104368,TRUE,1
PLIN1,5346,O60240,ENSG00000166819,TRUE,0
PLIN3,10226,O60664,ENSG00000105355,TRUE,1
PLPBP,11212,O94903,ENSG00000147471,TRUE,0
PLTP,5360,P55058,ENSG00000100979,TRUE,3
PMVK,10654,Q15126,ENSG00000163344,TRUE,1
PNPT1,87178,Q8TCS8,ENSG00000138035,TRUE,0
PODXL,5420,O00592,ENSG00000128567,TRUE,1
PON2,5445,Q15165,ENSG00000105854,FALSE,0
PPCDC,60490,Q96CD2,ENSG00000138621,TRUE,0
PPIB,5479,P23284,ENSG00000166794,TRUE,4
PPM1A,5494,P35813,ENSG00000100614,TRUE,1
PPME1,51400,Q9Y570,ENSG00000214517,TRUE,0
PPP1R12A,4659,O14974,ENSG00000058272,TRUE,0
PPP1R2,5504,P41236,ENSG00000184203,TRUE,0
PPP1R9B,84687,Q96SB3,ENSG00000108819,TRUE,0
PPP3R1,5534,P63098,ENSG00000221823,TRUE,2
PQBP1,10084,O60828,ENSG00000102103,TRUE,0
PRCP,5547,P42785,ENSG00000137509,TRUE,1
PRDX1,5052,Q06830,ENSG00000117450,TRUE,2
PRDX3,10935,P30048,ENSG00000165672,TRUE,3
PRDX5,25824,P30044,ENSG00000126432,TRUE,1
PRDX6,9588,P30041,ENSG00000117592,TRUE,2
PRKAB1,5564,Q9Y478,ENSG00000111725,TRUE,3
PRKAR1A,5573,P10644,ENSG00000108946,TRUE,0
PRKRA,8575,O75569,ENSG00000180228,TRUE,0
PSIP1,11168,O75475,ENSG00000164985,TRUE,0
PSMD9,5715,O00233,ENSG00000110801,TRUE,0
PSME1,5720,Q06323,ENSG00000092010,TRUE,1
PSME2,5721,Q9UL46,ENSG00000100911,TRUE,1
PTGDS,5730,P41222,ENSG00000107317,TRUE,0
PTPN1,5770,P18031,ENSG00000196396,TRUE,0
PTPN6,5777,P29350,ENSG00000111679,TRUE,3
PTPRM,5797,P28827,ENSG00000173482,TRUE,0
PVR,5817,P15151,ENSG00000073008,TRUE,0
PXN,5829,P49023,ENSG00000089159,TRUE,5
QDPR,5860,P09417,ENSG00000151552,TRUE,1
RAB6A,5870,P20340,ENSG00000175582,TRUE,1
RABGAP1L,9910,B7ZAP0;Q5R372,ENSG00000152061,FALSE,0
RAD23B,5887,P54727,ENSG00000119318,TRUE,1
RBKS,64080,Q9H477,ENSG00000171174,TRUE,0
RHOC,389,P08134,ENSG00000155366,TRUE,1
RIGI,23586,O95786,ENSG00000107201,TRUE,2
RILP,83547,Q96NA2,ENSG00000167705,TRUE,0
RNF41,10193,Q9H4P4,ENSG00000181852,TRUE,1
RP2,6102,O75695,ENSG00000102218,TRUE,0
RRM2B,50484,Q7LG56,ENSG00000048392,TRUE,4
RUVBL1,8607,Q9Y265,ENSG00000175792,TRUE,3
RWDD1,51389,Q9H446,ENSG00000111832,TRUE,1
S100A11,6282,P31949,ENSG00000163191,TRUE,0
S100A4,6275,P26447,ENSG00000196154,TRUE,0
SCAMP3,10067,O14828,ENSG00000116521,TRUE,0
SCARB2,950,Q14108,ENSG00000138760,TRUE,4
SCLY,51540,Q96I15,ENSG00000132330,TRUE,1
SCP2,6342,P22307,ENSG00000116171,TRUE,2
SCRN1,9805,Q12765,ENSG00000136193,FALSE,0
SEPTIN9,10801,Q9UHD8,ENSG00000184640,TRUE,0
SERPINB1,1992,P30740,ENSG00000021355,TRUE,0
SERPINB6,5269,P35237,ENSG00000124570,TRUE,0
SERPINB9,5272,P50453,ENSG00000170542,TRUE,0
SETMAR,6419,Q53H47,ENSG00000170364,TRUE,0
SF3B4,10262,Q15427,ENSG00000143368,TRUE,1
SHMT1,6470,P34896,ENSG00000176974,TRUE,0
SIAE,54414,Q9HAT2,ENSG00000110013,TRUE,0
SIRPA,140885,P78324,ENSG00000198053,TRUE,1
SIRT2,22933,Q8IXJ6,ENSG00000068903,TRUE,4
SIRT5,23408,Q9NXA8,ENSG00000124523,TRUE,3
SLC16A1,6566,P53985,ENSG00000155380,TRUE,1
SLC27A4,10999,Q6P1M0,ENSG00000167114,TRUE,0
SMAD5,4090,Q99717,ENSG00000113658,TRUE,1
SMARCA2,6595,P51531,ENSG00000080503,TRUE,0
SMOC1,64093,Q9H4F8,ENSG00000198732,TRUE,1
SNAP23,8773,O00161,ENSG00000092531,TRUE,3
SNAP29,9342,O95721,ENSG00000099940,TRUE,4
SNX9,51429,Q9Y5X1,ENSG00000130340,TRUE,1
SOD1,6647,P00441,ENSG00000142168,TRUE,5
SOD2,6648,P04179,ENSG00000112096,TRUE,4
SORD,6652,Q00796,ENSG00000140263,TRUE,2
SORT1,6272,Q99523,ENSG00000134243,TRUE,5
SPARC,6678,P09486,ENSG00000113140,TRUE,2
SRC,6714,P12931,ENSG00000197122,TRUE,12
SRP14,6727,P37108,ENSG00000140319,TRUE,0
SRPK2,6733,P78362,ENSG00000135250,TRUE,0
SSB,6741,P05455,ENSG00000138385,TRUE,2
SSC5D,284297,A1L4H1,ENSG00000179954,FALSE,0
STAMBP,10617,O95630,ENSG00000124356,TRUE,2
STAT5B,6777,P51692,ENSG00000173757,TRUE,1
STIP1,10963,P31948,ENSG00000168439,TRUE,6
STK24,8428,Q9Y6E0,ENSG00000102572,TRUE,2
STX16,8675,O14662,ENSG00000124222,TRUE,5
STX4,6810,Q12846,ENSG00000103496,TRUE,5
STX8,9482,Q9UNK0,ENSG00000170310,TRUE,3
SUGT1,10910,Q9Y2Z0,ENSG00000165416,TRUE,0
SULT1A1,6817,P50225,ENSG00000196502,TRUE,0
SUMF2,25870,Q8NBJ7,ENSG00000129103,TRUE,0
SUSD2,56241,Q9UGT4,ENSG00000099994,FALSE,0
TANK,10010,Q92844,ENSG00000136560,TRUE,4
TBC1D17,79735,Q9HA65,ENSG00000104946,TRUE,1
TBC1D23,55773,Q9NUY8,ENSG00000036054,TRUE,0
TBC1D5,9779,Q92609,ENSG00000131374,TRUE,0
TBCB,1155,Q99426,ENSG00000105254,TRUE,0
TBCC,6903,Q15814,ENSG00000124659,TRUE,0
TFRC,7037,P02786,ENSG00000072274,TRUE,1
TGFB1,7040,P01137,ENSG00000105329,TRUE,7
TGFBI,7045,Q15582,ENSG00000120708,TRUE,0
TGM2,7052,P21980,ENSG00000198959,TRUE,0
THBD,7056,P07204,ENSG00000178726,TRUE,1
THBS4,7060,P35443,ENSG00000113296,TRUE,2
THOP1,7064,P52888,ENSG00000172009,TRUE,0
TIA1,7072,P31483,ENSG00000116001,TRUE,1
TIGAR,57103,Q9NQ88,ENSG00000078237,TRUE,2
TJAP1,93643,Q5JTD0,ENSG00000137221,TRUE,0
TNXB,7148,P22105,ENSG00000168477,TRUE,2
TPMT,7172,P51580,ENSG00000137364,TRUE,2
TPP1,1200,O14773,ENSG00000166340,TRUE,0
TPPP3,51673,Q9BW30,ENSG00000159713,FALSE,0
TPT1,7178,P13693,ENSG00000133112,TRUE,2
TRAF2,7186,Q12933,ENSG00000127191,TRUE,8
TRIAP1,51499,O43715,ENSG00000170855,TRUE,0
TRIM21,6737,P19474,ENSG00000132109,TRUE,1
TST,7263,Q16762,ENSG00000128311,TRUE,1
TXLNA,200081,P40222,ENSG00000084652,TRUE,1
TXNDC5,81567,Q8NBS9,ENSG00000239264,TRUE,0
TXNRD1,7296,Q16881,ENSG00000198431,TRUE,5
TYMP,1890,P19971,ENSG00000025708,TRUE,4
UBAC1,10422,Q9BSL1,ENSG00000130560,TRUE,0
USO1,8615,O60763,ENSG00000138768,TRUE,0
USP8,9101,P40818,ENSG00000138592,TRUE,3
VAMP5,10791,O95183,ENSG00000168899,TRUE,0
VASN,114990,Q6EMK4,ENSG00000168140,FALSE,0
VAT1,10493,Q99536,ENSG00000108828,FALSE,0
VCAN,1462,P13611,ENSG00000038427,TRUE,1
VPS37A,137492,Q8NEZ2,ENSG00000155975,TRUE,1
VPS53,55275,Q5VIR6,ENSG00000141252,TRUE,1
VSIR,64115,Q9H7M9,ENSG00000107738,TRUE,0
VTA1,51534,Q9NP79,ENSG00000009844,TRUE,1
VWF,7450,P04275,ENSG00000110799,TRUE,6
WARS1,7453,P23381,ENSG00000140105,TRUE,0
WASF3,10810,Q9UPY6,ENSG00000132970,TRUE,1
WWP2,11060,O00308,ENSG00000198373,TRUE,0
YES1,7525,P07947,ENSG00000176105,TRUE,2
YTHDF3,253943,Q7Z739,ENSG00000185728,TRUE,0
ZBTB16,7704,Q05516,ENSG00000109906,TRUE,1
