tissue,assay,full_model,contrast,contrast_short,contrast_type,contrast_category,randomGroupCode,Timepoint,feature_id,logFC,CI.L_calculated,CI.R_calculated,degrees_of_freedom,logLik,t,AveExpr,z.std,p_value,adj_p_value,entrez_gene,gene_symbol,ensembl_gene,uniprot,refmet_name,refmet_id,kegg_id,custom_annotation,relationship_to_gene,flanking_sequence
blood,prot-ol,~ 0 + group_timepoint +  BMI + calculatedAge + Sex + (1 | pid),group_timepointADUEndur.during_20_min - group_timepointADUEndur.pre_exercise - group_timepointADUControl.during_20_min + group_timepointADUControl.pre_exercise,Endur.during_20_min - Control.during_20_min (delta-delta),exercise_with_controls,EE-CON,ADUEndur,during_20_min,OID20976,0.56809068997232,0.345205016860948,0.790976363083693,158.328543826814,-37.9659969364675,5.03373469468105,0.978677569101056,4.84192808790252,1.28585302244832e-06,0.0003644107465618,6376.0,CX3CL1,ENSG00000006210,P78423,,,,,,
blood,prot-ol,~ 0 + group_timepoint +  BMI + calculatedAge + Sex + (1 | pid),group_timepointADUEndur.during_20_min - group_timepointADUEndur.pre_exercise - group_timepointADUControl.during_20_min + group_timepointADUControl.pre_exercise,Endur.during_20_min - Control.during_20_min (delta-delta),exercise_with_controls,EE-CON,ADUEndur,during_20_min,OID20861,0.555706463685478,0.157528504717185,0.953884422653771,158.270132060205,-155.54364403536,2.75613906999944,0.280885067538706,2.72013822483624,0.0065254632674835,0.142116584068498,2668.0,GDNF,ENSG00000168621,P39905,,,,,,
blood,prot-ol,~ 0 + group_timepoint +  BMI + calculatedAge + Sex + (1 | pid),group_timepointADUEndur.during_20_min - group_timepointADUEndur.pre_exercise - group_timepointADUControl.during_20_min + group_timepointADUControl.pre_exercise,Endur.during_20_min - Control.during_20_min (delta-delta),exercise_with_controls,EE-CON,ADUEndur,during_20_min,OID20650,0.350226684979893,0.0550654411138014,0.645387928845985,160.609765759998,-74.2319885689705,2.34318203834683,0.381278987133435,2.32003145556336,0.0203391757731097,0.21792751038159,7422.0,VEGFA,ENSG00000112715,P15692,,,,,,
blood,prot-ol,~ 0 + group_timepoint +  BMI + calculatedAge + Sex + (1 | pid),group_timepointADUEndur.during_20_min - group_timepointADUEndur.pre_exercise - group_timepointADUControl.during_20_min + group_timepointADUControl.pre_exercise,Endur.during_20_min - Control.during_20_min (delta-delta),exercise_with_controls,EE-CON,ADUEndur,during_20_min,OID20276,0.349570731175738,-0.126649400669387,0.825790863020862,159.054824911626,-177.766033828465,1.4496190010755,0.0238781768068291,1.44267902395409,0.149110910829957,0.479768198062501,1508.0,CTSB,ENSG00000164733,P07858,,,,,,
blood,prot-ol,~ 0 + group_timepoint +  BMI + calculatedAge + Sex + (1 | pid),group_timepointADUEndur.during_20_min - group_timepointADUEndur.pre_exercise - group_timepointADUControl.during_20_min + group_timepointADUControl.pre_exercise,Endur.during_20_min - Control.during_20_min (delta-delta),exercise_with_controls,EE-CON,ADUEndur,during_20_min,OID20251,0.15304295237011,-0.181684542174351,0.487770446914572,159.216223216616,-106.654658391585,0.902915472389142,0.0822438201154319,0.900376794419826,0.367919765819177,0.65187793518558,9518.0,GDF15,ENSG00000130513,Q99988,,,,,,
blood,prot-ol,~ 0 + group_timepoint +  BMI + calculatedAge + Sex + (1 | pid),group_timepointADUEndur.during_20_min - group_timepointADUEndur.pre_exercise - group_timepointADUControl.during_20_min + group_timepointADUControl.pre_exercise,Endur.during_20_min - Control.during_20_min (delta-delta),exercise_with_controls,EE-CON,ADUEndur,during_20_min,OID20718,0.240037839316199,-0.537748656951782,1.01782433558418,170.291349210218,-250.309834876715,0.609407382772457,1.0739241342672,0.608125934637658,0.543103952620752,0.753141471368083,3303.0,HSPA1A,ENSG00000204389,P0DMV8,,,,,,
blood,prot-ol,~ 0 + group_timepoint +  BMI + calculatedAge + Sex + (1 | pid),group_timepointADUEndur.during_20_min - group_timepointADUEndur.pre_exercise - group_timepointADUControl.during_20_min + group_timepointADUControl.pre_exercise,Endur.during_20_min - Control.during_20_min (delta-delta),exercise_with_controls,EE-CON,ADUEndur,during_20_min,OID20503,0.174116613182695,-0.39177189420718,0.74000512057257,166.059909913982,-191.939045786906,0.607535799970241,1.15840801297836,0.606270531917581,0.544335123291799,0.75379895253061,2247.0,FGF2,ENSG00000138685,P09038,,,,,,
blood,prot-ol,~ 0 + group_timepoint +  BMI + calculatedAge + Sex + (1 | pid),group_timepointADUEndur.during_20_min - group_timepointADUEndur.pre_exercise - group_timepointADUControl.during_20_min + group_timepointADUControl.pre_exercise,Endur.during_20_min - Control.during_20_min (delta-delta),exercise_with_controls,EE-CON,ADUEndur,during_20_min,OID20106,-0.0668225151861961,-0.309305388916356,0.175660358543964,164.725960486894,-25.7129155306352,-0.544184353870487,-0.216419595630721,-0.543097378406598,0.587062757556637,0.786264581718105,1634.0,DCN,ENSG00000011465,P07585,,,,,,
blood,prot-ol,~ 0 + group_timepoint +  BMI + calculatedAge + Sex + (1 | pid),group_timepointADUEndur.during_20_min - group_timepointADUEndur.pre_exercise - group_timepointADUControl.during_20_min + group_timepointADUControl.pre_exercise,Endur.during_20_min - Control.during_20_min (delta-delta),exercise_with_controls,EE-CON,ADUEndur,during_20_min,OID21276,0.125595818687018,-0.416759744974001,0.667951382348037,159.523321918888,-199.821579064646,0.457341101298177,1.11956377065637,0.456477056325259,0.648046965880394,0.826536949282195,3569.0,IL6,ENSG00000136244,P05231,,,,,,
blood,prot-ol,~ 0 + group_timepoint +  BMI + calculatedAge + Sex + (1 | pid),group_timepointADUEndur.during_20_min - group_timepointADUEndur.pre_exercise - group_timepointADUControl.during_20_min + group_timepointADUControl.pre_exercise,Endur.during_20_min - Control.during_20_min (delta-delta),exercise_with_controls,EE-CON,ADUEndur,during_20_min,OID20101,-0.105669356412867,-0.695388979694941,0.484050266869207,159.919935280084,-214.046655276383,-0.353893079730813,1.25300852006986,-0.353267137154281,0.723888179999203,0.870016582747134,3569.0,IL6,ENSG00000136244,P05231,,,,,,
blood,prot-ol,~ 0 + group_timepoint +  BMI + calculatedAge + Sex + (1 | pid),group_timepointADUEndur.during_20_min - group_timepointADUEndur.pre_exercise - group_timepointADUControl.during_20_min + group_timepointADUControl.pre_exercise,Endur.during_20_min - Control.during_20_min (delta-delta),exercise_with_controls,EE-CON,ADUEndur,during_20_min,OID20911,0.100901337348849,-0.491748739457627,0.693551414155325,160.356677189849,-213.034762677845,0.336239421817889,1.38402885755428,0.335654399325891,0.73713149670711,0.875536740011714,3569.0,IL6,ENSG00000136244,P05231,,,,,,
blood,prot-ol,~ 0 + group_timepoint +  BMI + calculatedAge + Sex + (1 | pid),group_timepointADUEndur.during_20_min - group_timepointADUEndur.pre_exercise - group_timepointADUControl.during_20_min + group_timepointADUControl.pre_exercise,Endur.during_20_min - Control.during_20_min (delta-delta),exercise_with_controls,EE-CON,ADUEndur,during_20_min,OID20770,-0.0415174384610635,-0.307250102454683,0.224215225532556,158.103452516588,-84.3619319595185,-0.308547395491023,0.0120515524807941,-0.308021344470264,0.758066090897693,0.889314588348536,10468.0,FST,ENSG00000134363,P19883,,,,,,
blood,prot-ol,~ 0 + group_timepoint +  BMI + calculatedAge + Sex + (1 | pid),group_timepointADUEndur.during_20_min - group_timepointADUEndur.pre_exercise - group_timepointADUControl.during_20_min + group_timepointADUControl.pre_exercise,Endur.during_20_min - Control.during_20_min (delta-delta),exercise_with_controls,EE-CON,ADUEndur,during_20_min,OID20563,-0.0876407539599338,-0.737129975893161,0.561848467973293,161.19683892271,-228.076556182767,-0.266489450762177,1.39510537074489,-0.26604383146419,0.790205452396175,0.901627508042289,3569.0,IL6,ENSG00000136244,P05231,,,,,,
blood,prot-ol,~ 0 + group_timepoint +  BMI + calculatedAge + Sex + (1 | pid),group_timepointADUEndur.during_40_min - group_timepointADUEndur.pre_exercise - group_timepointADUControl.during_40_min + group_timepointADUControl.pre_exercise,Endur.during_40_min - Control.during_40_min (delta-delta),exercise_with_controls,EE-CON,ADUEndur,during_40_min,OID20976,0.560544271107797,0.332354424806367,0.788734117409227,158.328543826814,-37.9659969364675,4.85132618861542,0.978677569101056,4.67856818738367,2.88885102950083e-06,0.0002274167727112,6376.0,CX3CL1,ENSG00000006210,P78423,,,,,,
blood,prot-ol,~ 0 + group_timepoint +  BMI + calculatedAge + Sex + (1 | pid),group_timepointADUEndur.during_40_min - group_timepointADUEndur.pre_exercise - group_timepointADUControl.during_40_min + group_timepointADUControl.pre_exercise,Endur.during_40_min - Control.during_40_min (delta-delta),exercise_with_controls,EE-CON,ADUEndur,during_40_min,OID20650,0.369481878982513,0.0676246374294683,0.671339120535557,160.609765759998,-74.2319885689705,2.41706483113273,0.381278987133435,2.3920646219637,0.0167538922339456,0.10102240551277,7422.0,VEGFA,ENSG00000112715,P15692,,,,,,
blood,prot-ol,~ 0 + group_timepoint +  BMI + calculatedAge + Sex + (1 | pid),group_timepointADUEndur.during_40_min - group_timepointADUEndur.pre_exercise - group_timepointADUControl.during_40_min + group_timepointADUControl.pre_exercise,Endur.during_40_min - Control.during_40_min (delta-delta),exercise_with_controls,EE-CON,ADUEndur,during_40_min,OID20251,0.359733625546562,0.0172325886000972,0.702234662493028,159.216223216616,-106.654658391585,2.07410301436616,0.0822438201154319,2.05732450158083,0.0396550220395438,0.157398224733988,9518.0,GDF15,ENSG00000130513,Q99988,,,,,,
blood,prot-ol,~ 0 + group_timepoint +  BMI + calculatedAge + Sex + (1 | pid),group_timepointADUEndur.during_40_min - group_timepointADUEndur.pre_exercise - group_timepointADUControl.during_40_min + group_timepointADUControl.pre_exercise,Endur.during_40_min - Control.during_40_min (delta-delta),exercise_with_controls,EE-CON,ADUEndur,during_40_min,OID20276,0.509221110600887,0.0219028896023544,0.99653933159942,159.054824911626,-177.766033828465,2.06351293168048,0.0238781768068291,2.04694440907906,0.0406635430804824,0.160082296194137,1508.0,CTSB,ENSG00000164733,P07858,,,,,,
blood,prot-ol,~ 0 + group_timepoint +  BMI + calculatedAge + Sex + (1 | pid),group_timepointADUEndur.during_40_min - group_timepointADUEndur.pre_exercise - group_timepointADUControl.during_40_min + group_timepointADUControl.pre_exercise,Endur.during_40_min - Control.during_40_min (delta-delta),exercise_with_controls,EE-CON,ADUEndur,during_40_min,OID21276,0.452793441784712,-0.102080976370346,1.00766785993977,159.523321918888,-199.821579064646,1.61153041681923,1.11956377065637,1.6025787048311,0.109027698372997,0.305925244741658,3569.0,IL6,ENSG00000136244,P05231,,,,,,
blood,prot-ol,~ 0 + group_timepoint +  BMI + calculatedAge + Sex + (1 | pid),group_timepointADUEndur.during_40_min - group_timepointADUEndur.pre_exercise - group_timepointADUControl.during_40_min + group_timepointADUControl.pre_exercise,Endur.during_40_min - Control.during_40_min (delta-delta),exercise_with_controls,EE-CON,ADUEndur,during_40_min,OID20911,0.35010655378678,-0.256036139966126,0.956249247539685,160.356677189849,-213.034762677845,1.14065909439381,1.38402885755428,1.13659263525179,0.255708620254058,0.517627307000001,3569.0,IL6,ENSG00000136244,P05231,,,,,,
blood,prot-ol,~ 0 + group_timepoint +  BMI + calculatedAge + Sex + (1 | pid),group_timepointADUEndur.during_40_min - group_timepointADUEndur.pre_exercise - group_timepointADUControl.during_40_min + group_timepointADUControl.pre_exercise,Endur.during_40_min - Control.during_40_min (delta-delta),exercise_with_controls,EE-CON,ADUEndur,during_40_min,OID20563,0.373367585752003,-0.290739411281568,1.03747458278557,161.19683892271,-228.076556182767,1.11025372037873,1.39510537074489,1.1064205257304,0.268544545388243,0.533699327931472,3569.0,IL6,ENSG00000136244,P05231,,,,,,
blood,prot-ol,~ 0 + group_timepoint +  BMI + calculatedAge + Sex + (1 | pid),group_timepointADUEndur.during_40_min - group_timepointADUEndur.pre_exercise - group_timepointADUControl.during_40_min + group_timepointADUControl.pre_exercise,Endur.during_40_min - Control.during_40_min (delta-delta),exercise_with_controls,EE-CON,ADUEndur,during_40_min,OID20770,0.148893056694971,-0.123237950430284,0.421024063820226,158.103452516588,-84.3619319595185,1.08050873634717,0.0120515524807941,1.07687744482858,0.281535020843669,0.539463036770425,10468.0,FST,ENSG00000134363,P19883,,,,,,
blood,prot-ol,~ 0 + group_timepoint +  BMI + calculatedAge + Sex + (1 | pid),group_timepointADUEndur.during_40_min - group_timepointADUEndur.pre_exercise - group_timepointADUControl.during_40_min + group_timepointADUControl.pre_exercise,Endur.during_40_min - Control.during_40_min (delta-delta),exercise_with_controls,EE-CON,ADUEndur,during_40_min,OID20718,0.406449515083253,-0.387567335679134,1.20046636584564,170.291349210218,-250.309834876715,1.01071925919879,1.0739241342672,1.00762488480986,0.313634577827272,0.575912694204965,3303.0,HSPA1A,ENSG00000204389,P0DMV8,,,,,,
blood,prot-ol,~ 0 + group_timepoint +  BMI + calculatedAge + Sex + (1 | pid),group_timepointADUEndur.during_40_min - group_timepointADUEndur.pre_exercise - group_timepointADUControl.during_40_min + group_timepointADUControl.pre_exercise,Endur.during_40_min - Control.during_40_min (delta-delta),exercise_with_controls,EE-CON,ADUEndur,during_40_min,OID20861,0.192215512591847,-0.215461961100752,0.599892986284446,158.270132060205,-155.54364403536,0.931102808391382,0.280885067538706,0.928410074704022,0.353194894508559,0.614082411679298,2668.0,GDNF,ENSG00000168621,P39905,,,,,,
blood,prot-ol,~ 0 + group_timepoint +  BMI + calculatedAge + Sex + (1 | pid),group_timepointADUEndur.during_40_min - group_timepointADUEndur.pre_exercise - group_timepointADUControl.during_40_min + group_timepointADUControl.pre_exercise,Endur.during_40_min - Control.during_40_min (delta-delta),exercise_with_controls,EE-CON,ADUEndur,during_40_min,OID20503,0.21752917159594,-0.360516513713437,0.795574856905317,166.059909913982,-191.939045786906,0.743001345912483,1.15840801297836,0.741263270750064,0.458533827087468,0.68901636583557,2247.0,FGF2,ENSG00000138685,P09038,,,,,,
blood,prot-ol,~ 0 + group_timepoint +  BMI + calculatedAge + Sex + (1 | pid),group_timepointADUEndur.during_40_min - group_timepointADUEndur.pre_exercise - group_timepointADUControl.during_40_min + group_timepointADUControl.pre_exercise,Endur.during_40_min - Control.during_40_min (delta-delta),exercise_with_controls,EE-CON,ADUEndur,during_40_min,OID20101,0.178861272172516,-0.424375598009962,0.782098142354994,159.919935280084,-214.046655276383,0.585569784803275,1.25300852006986,0.584341073196944,0.558990863644051,0.73680020608282,3569.0,IL6,ENSG00000136244,P05231,,,,,,
blood,prot-ol,~ 0 + group_timepoint +  BMI + calculatedAge + Sex + (1 | pid),group_timepointADUEndur.during_40_min - group_timepointADUEndur.pre_exercise - group_timepointADUControl.during_40_min + group_timepointADUControl.pre_exercise,Endur.during_40_min - Control.during_40_min (delta-delta),exercise_with_controls,EE-CON,ADUEndur,during_40_min,OID20106,0.0120010479519653,-0.235746680279177,0.259748776183107,164.725960486894,-25.7129155306352,0.0956501170369781,-0.216419595630721,0.095502576664818,0.923915643734171,0.964898272085216,1634.0,DCN,ENSG00000011465,P07585,,,,,,
blood,prot-ol,~ 0 + group_timepoint +  BMI + calculatedAge + Sex + (1 | pid),group_timepointADUEndur.post_10_min - group_timepointADUEndur.pre_exercise - group_timepointADUControl.post_10_min + group_timepointADUControl.pre_exercise,Endur.post_10_min - Control.post_10_min (delta-delta),exercise_with_controls,EE-CON,ADUEndur,post_10_min,OID20861,0.68323622559024,0.285058266621827,1.08141418455865,158.270132060205,-155.54364403536,3.38864882531583,0.280885067538706,3.3251686086988,0.0008836507861497,0.057578037561428,2668.0,GDNF,ENSG00000168621,P39905,,,,,,
blood,prot-ol,~ 0 + group_timepoint +  BMI + calculatedAge + Sex + (1 | pid),group_timepointADUEndur.post_10_min - group_timepointADUEndur.pre_exercise - group_timepointADUControl.post_10_min + group_timepointADUControl.pre_exercise,Endur.post_10_min - Control.post_10_min (delta-delta),exercise_with_controls,EE-CON,ADUEndur,post_10_min,OID20976,0.301787118543749,0.0789014454323654,0.524672791655132,158.328543826814,-37.9659969364675,2.67407355169913,0.978677569101056,2.64069228296428,0.0082736828351148,0.260529079496838,6376.0,CX3CL1,ENSG00000006210,P78423,,,,,,
blood,prot-ol,~ 0 + group_timepoint +  BMI + calculatedAge + Sex + (1 | pid),group_timepointADUEndur.post_10_min - group_timepointADUEndur.pre_exercise - group_timepointADUControl.post_10_min + group_timepointADUControl.pre_exercise,Endur.post_10_min - Control.post_10_min (delta-delta),exercise_with_controls,EE-CON,ADUEndur,post_10_min,OID20503,-0.500659577293495,-1.06654808468334,0.0652289300963537,166.059909913982,-191.939045786906,-1.74692472615816,1.15840801297836,-1.73624146491506,0.0825211483819,0.667689336558787,2247.0,FGF2,ENSG00000138685,P09038,,,,,,
blood,prot-ol,~ 0 + group_timepoint +  BMI + calculatedAge + Sex + (1 | pid),group_timepointADUEndur.post_10_min - group_timepointADUEndur.pre_exercise - group_timepointADUControl.post_10_min + group_timepointADUControl.pre_exercise,Endur.post_10_min - Control.post_10_min (delta-delta),exercise_with_controls,EE-CON,ADUEndur,post_10_min,OID20911,0.383223956396468,-0.209426120409808,0.975874033202743,160.356677189849,-213.034762677845,1.27703958055599,1.38402885755428,1.27180901778917,0.203440984130717,0.739140563098894,3569.0,IL6,ENSG00000136244,P05231,,,,,,
blood,prot-ol,~ 0 + group_timepoint +  BMI + calculatedAge + Sex + (1 | pid),group_timepointADUEndur.post_10_min - group_timepointADUEndur.pre_exercise - group_timepointADUControl.post_10_min + group_timepointADUControl.pre_exercise,Endur.post_10_min - Control.post_10_min (delta-delta),exercise_with_controls,EE-CON,ADUEndur,post_10_min,OID20650,0.190586208789417,-0.104575035076669,0.485747452655503,160.609765759998,-74.2319885689705,1.27511180713605,0.381278987133435,1.26995193187046,0.204101752909085,0.739140563098894,7422.0,VEGFA,ENSG00000112715,P15692,,,,,,
blood,prot-ol,~ 0 + group_timepoint +  BMI + calculatedAge + Sex + (1 | pid),group_timepointADUEndur.post_10_min - group_timepointADUEndur.pre_exercise - group_timepointADUControl.post_10_min + group_timepointADUControl.pre_exercise,Endur.post_10_min - Control.post_10_min (delta-delta),exercise_with_controls,EE-CON,ADUEndur,post_10_min,OID20718,-0.478037160683802,-1.25582365695174,0.299749335584138,170.291349210218,-250.309834876715,-1.21363938198319,1.0739241342672,-1.2090512027755,0.226643174663744,0.746868322089593,3303.0,HSPA1A,ENSG00000204389,P0DMV8,,,,,,
blood,prot-ol,~ 0 + group_timepoint +  BMI + calculatedAge + Sex + (1 | pid),group_timepointADUEndur.post_10_min - group_timepointADUEndur.pre_exercise - group_timepointADUControl.post_10_min + group_timepointADUControl.pre_exercise,Endur.post_10_min - Control.post_10_min (delta-delta),exercise_with_controls,EE-CON,ADUEndur,post_10_min,OID21276,0.306739866306066,-0.23561569735501,0.849095429967141,159.523321918888,-199.821579064646,1.11695396976597,1.11956377065637,1.11304207722951,0.265690358506782,0.776260216576367,3569.0,IL6,ENSG00000136244,P05231,,,,,,
blood,prot-ol,~ 0 + group_timepoint +  BMI + calculatedAge + Sex + (1 | pid),group_timepointADUEndur.post_10_min - group_timepointADUEndur.pre_exercise - group_timepointADUControl.post_10_min + group_timepointADUControl.pre_exercise,Endur.post_10_min - Control.post_10_min (delta-delta),exercise_with_controls,EE-CON,ADUEndur,post_10_min,OID20101,0.32227350072999,-0.267446122551981,0.911993124011961,159.919935280084,-214.046655276383,1.07931348841905,1.25300852006986,1.07565028626859,0.282083688757282,0.786744953895692,3569.0,IL6,ENSG00000136244,P05231,,,,,,
blood,prot-ol,~ 0 + group_timepoint +  BMI + calculatedAge + Sex + (1 | pid),group_timepointADUEndur.post_10_min - group_timepointADUEndur.pre_exercise - group_timepointADUControl.post_10_min + group_timepointADUControl.pre_exercise,Endur.post_10_min - Control.post_10_min (delta-delta),exercise_with_controls,EE-CON,ADUEndur,post_10_min,OID20563,0.289940198421018,-0.359549023512271,0.939429420354308,161.19683892271,-228.076556182767,0.881621856726804,1.39510537074489,0.879179437431765,0.379303991708285,0.818760812452684,3569.0,IL6,ENSG00000136244,P05231,,,,,,
blood,prot-ol,~ 0 + group_timepoint +  BMI + calculatedAge + Sex + (1 | pid),group_timepointADUEndur.post_10_min - group_timepointADUEndur.pre_exercise - group_timepointADUControl.post_10_min + group_timepointADUControl.pre_exercise,Endur.post_10_min - Control.post_10_min (delta-delta),exercise_with_controls,EE-CON,ADUEndur,post_10_min,OID20251,0.114607238084396,-0.220120256460088,0.449334732628881,159.216223216616,-106.654658391585,0.67615428813694,0.0822438201154319,0.674626782704687,0.499912912583088,0.866788262939294,9518.0,GDF15,ENSG00000130513,Q99988,,,,,,
blood,prot-ol,~ 0 + group_timepoint +  BMI + calculatedAge + Sex + (1 | pid),group_timepointADUEndur.post_10_min - group_timepointADUEndur.pre_exercise - group_timepointADUControl.post_10_min + group_timepointADUControl.pre_exercise,Endur.post_10_min - Control.post_10_min (delta-delta),exercise_with_controls,EE-CON,ADUEndur,post_10_min,OID20106,0.0437501038614231,-0.198732769868754,0.286232977591601,164.725960486894,-25.7129155306352,0.356288923505133,-0.216419595630721,0.355669955153614,0.72208774792583,0.942939154549897,1634.0,DCN,ENSG00000011465,P07585,,,,,,
blood,prot-ol,~ 0 + group_timepoint +  BMI + calculatedAge + Sex + (1 | pid),group_timepointADUEndur.post_10_min - group_timepointADUEndur.pre_exercise - group_timepointADUControl.post_10_min + group_timepointADUControl.pre_exercise,Endur.post_10_min - Control.post_10_min (delta-delta),exercise_with_controls,EE-CON,ADUEndur,post_10_min,OID20770,-0.047031724175349,-0.312764388168949,0.218700939818251,158.103452516588,-84.3619319595185,-0.349528211220582,0.0120515524807941,-0.348917644463703,0.727151138300474,0.942939154549897,10468.0,FST,ENSG00000134363,P19883,,,,,,
blood,prot-ol,~ 0 + group_timepoint +  BMI + calculatedAge + Sex + (1 | pid),group_timepointADUEndur.post_10_min - group_timepointADUEndur.pre_exercise - group_timepointADUControl.post_10_min + group_timepointADUControl.pre_exercise,Endur.post_10_min - Control.post_10_min (delta-delta),exercise_with_controls,EE-CON,ADUEndur,post_10_min,OID20276,0.0545623978424048,-0.421657734002742,0.530782529687552,159.054824911626,-177.766033828465,0.226262331490299,0.0238781768068291,0.22589313458134,0.82128453763889,0.975513615459351,1508.0,CTSB,ENSG00000164733,P07858,,,,,,
blood,prot-ol,~ 0 + group_timepoint +  BMI + calculatedAge + Sex + (1 | pid),group_timepointADUEndur.post_15_30_45_min - group_timepointADUEndur.pre_exercise - group_timepointADUControl.post_15_30_45_min + group_timepointADUControl.pre_exercise,Endur.post_15_30_45_min - Control.post_15_30_45_min (delta-delta),exercise_with_controls,EE-CON,ADUEndur,post_15_30_45_min,OID20861,0.504051361187501,0.0980772028723803,0.910025519502622,158.270132060205,-155.54364403536,2.45192547294467,0.280885067538706,2.42568301372429,0.0152796095669379,0.399898629477949,2668.0,GDNF,ENSG00000168621,P39905,,,,,,
blood,prot-ol,~ 0 + group_timepoint +  BMI + calculatedAge + Sex + (1 | pid),group_timepointADUEndur.post_15_30_45_min - group_timepointADUEndur.pre_exercise - group_timepointADUControl.post_15_30_45_min + group_timepointADUControl.pre_exercise,Endur.post_15_30_45_min - Control.post_15_30_45_min (delta-delta),exercise_with_controls,EE-CON,ADUEndur,post_15_30_45_min,OID20976,0.228112838021904,0.0008669619263706,0.455358714117436,158.328543826814,-37.9659969364675,1.98246820009682,0.978677569101056,1.96735143851061,0.0491427086991057,0.486348189620916,6376.0,CX3CL1,ENSG00000006210,P78423,,,,,,
blood,prot-ol,~ 0 + group_timepoint +  BMI + calculatedAge + Sex + (1 | pid),group_timepointADUEndur.post_15_30_45_min - group_timepointADUEndur.pre_exercise - group_timepointADUControl.post_15_30_45_min + group_timepointADUControl.pre_exercise,Endur.post_15_30_45_min - Control.post_15_30_45_min (delta-delta),exercise_with_controls,EE-CON,ADUEndur,post_15_30_45_min,OID20650,0.209718033850161,-0.0911307972559682,0.510566864956291,160.609765759998,-74.2319885689705,1.37657171072088,0.381278987133435,1.37044440153013,0.170548219758577,0.673836540985437,7422.0,VEGFA,ENSG00000112715,P15692,,,,,,
blood,prot-ol,~ 0 + group_timepoint +  BMI + calculatedAge + Sex + (1 | pid),group_timepointADUEndur.post_15_30_45_min - group_timepointADUEndur.pre_exercise - group_timepointADUControl.post_15_30_45_min + group_timepointADUControl.pre_exercise,Endur.post_15_30_45_min - Control.post_15_30_45_min (delta-delta),exercise_with_controls,EE-CON,ADUEndur,post_15_30_45_min,OID21276,0.313118492501761,-0.239741439787953,0.865978424791475,159.523321918888,-199.821579064646,1.11850663033468,1.11956377065637,1.1145882334299,0.265026914917374,0.755931471841525,3569.0,IL6,ENSG00000136244,P05231,,,,,,
blood,prot-ol,~ 0 + group_timepoint +  BMI + calculatedAge + Sex + (1 | pid),group_timepointADUEndur.post_15_30_45_min - group_timepointADUEndur.pre_exercise - group_timepointADUControl.post_15_30_45_min + group_timepointADUControl.pre_exercise,Endur.post_15_30_45_min - Control.post_15_30_45_min (delta-delta),exercise_with_controls,EE-CON,ADUEndur,post_15_30_45_min,OID20770,-0.150218246832525,-0.421171061429548,0.120734567764499,158.103452516588,-84.3619319595185,-1.09487358249292,0.0120515524807941,-1.09113782107619,0.275212242922687,0.765148613760643,10468.0,FST,ENSG00000134363,P19883,,,,,,
blood,prot-ol,~ 0 + group_timepoint +  BMI + calculatedAge + Sex + (1 | pid),group_timepointADUEndur.post_15_30_45_min - group_timepointADUEndur.pre_exercise - group_timepointADUControl.post_15_30_45_min + group_timepointADUControl.pre_exercise,Endur.post_15_30_45_min - Control.post_15_30_45_min (delta-delta),exercise_with_controls,EE-CON,ADUEndur,post_15_30_45_min,OID20101,0.214352771871284,-0.386764492265487,0.815470036008055,159.919935280084,-214.046655276383,0.704261293583961,1.25300852006986,0.702608864165988,0.48229953686953,0.894767619118963,3569.0,IL6,ENSG00000136244,P05231,,,,,,
blood,prot-ol,~ 0 + group_timepoint +  BMI + calculatedAge + Sex + (1 | pid),group_timepointADUEndur.post_15_30_45_min - group_timepointADUEndur.pre_exercise - group_timepointADUControl.post_15_30_45_min + group_timepointADUControl.pre_exercise,Endur.post_15_30_45_min - Control.post_15_30_45_min (delta-delta),exercise_with_controls,EE-CON,ADUEndur,post_15_30_45_min,OID20106,0.0827075878039177,-0.164395996363101,0.329811171970936,164.725960486894,-25.7129155306352,0.660944294602138,-0.216419595630721,0.659483807169329,0.509585140951836,0.899451636601312,1634.0,DCN,ENSG00000011465,P07585,,,,,,
blood,prot-ol,~ 0 + group_timepoint +  BMI + calculatedAge + Sex + (1 | pid),group_timepointADUEndur.post_15_30_45_min - group_timepointADUEndur.pre_exercise - group_timepointADUControl.post_15_30_45_min + group_timepointADUControl.pre_exercise,Endur.post_15_30_45_min - Control.post_15_30_45_min (delta-delta),exercise_with_controls,EE-CON,ADUEndur,post_15_30_45_min,OID20911,0.1491919320721,-0.454889742350584,0.753273606494784,160.356677189849,-213.034762677845,0.487747310033246,1.38402885755428,0.486805095483707,0.626396459028522,0.927889075420117,3569.0,IL6,ENSG00000136244,P05231,,,,,,
blood,prot-ol,~ 0 + group_timepoint +  BMI + calculatedAge + Sex + (1 | pid),group_timepointADUEndur.post_15_30_45_min - group_timepointADUEndur.pre_exercise - group_timepointADUControl.post_15_30_45_min + group_timepointADUControl.pre_exercise,Endur.post_15_30_45_min - Control.post_15_30_45_min (delta-delta),exercise_with_controls,EE-CON,ADUEndur,post_15_30_45_min,OID20563,0.14741775312303,-0.51455919505959,0.80939470130565,161.19683892271,-228.076556182767,0.439792202303244,1.39510537074489,0.438974219125565,0.660680216949839,0.933519308351035,3569.0,IL6,ENSG00000136244,P05231,,,,,,
blood,prot-ol,~ 0 + group_timepoint +  BMI + calculatedAge + Sex + (1 | pid),group_timepointADUEndur.post_15_30_45_min - group_timepointADUEndur.pre_exercise - group_timepointADUControl.post_15_30_45_min + group_timepointADUControl.pre_exercise,Endur.post_15_30_45_min - Control.post_15_30_45_min (delta-delta),exercise_with_controls,EE-CON,ADUEndur,post_15_30_45_min,OID20718,0.147942450350246,-0.644547452677265,0.940432353377757,170.291349210218,-250.309834876715,0.368622362422766,1.0739241342672,0.367981177907004,0.712887268870395,0.942709406252907,3303.0,HSPA1A,ENSG00000204389,P0DMV8,,,,,,
blood,prot-ol,~ 0 + group_timepoint +  BMI + calculatedAge + Sex + (1 | pid),group_timepointADUEndur.post_15_30_45_min - group_timepointADUEndur.pre_exercise - group_timepointADUControl.post_15_30_45_min + group_timepointADUControl.pre_exercise,Endur.post_15_30_45_min - Control.post_15_30_45_min (delta-delta),exercise_with_controls,EE-CON,ADUEndur,post_15_30_45_min,OID20503,0.0486176696064253,-0.528029301853618,0.625264641066469,166.059909913982,-191.939045786906,0.166471997894143,1.15840801297836,0.166212025746118,0.867990095909519,0.971494228208209,2247.0,FGF2,ENSG00000138685,P09038,,,,,,
blood,prot-ol,~ 0 + group_timepoint +  BMI + calculatedAge + Sex + (1 | pid),group_timepointADUEndur.post_15_30_45_min - group_timepointADUEndur.pre_exercise - group_timepointADUControl.post_15_30_45_min + group_timepointADUControl.pre_exercise,Endur.post_15_30_45_min - Control.post_15_30_45_min (delta-delta),exercise_with_controls,EE-CON,ADUEndur,post_15_30_45_min,OID20251,-0.0250453663231604,-0.366268163557087,0.316177430910766,159.216223216616,-106.654658391585,-0.144947515594141,0.0822438201154319,-0.14471814146776,0.884933415127063,0.971494228208209,9518.0,GDF15,ENSG00000130513,Q99988,,,,,,
blood,prot-ol,~ 0 + group_timepoint +  BMI + calculatedAge + Sex + (1 | pid),group_timepointADUEndur.post_15_30_45_min - group_timepointADUEndur.pre_exercise - group_timepointADUControl.post_15_30_45_min + group_timepointADUControl.pre_exercise,Endur.post_15_30_45_min - Control.post_15_30_45_min (delta-delta),exercise_with_controls,EE-CON,ADUEndur,post_15_30_45_min,OID20276,-0.0253694459885906,-0.510840722818954,0.460101830841773,159.054824911626,-177.766033828465,-0.103197807111182,0.0238781768068291,-0.103036076541106,0.917934338377788,0.97431682208339,1508.0,CTSB,ENSG00000164733,P07858,,,,,,
blood,prot-ol,~ 0 + group_timepoint +  BMI + calculatedAge + Sex + (1 | pid),group_timepointADUEndur.post_3.5_4_hr - group_timepointADUEndur.pre_exercise - group_timepointADUControl.post_3.5_4_hr + group_timepointADUControl.pre_exercise,Endur.post_3.5_4_hr - Control.post_3.5_4_hr (delta-delta),exercise_with_controls,EE-CON,ADUEndur,post_3.5_4_hr,OID20976,0.234084678382904,-0.0557834043322433,0.523952761098052,158.328543826814,-37.9659969364675,1.59477396494394,0.978677569101056,1.58606332722886,0.112724944829928,0.840104135438625,6376.0,CX3CL1,ENSG00000006210,P78423,,,,,,
blood,prot-ol,~ 0 + group_timepoint +  BMI + calculatedAge + Sex + (1 | pid),group_timepointADUEndur.post_3.5_4_hr - group_timepointADUEndur.pre_exercise - group_timepointADUControl.post_3.5_4_hr + group_timepointADUControl.pre_exercise,Endur.post_3.5_4_hr - Control.post_3.5_4_hr (delta-delta),exercise_with_controls,EE-CON,ADUEndur,post_3.5_4_hr,OID20911,-0.601253341975136,-1.36900013596485,0.166493452014577,160.356677189849,-213.034762677845,-1.54635846778457,1.38402885755428,-1.53840723888065,0.123949073405405,0.840104135438625,3569.0,IL6,ENSG00000136244,P05231,,,,,,
blood,prot-ol,~ 0 + group_timepoint +  BMI + calculatedAge + Sex + (1 | pid),group_timepointADUEndur.post_3.5_4_hr - group_timepointADUEndur.pre_exercise - group_timepointADUControl.post_3.5_4_hr + group_timepointADUControl.pre_exercise,Endur.post_3.5_4_hr - Control.post_3.5_4_hr (delta-delta),exercise_with_controls,EE-CON,ADUEndur,post_3.5_4_hr,OID20101,-0.487649354025789,-1.2520783723866,0.27677966433502,159.919935280084,-214.046655276383,-1.25969666642342,1.25300852006986,-1.25470587789596,0.209585551184541,0.860169181055597,3569.0,IL6,ENSG00000136244,P05231,,,,,,
blood,prot-ol,~ 0 + group_timepoint +  BMI + calculatedAge + Sex + (1 | pid),group_timepointADUEndur.post_3.5_4_hr - group_timepointADUEndur.pre_exercise - group_timepointADUControl.post_3.5_4_hr + group_timepointADUControl.pre_exercise,Endur.post_3.5_4_hr - Control.post_3.5_4_hr (delta-delta),exercise_with_controls,EE-CON,ADUEndur,post_3.5_4_hr,OID20563,-0.533319926005139,-1.37378737274669,0.307147520736411,161.19683892271,-228.076556182767,-1.2529095169065,1.39510537074489,-1.24804239822076,0.212015530875153,0.860169181055597,3569.0,IL6,ENSG00000136244,P05231,,,,,,
blood,prot-ol,~ 0 + group_timepoint +  BMI + calculatedAge + Sex + (1 | pid),group_timepointADUEndur.post_3.5_4_hr - group_timepointADUEndur.pre_exercise - group_timepointADUControl.post_3.5_4_hr + group_timepointADUControl.pre_exercise,Endur.post_3.5_4_hr - Control.post_3.5_4_hr (delta-delta),exercise_with_controls,EE-CON,ADUEndur,post_3.5_4_hr,OID21276,-0.415398039839721,-1.11887761654957,0.288081536870126,159.523321918888,-199.821579064646,-1.16600233910221,1.11956377065637,-1.16179739632795,0.245317771925479,0.860169181055597,3569.0,IL6,ENSG00000136244,P05231,,,,,,
blood,prot-ol,~ 0 + group_timepoint +  BMI + calculatedAge + Sex + (1 | pid),group_timepointADUEndur.post_3.5_4_hr - group_timepointADUEndur.pre_exercise - group_timepointADUControl.post_3.5_4_hr + group_timepointADUControl.pre_exercise,Endur.post_3.5_4_hr - Control.post_3.5_4_hr (delta-delta),exercise_with_controls,EE-CON,ADUEndur,post_3.5_4_hr,OID20861,0.220523699205693,-0.297424422322482,0.738471820733867,158.270132060205,-155.54364403536,0.840770027707162,0.280885067538706,0.838557971427469,0.401717403695276,0.860169181055597,2668.0,GDNF,ENSG00000168621,P39905,,,,,,
blood,prot-ol,~ 0 + group_timepoint +  BMI + calculatedAge + Sex + (1 | pid),group_timepointADUEndur.post_3.5_4_hr - group_timepointADUEndur.pre_exercise - group_timepointADUControl.post_3.5_4_hr + group_timepointADUControl.pre_exercise,Endur.post_3.5_4_hr - Control.post_3.5_4_hr (delta-delta),exercise_with_controls,EE-CON,ADUEndur,post_3.5_4_hr,OID20106,-0.130786046047048,-0.443445636185448,0.181873544091353,164.725960486894,-25.7129155306352,-0.825776866936535,-0.216419595630721,-0.823724186527364,0.41009629336938,0.860169181055597,1634.0,DCN,ENSG00000011465,P07585,,,,,,
blood,prot-ol,~ 0 + group_timepoint +  BMI + calculatedAge + Sex + (1 | pid),group_timepointADUEndur.post_3.5_4_hr - group_timepointADUEndur.pre_exercise - group_timepointADUControl.post_3.5_4_hr + group_timepointADUControl.pre_exercise,Endur.post_3.5_4_hr - Control.post_3.5_4_hr (delta-delta),exercise_with_controls,EE-CON,ADUEndur,post_3.5_4_hr,OID20251,0.105726146412059,-0.328679413662847,0.540131706486966,159.216223216616,-106.654658391585,0.480572205194761,0.0822438201154319,0.479669554715011,0.631462379759147,0.900790454970818,9518.0,GDF15,ENSG00000130513,Q99988,,,,,,
blood,prot-ol,~ 0 + group_timepoint +  BMI + calculatedAge + Sex + (1 | pid),group_timepointADUEndur.post_3.5_4_hr - group_timepointADUEndur.pre_exercise - group_timepointADUControl.post_3.5_4_hr + group_timepointADUControl.pre_exercise,Endur.post_3.5_4_hr - Control.post_3.5_4_hr (delta-delta),exercise_with_controls,EE-CON,ADUEndur,post_3.5_4_hr,OID20718,-0.242340003830598,-1.24089231709476,0.756212309433561,170.291349210218,-250.309834876715,-0.479030953378936,1.0739241342672,-0.478177330154273,0.632523996256855,0.900790454970818,3303.0,HSPA1A,ENSG00000204389,P0DMV8,,,,,,
blood,prot-ol,~ 0 + group_timepoint +  BMI + calculatedAge + Sex + (1 | pid),group_timepointADUEndur.post_3.5_4_hr - group_timepointADUEndur.pre_exercise - group_timepointADUControl.post_3.5_4_hr + group_timepointADUControl.pre_exercise,Endur.post_3.5_4_hr - Control.post_3.5_4_hr (delta-delta),exercise_with_controls,EE-CON,ADUEndur,post_3.5_4_hr,OID20276,0.132816870971371,-0.485406532870481,0.751040274813223,159.054824911626,-177.766033828465,0.42421362966769,0.0238781768068291,0.423448544688948,0.67196803293062,0.909581181761157,1508.0,CTSB,ENSG00000164733,P07858,,,,,,
blood,prot-ol,~ 0 + group_timepoint +  BMI + calculatedAge + Sex + (1 | pid),group_timepointADUEndur.post_3.5_4_hr - group_timepointADUEndur.pre_exercise - group_timepointADUControl.post_3.5_4_hr + group_timepointADUControl.pre_exercise,Endur.post_3.5_4_hr - Control.post_3.5_4_hr (delta-delta),exercise_with_controls,EE-CON,ADUEndur,post_3.5_4_hr,OID20503,0.0883724232332097,-0.640473351981974,0.817218198448394,166.059909913982,-191.939045786906,0.239336291857297,1.15840801297836,0.238967260484185,0.811130969680201,0.952757423850923,2247.0,FGF2,ENSG00000138685,P09038,,,,,,
blood,prot-ol,~ 0 + group_timepoint +  BMI + calculatedAge + Sex + (1 | pid),group_timepointADUEndur.post_3.5_4_hr - group_timepointADUEndur.pre_exercise - group_timepointADUControl.post_3.5_4_hr + group_timepointADUControl.pre_exercise,Endur.post_3.5_4_hr - Control.post_3.5_4_hr (delta-delta),exercise_with_controls,EE-CON,ADUEndur,post_3.5_4_hr,OID20650,0.0427674368758644,-0.339471344477593,0.425006218229322,160.609765759998,-74.2319885689705,0.220909873139613,0.381278987133435,0.220560049527959,0.825435010813123,0.95476994488591,7422.0,VEGFA,ENSG00000112715,P15692,,,,,,
blood,prot-ol,~ 0 + group_timepoint +  BMI + calculatedAge + Sex + (1 | pid),group_timepointADUEndur.post_3.5_4_hr - group_timepointADUEndur.pre_exercise - group_timepointADUControl.post_3.5_4_hr + group_timepointADUControl.pre_exercise,Endur.post_3.5_4_hr - Control.post_3.5_4_hr (delta-delta),exercise_with_controls,EE-CON,ADUEndur,post_3.5_4_hr,OID20770,-0.0096315239852105,-0.355557225743619,0.336294177773198,158.103452516588,-84.3619319595185,-0.0549836142897914,0.0120515524807941,-0.054898143857585,0.956219610637842,0.987573141463521,10468.0,FST,ENSG00000134363,P19883,,,,,,
blood,prot-ol,~ 0 + group_timepoint +  BMI + calculatedAge + Sex + (1 | pid),group_timepointADUEndur.post_24_hr - group_timepointADUEndur.pre_exercise - group_timepointADUControl.post_24_hr + group_timepointADUControl.pre_exercise,Endur.post_24_hr - Control.post_24_hr (delta-delta),exercise_with_controls,EE-CON,ADUEndur,post_24_hr,OID20106,-0.259021734235682,-0.55304882045742,0.0350053519860562,164.725960486894,-25.7129155306352,-1.73906804001278,-0.216419595630721,-1.72881165626137,0.0838428092973464,0.986437074865836,1634.0,DCN,ENSG00000011465,P07585,,,,,,
blood,prot-ol,~ 0 + group_timepoint +  BMI + calculatedAge + Sex + (1 | pid),group_timepointADUEndur.post_24_hr - group_timepointADUEndur.pre_exercise - group_timepointADUControl.post_24_hr + group_timepointADUControl.pre_exercise,Endur.post_24_hr - Control.post_24_hr (delta-delta),exercise_with_controls,EE-CON,ADUEndur,post_24_hr,OID20976,0.149723489062961,-0.1230939787245,0.422540956850422,158.328543826814,-37.9659969364675,1.08377688733427,0.978677569101056,1.08013356922167,0.280082705158534,0.986437074865836,6376.0,CX3CL1,ENSG00000006210,P78423,,,,,,
blood,prot-ol,~ 0 + group_timepoint +  BMI + calculatedAge + Sex + (1 | pid),group_timepointADUEndur.post_24_hr - group_timepointADUEndur.pre_exercise - group_timepointADUControl.post_24_hr + group_timepointADUControl.pre_exercise,Endur.post_24_hr - Control.post_24_hr (delta-delta),exercise_with_controls,EE-CON,ADUEndur,post_24_hr,OID20276,0.260503336895127,-0.321205000396904,0.842211674187158,159.054824911626,-177.766033828465,0.884256855263973,0.0238781768068291,0.881856596179489,0.377854361268719,0.986437074865836,1508.0,CTSB,ENSG00000164733,P07858,,,,,,
blood,prot-ol,~ 0 + group_timepoint +  BMI + calculatedAge + Sex + (1 | pid),group_timepointADUEndur.post_24_hr - group_timepointADUEndur.pre_exercise - group_timepointADUControl.post_24_hr + group_timepointADUControl.pre_exercise,Endur.post_24_hr - Control.post_24_hr (delta-delta),exercise_with_controls,EE-CON,ADUEndur,post_24_hr,OID20861,-0.198216097044351,-0.685713715343954,0.289281521255252,158.270132060205,-155.54364403536,-0.802917060236147,0.280885067538706,-0.800883720216049,0.423198965617911,0.986437074865836,2668.0,GDNF,ENSG00000168621,P39905,,,,,,
blood,prot-ol,~ 0 + group_timepoint +  BMI + calculatedAge + Sex + (1 | pid),group_timepointADUEndur.post_24_hr - group_timepointADUEndur.pre_exercise - group_timepointADUControl.post_24_hr + group_timepointADUControl.pre_exercise,Endur.post_24_hr - Control.post_24_hr (delta-delta),exercise_with_controls,EE-CON,ADUEndur,post_24_hr,OID20101,0.274060191979191,-0.445091296509195,0.993211680467577,159.919935280084,-214.046655276383,0.752511705569924,1.25300852006986,0.750705688901799,0.452829798555696,0.986437074865836,3569.0,IL6,ENSG00000136244,P05231,,,,,,
blood,prot-ol,~ 0 + group_timepoint +  BMI + calculatedAge + Sex + (1 | pid),group_timepointADUEndur.post_24_hr - group_timepointADUEndur.pre_exercise - group_timepointADUControl.post_24_hr + group_timepointADUControl.pre_exercise,Endur.post_24_hr - Control.post_24_hr (delta-delta),exercise_with_controls,EE-CON,ADUEndur,post_24_hr,OID20251,0.127100494311475,-0.281631097359596,0.535832085982547,159.216223216616,-106.654658391585,0.614008006035066,0.0822438201154319,0.612720916374455,0.540060889853609,0.986437074865836,9518.0,GDF15,ENSG00000130513,Q99988,,,,,,
blood,prot-ol,~ 0 + group_timepoint +  BMI + calculatedAge + Sex + (1 | pid),group_timepointADUEndur.post_24_hr - group_timepointADUEndur.pre_exercise - group_timepointADUControl.post_24_hr + group_timepointADUControl.pre_exercise,Endur.post_24_hr - Control.post_24_hr (delta-delta),exercise_with_controls,EE-CON,ADUEndur,post_24_hr,OID20718,-0.26456428850926,-1.20354194475055,0.674413367732031,170.291349210218,-250.309834876715,-0.556141879996352,1.0739241342672,-0.55508654768337,0.578835463635451,0.986437074865836,3303.0,HSPA1A,ENSG00000204389,P0DMV8,,,,,,
blood,prot-ol,~ 0 + group_timepoint +  BMI + calculatedAge + Sex + (1 | pid),group_timepointADUEndur.post_24_hr - group_timepointADUEndur.pre_exercise - group_timepointADUControl.post_24_hr + group_timepointADUControl.pre_exercise,Endur.post_24_hr - Control.post_24_hr (delta-delta),exercise_with_controls,EE-CON,ADUEndur,post_24_hr,OID20770,-0.0915925062110124,-0.417222234229766,0.234037221807741,158.103452516588,-84.3619319595185,-0.555462030857148,0.0120515524807941,-0.554337089528689,0.579348171652356,0.986437074865836,10468.0,FST,ENSG00000134363,P19883,,,,,,
blood,prot-ol,~ 0 + group_timepoint +  BMI + calculatedAge + Sex + (1 | pid),group_timepointADUEndur.post_24_hr - group_timepointADUEndur.pre_exercise - group_timepointADUControl.post_24_hr + group_timepointADUControl.pre_exercise,Endur.post_24_hr - Control.post_24_hr (delta-delta),exercise_with_controls,EE-CON,ADUEndur,post_24_hr,OID21276,0.18121015839198,-0.480649194791864,0.843069511575823,159.523321918888,-199.821579064646,0.540624901135557,1.11956377065637,0.539556498510976,0.589502923643134,0.986437074865836,3569.0,IL6,ENSG00000136244,P05231,,,,,,
blood,prot-ol,~ 0 + group_timepoint +  BMI + calculatedAge + Sex + (1 | pid),group_timepointADUEndur.post_24_hr - group_timepointADUEndur.pre_exercise - group_timepointADUControl.post_24_hr + group_timepointADUControl.pre_exercise,Endur.post_24_hr - Control.post_24_hr (delta-delta),exercise_with_controls,EE-CON,ADUEndur,post_24_hr,OID20563,0.186610419503814,-0.603945863252173,0.9771667022598,161.19683892271,-228.076556182767,0.466066732201969,1.39510537074489,0.465208182559464,0.641782379568665,0.986437074865836,3569.0,IL6,ENSG00000136244,P05231,,,,,,
blood,prot-ol,~ 0 + group_timepoint +  BMI + calculatedAge + Sex + (1 | pid),group_timepointADUEndur.post_24_hr - group_timepointADUEndur.pre_exercise - group_timepointADUControl.post_24_hr + group_timepointADUControl.pre_exercise,Endur.post_24_hr - Control.post_24_hr (delta-delta),exercise_with_controls,EE-CON,ADUEndur,post_24_hr,OID20503,-0.130452797273489,-0.815838123893447,0.55493252934647,166.059909913982,-191.939045786906,-0.37570083460894,1.15840801297836,-0.375076453991999,0.707603607856947,0.986437074865836,2247.0,FGF2,ENSG00000138685,P09038,,,,,,
blood,prot-ol,~ 0 + group_timepoint +  BMI + calculatedAge + Sex + (1 | pid),group_timepointADUEndur.post_24_hr - group_timepointADUEndur.pre_exercise - group_timepointADUControl.post_24_hr + group_timepointADUControl.pre_exercise,Endur.post_24_hr - Control.post_24_hr (delta-delta),exercise_with_controls,EE-CON,ADUEndur,post_24_hr,OID20911,-0.0512344430789502,-0.773460398847852,0.670991512689951,160.356677189849,-213.034762677845,-0.140072161254305,1.38402885755428,-0.139854743942781,0.888774758871279,0.990616573813196,3569.0,IL6,ENSG00000136244,P05231,,,,,,
blood,prot-ol,~ 0 + group_timepoint +  BMI + calculatedAge + Sex + (1 | pid),group_timepointADUEndur.post_24_hr - group_timepointADUEndur.pre_exercise - group_timepointADUControl.post_24_hr + group_timepointADUControl.pre_exercise,Endur.post_24_hr - Control.post_24_hr (delta-delta),exercise_with_controls,EE-CON,ADUEndur,post_24_hr,OID20650,0.0103048473336353,-0.349258865360714,0.369868560027985,160.609765759998,-74.2319885689705,0.0565841675677247,0.381278987133435,0.0564986525093755,0.954944568954027,0.994366247793521,7422.0,VEGFA,ENSG00000112715,P15692,,,,,,
blood,prot-ol,~ 0 + group_timepoint +  BMI + calculatedAge + Sex + (1 | pid),group_timepointADUResist.post_10_min - group_timepointADUResist.pre_exercise - group_timepointADUControl.post_10_min + group_timepointADUControl.pre_exercise,Resist.post_10_min - Control.post_10_min (delta-delta),exercise_with_controls,RE-CON,ADUResist,post_10_min,OID20861,0.380138843791749,0.0010715638308747,0.759206123752623,158.270132060205,-155.54364403536,1.98041562501888,0.280885067538706,1.96543836817793,0.0493635223994126,0.337488108777978,2668.0,GDNF,ENSG00000168621,P39905,,,,,,
blood,prot-ol,~ 0 + group_timepoint +  BMI + calculatedAge + Sex + (1 | pid),group_timepointADUResist.post_10_min - group_timepointADUResist.pre_exercise - group_timepointADUControl.post_10_min + group_timepointADUControl.pre_exercise,Resist.post_10_min - Control.post_10_min (delta-delta),exercise_with_controls,RE-CON,ADUResist,post_10_min,OID20503,0.427058438680564,-0.11127024150354,0.965387118864669,166.059909913982,-191.939045786906,1.56636957995018,1.15840801297836,1.55820996717719,0.119183483004785,0.520157049491922,2247.0,FGF2,ENSG00000138685,P09038,,,,,,
blood,prot-ol,~ 0 + group_timepoint +  BMI + calculatedAge + Sex + (1 | pid),group_timepointADUResist.post_10_min - group_timepointADUResist.pre_exercise - group_timepointADUControl.post_10_min + group_timepointADUControl.pre_exercise,Resist.post_10_min - Control.post_10_min (delta-delta),exercise_with_controls,RE-CON,ADUResist,post_10_min,OID20976,0.156881651890685,-0.055302138499477,0.369065442280847,158.328543826814,-37.9659969364675,1.46019858891364,0.978677569101056,1.45308508589441,0.146200131411415,0.548752985009452,6376.0,CX3CL1,ENSG00000006210,P78423,,,,,,
blood,prot-ol,~ 0 + group_timepoint +  BMI + calculatedAge + Sex + (1 | pid),group_timepointADUResist.post_10_min - group_timepointADUResist.pre_exercise - group_timepointADUControl.post_10_min + group_timepointADUControl.pre_exercise,Resist.post_10_min - Control.post_10_min (delta-delta),exercise_with_controls,RE-CON,ADUResist,post_10_min,OID20718,0.532793985633083,-0.206991890455672,1.27257986172184,170.291349210218,-250.309834876715,1.42210749723521,1.0739241342672,1.41556608859088,0.15690258591343,0.551689737566576,3303.0,HSPA1A,ENSG00000204389,P0DMV8,,,,,,
blood,prot-ol,~ 0 + group_timepoint +  BMI + calculatedAge + Sex + (1 | pid),group_timepointADUResist.post_10_min - group_timepointADUResist.pre_exercise - group_timepointADUControl.post_10_min + group_timepointADUControl.pre_exercise,Resist.post_10_min - Control.post_10_min (delta-delta),exercise_with_controls,RE-CON,ADUResist,post_10_min,OID20106,-0.121246648254785,-0.351934884744636,0.109441588235066,164.725960486894,-25.7129155306352,-1.03786363731762,-0.216419595630721,-1.03455642797209,0.30087611147853,0.673525197417183,1634.0,DCN,ENSG00000011465,P07585,,,,,,
blood,prot-ol,~ 0 + group_timepoint +  BMI + calculatedAge + Sex + (1 | pid),group_timepointADUResist.post_10_min - group_timepointADUResist.pre_exercise - group_timepointADUControl.post_10_min + group_timepointADUControl.pre_exercise,Resist.post_10_min - Control.post_10_min (delta-delta),exercise_with_controls,RE-CON,ADUResist,post_10_min,OID20101,0.231796567463569,-0.329443255488705,0.793036390415844,159.919935280084,-214.046655276383,0.815682286589326,1.25300852006986,0.813553586998516,0.415900735861909,0.745045945279803,3569.0,IL6,ENSG00000136244,P05231,,,,,,
blood,prot-ol,~ 0 + group_timepoint +  BMI + calculatedAge + Sex + (1 | pid),group_timepointADUResist.post_10_min - group_timepointADUResist.pre_exercise - group_timepointADUControl.post_10_min + group_timepointADUControl.pre_exercise,Resist.post_10_min - Control.post_10_min (delta-delta),exercise_with_controls,RE-CON,ADUResist,post_10_min,OID21276,0.210780877469449,-0.305409123042657,0.726970877981554,159.523321918888,-199.821579064646,0.806427589684179,1.11956377065637,0.804353663641899,0.421192753598519,0.745607262876125,3569.0,IL6,ENSG00000136244,P05231,,,,,,
blood,prot-ol,~ 0 + group_timepoint +  BMI + calculatedAge + Sex + (1 | pid),group_timepointADUResist.post_10_min - group_timepointADUResist.pre_exercise - group_timepointADUControl.post_10_min + group_timepointADUControl.pre_exercise,Resist.post_10_min - Control.post_10_min (delta-delta),exercise_with_controls,RE-CON,ADUResist,post_10_min,OID20911,0.225785477665506,-0.338215463066376,0.789786418397388,160.356677189849,-213.034762677845,0.79060553729027,1.38402885755428,0.788603350581883,0.430343872022017,0.746779202688605,3569.0,IL6,ENSG00000136244,P05231,,,,,,
blood,prot-ol,~ 0 + group_timepoint +  BMI + calculatedAge + Sex + (1 | pid),group_timepointADUResist.post_10_min - group_timepointADUResist.pre_exercise - group_timepointADUControl.post_10_min + group_timepointADUControl.pre_exercise,Resist.post_10_min - Control.post_10_min (delta-delta),exercise_with_controls,RE-CON,ADUResist,post_10_min,OID20563,0.246196677783262,-0.371845632699395,0.864238988265919,161.19683892271,-228.076556182767,0.786688471211465,1.39510537074489,0.784706663462501,0.432625575016897,0.746779202688605,3569.0,IL6,ENSG00000136244,P05231,,,,,,
blood,prot-ol,~ 0 + group_timepoint +  BMI + calculatedAge + Sex + (1 | pid),group_timepointADUResist.post_10_min - group_timepointADUResist.pre_exercise - group_timepointADUControl.post_10_min + group_timepointADUControl.pre_exercise,Resist.post_10_min - Control.post_10_min (delta-delta),exercise_with_controls,RE-CON,ADUResist,post_10_min,OID20770,-0.0910945611523239,-0.344092971289587,0.161903848984939,158.103452516588,-84.3619319595185,-0.711065032942725,0.0120515524807941,-0.709400672329458,0.478075870659306,0.764847505445577,10468.0,FST,ENSG00000134363,P19883,,,,,,
blood,prot-ol,~ 0 + group_timepoint +  BMI + calculatedAge + Sex + (1 | pid),group_timepointADUResist.post_10_min - group_timepointADUResist.pre_exercise - group_timepointADUControl.post_10_min + group_timepointADUControl.pre_exercise,Resist.post_10_min - Control.post_10_min (delta-delta),exercise_with_controls,RE-CON,ADUResist,post_10_min,OID20650,0.0244136024241116,-0.256472201314169,0.305299406162392,160.609765759998,-74.2319885689705,0.171637403174787,0.381278987133435,0.171364512339655,0.863937157040399,0.95900729128042,7422.0,VEGFA,ENSG00000112715,P15692,,,,,,
blood,prot-ol,~ 0 + group_timepoint +  BMI + calculatedAge + Sex + (1 | pid),group_timepointADUResist.post_10_min - group_timepointADUResist.pre_exercise - group_timepointADUControl.post_10_min + group_timepointADUControl.pre_exercise,Resist.post_10_min - Control.post_10_min (delta-delta),exercise_with_controls,RE-CON,ADUResist,post_10_min,OID20251,-0.0234253543146168,-0.342018897467223,0.295168188837989,159.216223216616,-106.654658391585,-0.145200996778634,0.0822438201154319,-0.144971276806836,0.884733549968373,0.967149358809243,9518.0,GDF15,ENSG00000130513,Q99988,,,,,,
blood,prot-ol,~ 0 + group_timepoint +  BMI + calculatedAge + Sex + (1 | pid),group_timepointADUResist.post_10_min - group_timepointADUResist.pre_exercise - group_timepointADUControl.post_10_min + group_timepointADUControl.pre_exercise,Resist.post_10_min - Control.post_10_min (delta-delta),exercise_with_controls,RE-CON,ADUResist,post_10_min,OID20276,-9.27926409295954e-05,-0.453371159414941,0.453185574133082,159.054824911626,-177.766033828465,-0.0004042691619244,0.0238781768068291,-0.0004036424445539,0.999677939934151,0.999677939934151,1508.0,CTSB,ENSG00000164733,P07858,,,,,,
blood,prot-ol,~ 0 + group_timepoint +  BMI + calculatedAge + Sex + (1 | pid),group_timepointADUResist.post_15_30_45_min - group_timepointADUResist.pre_exercise - group_timepointADUControl.post_15_30_45_min + group_timepointADUControl.pre_exercise,Resist.post_15_30_45_min - Control.post_15_30_45_min (delta-delta),exercise_with_controls,RE-CON,ADUResist,post_15_30_45_min,OID20770,-0.167252777777777,-0.416256212371868,0.0817506568163133,158.103452516588,-84.3619319595185,-1.32649536036794,0.0120515524807941,-1.32081964247538,0.186561508622735,0.511330092298675,10468.0,FST,ENSG00000134363,P19883,,,,,,
blood,prot-ol,~ 0 + group_timepoint +  BMI + calculatedAge + Sex + (1 | pid),group_timepointADUResist.post_15_30_45_min - group_timepointADUResist.pre_exercise - group_timepointADUControl.post_15_30_45_min + group_timepointADUControl.pre_exercise,Resist.post_15_30_45_min - Control.post_15_30_45_min (delta-delta),exercise_with_controls,RE-CON,ADUResist,post_15_30_45_min,OID20503,0.322099999999999,-0.20863629718695,0.852836297186948,166.059909913982,-191.939045786906,1.19835403312992,1.15840801297836,1.1939114598436,0.232512604264366,0.561278296835786,2247.0,FGF2,ENSG00000138685,P09038,,,,,,
blood,prot-ol,~ 0 + group_timepoint +  BMI + calculatedAge + Sex + (1 | pid),group_timepointADUResist.post_15_30_45_min - group_timepointADUResist.pre_exercise - group_timepointADUControl.post_15_30_45_min + group_timepointADUControl.pre_exercise,Resist.post_15_30_45_min - Control.post_15_30_45_min (delta-delta),exercise_with_controls,RE-CON,ADUResist,post_15_30_45_min,OID20976,0.115630555555556,-0.0932423416707802,0.324503452781892,158.328543826814,-37.9659969364675,1.09332175147362,0.978677569101056,1.08957168490527,0.275901861563517,0.595238737377178,6376.0,CX3CL1,ENSG00000006210,P78423,,,,,,
blood,prot-ol,~ 0 + group_timepoint +  BMI + calculatedAge + Sex + (1 | pid),group_timepointADUResist.post_15_30_45_min - group_timepointADUResist.pre_exercise - group_timepointADUControl.post_15_30_45_min + group_timepointADUControl.pre_exercise,Resist.post_15_30_45_min - Control.post_15_30_45_min (delta-delta),exercise_with_controls,RE-CON,ADUResist,post_15_30_45_min,OID20101,0.303075,-0.249731123083281,0.855881123083281,159.919935280084,-214.046655276383,1.08281016544689,1.25300852006986,1.07911521269991,0.280536370410393,0.599885649890587,3569.0,IL6,ENSG00000136244,P05231,,,,,,
blood,prot-ol,~ 0 + group_timepoint +  BMI + calculatedAge + Sex + (1 | pid),group_timepointADUResist.post_15_30_45_min - group_timepointADUResist.pre_exercise - group_timepointADUControl.post_15_30_45_min + group_timepointADUControl.pre_exercise,Resist.post_15_30_45_min - Control.post_15_30_45_min (delta-delta),exercise_with_controls,RE-CON,ADUResist,post_15_30_45_min,OID20718,0.346005555555556,-0.38363145373916,1.07564256485027,170.291349210218,-250.309834876715,0.936435908440347,1.0739241342672,0.933733250118938,0.350441508919613,0.651633363700005,3303.0,HSPA1A,ENSG00000204389,P0DMV8,,,,,,
blood,prot-ol,~ 0 + group_timepoint +  BMI + calculatedAge + Sex + (1 | pid),group_timepointADUResist.post_15_30_45_min - group_timepointADUResist.pre_exercise - group_timepointADUControl.post_15_30_45_min + group_timepointADUControl.pre_exercise,Resist.post_15_30_45_min - Control.post_15_30_45_min (delta-delta),exercise_with_controls,RE-CON,ADUResist,post_15_30_45_min,OID20563,0.25058611111111,-0.358335568644234,0.859507790866454,161.19683892271,-228.076556182767,0.812735825845441,1.39510537074489,0.810626396838361,0.417580253146447,0.697515741875376,3569.0,IL6,ENSG00000136244,P05231,,,,,,
blood,prot-ol,~ 0 + group_timepoint +  BMI + calculatedAge + Sex + (1 | pid),group_timepointADUResist.post_15_30_45_min - group_timepointADUResist.pre_exercise - group_timepointADUControl.post_15_30_45_min + group_timepointADUControl.pre_exercise,Resist.post_15_30_45_min - Control.post_15_30_45_min (delta-delta),exercise_with_controls,RE-CON,ADUResist,post_15_30_45_min,OID20861,0.151227777777778,-0.221909536046788,0.524365091602344,158.270132060205,-155.54364403536,0.800383488905895,0.280885067538706,0.798342431094015,0.424671801178568,0.701636153457116,2668.0,GDNF,ENSG00000168621,P39905,,,,,,
blood,prot-ol,~ 0 + group_timepoint +  BMI + calculatedAge + Sex + (1 | pid),group_timepointADUResist.post_15_30_45_min - group_timepointADUResist.pre_exercise - group_timepointADUControl.post_15_30_45_min + group_timepointADUControl.pre_exercise,Resist.post_15_30_45_min - Control.post_15_30_45_min (delta-delta),exercise_with_controls,RE-CON,ADUResist,post_15_30_45_min,OID21276,0.184575000000001,-0.323803954857285,0.692953954857287,159.523321918888,-199.821579064646,0.71703454137418,1.11956377065637,0.715336475903062,0.474401154676064,0.72946310979961,3569.0,IL6,ENSG00000136244,P05231,,,,,,
blood,prot-ol,~ 0 + group_timepoint +  BMI + calculatedAge + Sex + (1 | pid),group_timepointADUResist.post_15_30_45_min - group_timepointADUResist.pre_exercise - group_timepointADUControl.post_15_30_45_min + group_timepointADUControl.pre_exercise,Resist.post_15_30_45_min - Control.post_15_30_45_min (delta-delta),exercise_with_controls,RE-CON,ADUResist,post_15_30_45_min,OID20251,-0.100480555555555,-0.414223616606471,0.213262505495361,159.216223216616,-106.654658391585,-0.632467024568538,0.0822438201154319,-0.631092068262894,0.527980327023187,0.764025790500921,9518.0,GDF15,ENSG00000130513,Q99988,,,,,,
blood,prot-ol,~ 0 + group_timepoint +  BMI + calculatedAge + Sex + (1 | pid),group_timepointADUResist.post_15_30_45_min - group_timepointADUResist.pre_exercise - group_timepointADUControl.post_15_30_45_min + group_timepointADUControl.pre_exercise,Resist.post_15_30_45_min - Control.post_15_30_45_min (delta-delta),exercise_with_controls,RE-CON,ADUResist,post_15_30_45_min,OID20911,0.142427777777779,-0.413154900654259,0.698010456209816,160.356677189849,-213.034762677845,0.506294249866895,1.38402885755428,0.505298146531673,0.613349444429824,0.81349712194306,3569.0,IL6,ENSG00000136244,P05231,,,,,,
blood,prot-ol,~ 0 + group_timepoint +  BMI + calculatedAge + Sex + (1 | pid),group_timepointADUResist.post_15_30_45_min - group_timepointADUResist.pre_exercise - group_timepointADUControl.post_15_30_45_min + group_timepointADUControl.pre_exercise,Resist.post_15_30_45_min - Control.post_15_30_45_min (delta-delta),exercise_with_controls,RE-CON,ADUResist,post_15_30_45_min,OID20650,-0.0618777777777781,-0.338585815635724,0.214830260080168,160.609765759998,-74.2319885689705,-0.441607020270183,0.381278987133435,-0.440788931157404,0.659365807559916,0.837463787990189,7422.0,VEGFA,ENSG00000112715,P15692,,,,,,
blood,prot-ol,~ 0 + group_timepoint +  BMI + calculatedAge + Sex + (1 | pid),group_timepointADUResist.post_15_30_45_min - group_timepointADUResist.pre_exercise - group_timepointADUControl.post_15_30_45_min + group_timepointADUControl.pre_exercise,Resist.post_15_30_45_min - Control.post_15_30_45_min (delta-delta),exercise_with_controls,RE-CON,ADUResist,post_15_30_45_min,OID20106,-0.0461583333333335,-0.27355964122661,0.181242974559943,164.725960486894,-25.7129155306352,-0.400840899754713,-0.216419595630721,-0.400121415851565,0.689067091285741,0.848935893748158,1634.0,DCN,ENSG00000011465,P07585,,,,,,
blood,prot-ol,~ 0 + group_timepoint +  BMI + calculatedAge + Sex + (1 | pid),group_timepointADUResist.post_15_30_45_min - group_timepointADUResist.pre_exercise - group_timepointADUControl.post_15_30_45_min + group_timepointADUControl.pre_exercise,Resist.post_15_30_45_min - Control.post_15_30_45_min (delta-delta),exercise_with_controls,RE-CON,ADUResist,post_15_30_45_min,OID20276,-0.0442722222222224,-0.490625429956023,0.402080985511578,159.054824911626,-177.766033828465,-0.195877137830729,0.0238781768068291,-0.195560981130659,0.844953803053935,0.927343268869597,1508.0,CTSB,ENSG00000164733,P07858,,,,,,
blood,prot-ol,~ 0 + group_timepoint +  BMI + calculatedAge + Sex + (1 | pid),group_timepointADUResist.post_3.5_4_hr - group_timepointADUResist.pre_exercise - group_timepointADUControl.post_3.5_4_hr + group_timepointADUControl.pre_exercise,Resist.post_3.5_4_hr - Control.post_3.5_4_hr (delta-delta),exercise_with_controls,RE-CON,ADUResist,post_3.5_4_hr,OID20911,-0.877784793463944,-1.5698357615709,-0.185733825356987,160.356677189849,-213.034762677845,-2.5043554570862,1.38402885755428,-2.47728371095269,0.0132386620892448,0.176973435664716,3569.0,IL6,ENSG00000136244,P05231,,,,,,
blood,prot-ol,~ 0 + group_timepoint +  BMI + calculatedAge + Sex + (1 | pid),group_timepointADUResist.post_3.5_4_hr - group_timepointADUResist.pre_exercise - group_timepointADUControl.post_3.5_4_hr + group_timepointADUControl.pre_exercise,Resist.post_3.5_4_hr - Control.post_3.5_4_hr (delta-delta),exercise_with_controls,RE-CON,ADUResist,post_3.5_4_hr,OID20101,-0.858868225488269,-1.54807040855468,-0.169666042421859,159.919935280084,-214.046655276383,-2.46065757133643,1.25300852006986,-2.43463442887327,0.0149068415691741,0.182535648068065,3569.0,IL6,ENSG00000136244,P05231,,,,,,
blood,prot-ol,~ 0 + group_timepoint +  BMI + calculatedAge + Sex + (1 | pid),group_timepointADUResist.post_3.5_4_hr - group_timepointADUResist.pre_exercise - group_timepointADUControl.post_3.5_4_hr + group_timepointADUControl.pre_exercise,Resist.post_3.5_4_hr - Control.post_3.5_4_hr (delta-delta),exercise_with_controls,RE-CON,ADUResist,post_3.5_4_hr,OID20861,0.486765896635472,0.0191377414511709,0.954394051819773,158.270132060205,-155.54364403536,2.05549481482303,0.280885067538706,2.03917436863437,0.0414326280426243,0.320525967590641,2668.0,GDNF,ENSG00000168621,P39905,,,,,,
blood,prot-ol,~ 0 + group_timepoint +  BMI + calculatedAge + Sex + (1 | pid),group_timepointADUResist.post_3.5_4_hr - group_timepointADUResist.pre_exercise - group_timepointADUControl.post_3.5_4_hr + group_timepointADUControl.pre_exercise,Resist.post_3.5_4_hr - Control.post_3.5_4_hr (delta-delta),exercise_with_controls,RE-CON,ADUResist,post_3.5_4_hr,OID20106,-0.290287948419455,-0.571788262989706,-0.0087876338492045,164.725960486894,-25.7129155306352,-2.03563040223164,-0.216419595630721,-2.02042915176283,0.0433388921349587,0.322112801616581,1634.0,DCN,ENSG00000011465,P07585,,,,,,
blood,prot-ol,~ 0 + group_timepoint +  BMI + calculatedAge + Sex + (1 | pid),group_timepointADUResist.post_3.5_4_hr - group_timepointADUResist.pre_exercise - group_timepointADUControl.post_3.5_4_hr + group_timepointADUControl.pre_exercise,Resist.post_3.5_4_hr - Control.post_3.5_4_hr (delta-delta),exercise_with_controls,RE-CON,ADUResist,post_3.5_4_hr,OID21276,-0.644623085337688,-1.27901436117611,-0.0102318094992688,159.523321918888,-199.821579064646,-2.00637940940668,1.11956377065637,-1.99119831656884,0.0464590888758893,0.323172690648602,3569.0,IL6,ENSG00000136244,P05231,,,,,,
blood,prot-ol,~ 0 + group_timepoint +  BMI + calculatedAge + Sex + (1 | pid),group_timepointADUResist.post_3.5_4_hr - group_timepointADUResist.pre_exercise - group_timepointADUControl.post_3.5_4_hr + group_timepointADUControl.pre_exercise,Resist.post_3.5_4_hr - Control.post_3.5_4_hr (delta-delta),exercise_with_controls,RE-CON,ADUResist,post_3.5_4_hr,OID20563,-0.590928094666031,-1.3482814134133,0.166425224081234,161.19683892271,-228.076556182767,-1.540504561807,1.39510537074489,-1.53273117359839,0.125342104946922,0.58811179705228,3569.0,IL6,ENSG00000136244,P05231,,,,,,
blood,prot-ol,~ 0 + group_timepoint +  BMI + calculatedAge + Sex + (1 | pid),group_timepointADUResist.post_3.5_4_hr - group_timepointADUResist.pre_exercise - group_timepointADUControl.post_3.5_4_hr + group_timepointADUControl.pre_exercise,Resist.post_3.5_4_hr - Control.post_3.5_4_hr (delta-delta),exercise_with_controls,RE-CON,ADUResist,post_3.5_4_hr,OID20770,-0.177504151674913,-0.489935388596122,0.134927085246296,158.103452516588,-84.3619319595185,-1.12193507877648,0.0120515524807941,-1.11802851461621,0.263554815165785,0.804448542013167,10468.0,FST,ENSG00000134363,P19883,,,,,,
blood,prot-ol,~ 0 + group_timepoint +  BMI + calculatedAge + Sex + (1 | pid),group_timepointADUResist.post_3.5_4_hr - group_timepointADUResist.pre_exercise - group_timepointADUControl.post_3.5_4_hr + group_timepointADUControl.pre_exercise,Resist.post_3.5_4_hr - Control.post_3.5_4_hr (delta-delta),exercise_with_controls,RE-CON,ADUResist,post_3.5_4_hr,OID20503,0.367417268236306,-0.288661149782363,1.02349568625498,166.059909913982,-191.939045786906,1.10537525652427,1.15840801297836,1.10182801484508,0.270536448553407,0.813698290729183,2247.0,FGF2,ENSG00000138685,P09038,,,,,,
blood,prot-ol,~ 0 + group_timepoint +  BMI + calculatedAge + Sex + (1 | pid),group_timepointADUResist.post_3.5_4_hr - group_timepointADUResist.pre_exercise - group_timepointADUControl.post_3.5_4_hr + group_timepointADUControl.pre_exercise,Resist.post_3.5_4_hr - Control.post_3.5_4_hr (delta-delta),exercise_with_controls,RE-CON,ADUResist,post_3.5_4_hr,OID20251,0.202105954889385,-0.189715542801564,0.593927452580335,159.216223216616,-106.654658391585,1.01845685089329,0.0822438201154319,1.01531652468785,0.3099549698454,0.846570751542394,9518.0,GDF15,ENSG00000130513,Q99988,,,,,,
blood,prot-ol,~ 0 + group_timepoint +  BMI + calculatedAge + Sex + (1 | pid),group_timepointADUResist.post_3.5_4_hr - group_timepointADUResist.pre_exercise - group_timepointADUControl.post_3.5_4_hr + group_timepointADUControl.pre_exercise,Resist.post_3.5_4_hr - Control.post_3.5_4_hr (delta-delta),exercise_with_controls,RE-CON,ADUResist,post_3.5_4_hr,OID20976,0.08460704296675,-0.17707452124258,0.346288607176081,158.328543826814,-37.9659969364675,0.638479875704165,0.978677569101056,0.637091134473522,0.524065482964744,0.962028136058094,6376.0,CX3CL1,ENSG00000006210,P78423,,,,,,
blood,prot-ol,~ 0 + group_timepoint +  BMI + calculatedAge + Sex + (1 | pid),group_timepointADUResist.post_3.5_4_hr - group_timepointADUResist.pre_exercise - group_timepointADUControl.post_3.5_4_hr + group_timepointADUControl.pre_exercise,Resist.post_3.5_4_hr - Control.post_3.5_4_hr (delta-delta),exercise_with_controls,RE-CON,ADUResist,post_3.5_4_hr,OID20276,0.136888443593061,-0.420797308313365,0.694574195499486,159.054824911626,-177.766033828465,0.484657649736582,0.0238781768068291,0.483748303691414,0.628564507723718,0.962028136058094,1508.0,CTSB,ENSG00000164733,P07858,,,,,,
blood,prot-ol,~ 0 + group_timepoint +  BMI + calculatedAge + Sex + (1 | pid),group_timepointADUResist.post_3.5_4_hr - group_timepointADUResist.pre_exercise - group_timepointADUControl.post_3.5_4_hr + group_timepointADUControl.pre_exercise,Resist.post_3.5_4_hr - Control.post_3.5_4_hr (delta-delta),exercise_with_controls,RE-CON,ADUResist,post_3.5_4_hr,OID20718,0.0915887138085407,-0.806888462394278,0.99006589001136,170.291349210218,-250.309834876715,0.201199519361724,1.0739241342672,0.200897709340522,0.840778558881318,0.987879948536341,3303.0,HSPA1A,ENSG00000204389,P0DMV8,,,,,,
blood,prot-ol,~ 0 + group_timepoint +  BMI + calculatedAge + Sex + (1 | pid),group_timepointADUResist.post_3.5_4_hr - group_timepointADUResist.pre_exercise - group_timepointADUControl.post_3.5_4_hr + group_timepointADUControl.pre_exercise,Resist.post_3.5_4_hr - Control.post_3.5_4_hr (delta-delta),exercise_with_controls,RE-CON,ADUResist,post_3.5_4_hr,OID20650,0.008589922453584,-0.335926163534652,0.35310600844182,160.609765759998,-74.2319885689705,0.0492257687563569,0.381278987133435,0.049151814955895,0.960798310912495,0.992394311382734,7422.0,VEGFA,ENSG00000112715,P15692,,,,,,
blood,prot-ol,~ 0 + group_timepoint +  BMI + calculatedAge + Sex + (1 | pid),group_timepointADUResist.post_24_hr - group_timepointADUResist.pre_exercise - group_timepointADUControl.post_24_hr + group_timepointADUControl.pre_exercise,Resist.post_24_hr - Control.post_24_hr (delta-delta),exercise_with_controls,RE-CON,ADUResist,post_24_hr,OID20770,-0.474485261549246,-0.795293891942078,-0.153676631156414,158.103452516588,-84.3619319595185,-2.92070131162613,0.0120515524807941,-2.87881137424636,0.0039917700721663,0.220388445312025,10468.0,FST,ENSG00000134363,P19883,,,,,,
blood,prot-ol,~ 0 + group_timepoint +  BMI + calculatedAge + Sex + (1 | pid),group_timepointADUResist.post_24_hr - group_timepointADUResist.pre_exercise - group_timepointADUControl.post_24_hr + group_timepointADUControl.pre_exercise,Resist.post_24_hr - Control.post_24_hr (delta-delta),exercise_with_controls,RE-CON,ADUResist,post_24_hr,OID20106,-0.25882512332277,-0.547487968970406,0.0298377223248656,164.725960486894,-25.7129155306352,-1.7699216575521,-0.216419595630721,-1.7593050889679,0.0785257027042944,0.436356551890138,1634.0,DCN,ENSG00000011465,P07585,,,,,,
blood,prot-ol,~ 0 + group_timepoint +  BMI + calculatedAge + Sex + (1 | pid),group_timepointADUResist.post_24_hr - group_timepointADUResist.pre_exercise - group_timepointADUControl.post_24_hr + group_timepointADUControl.pre_exercise,Resist.post_24_hr - Control.post_24_hr (delta-delta),exercise_with_controls,RE-CON,ADUResist,post_24_hr,OID20276,0.333279257583974,-0.239063290061716,0.905621805229664,159.054824911626,-177.766033828465,1.14974663934848,0.0238781768068291,1.14571176461848,0.251914434394064,0.585019466215721,1508.0,CTSB,ENSG00000164733,P07858,,,,,,
blood,prot-ol,~ 0 + group_timepoint +  BMI + calculatedAge + Sex + (1 | pid),group_timepointADUResist.post_24_hr - group_timepointADUResist.pre_exercise - group_timepointADUControl.post_24_hr + group_timepointADUControl.pre_exercise,Resist.post_24_hr - Control.post_24_hr (delta-delta),exercise_with_controls,RE-CON,ADUResist,post_24_hr,OID20251,0.217184332609633,-0.18491476056501,0.619283425784277,159.216223216616,-106.654658391585,1.06644607960865,0.0822438201154319,1.06300611139371,0.287779179873143,0.62264223955404,9518.0,GDF15,ENSG00000130513,Q99988,,,,,,
blood,prot-ol,~ 0 + group_timepoint +  BMI + calculatedAge + Sex + (1 | pid),group_timepointADUResist.post_24_hr - group_timepointADUResist.pre_exercise - group_timepointADUControl.post_24_hr + group_timepointADUControl.pre_exercise,Resist.post_24_hr - Control.post_24_hr (delta-delta),exercise_with_controls,RE-CON,ADUResist,post_24_hr,OID20650,-0.169325512174989,-0.522769250967658,0.18411822661768,160.609765759998,-74.2319885689705,-0.945812349582627,0.381278987133435,-0.943140382337702,0.345609102696029,0.647788490106181,7422.0,VEGFA,ENSG00000112715,P15692,,,,,,
blood,prot-ol,~ 0 + group_timepoint +  BMI + calculatedAge + Sex + (1 | pid),group_timepointADUResist.post_24_hr - group_timepointADUResist.pre_exercise - group_timepointADUControl.post_24_hr + group_timepointADUControl.pre_exercise,Resist.post_24_hr - Control.post_24_hr (delta-delta),exercise_with_controls,RE-CON,ADUResist,post_24_hr,OID20911,-0.280581675401235,-0.990597371363552,0.429434020561082,160.356677189849,-213.034762677845,-0.780238041447772,1.38402885755428,-0.778345530880777,0.436365340525552,0.685021914165435,3569.0,IL6,ENSG00000136244,P05231,,,,,,
blood,prot-ol,~ 0 + group_timepoint +  BMI + calculatedAge + Sex + (1 | pid),group_timepointADUResist.post_24_hr - group_timepointADUResist.pre_exercise - group_timepointADUControl.post_24_hr + group_timepointADUControl.pre_exercise,Resist.post_24_hr - Control.post_24_hr (delta-delta),exercise_with_controls,RE-CON,ADUResist,post_24_hr,OID20718,0.305760554572869,-0.615314781212888,1.22683589035863,170.291349210218,-250.309834876715,0.655194112944701,1.0739241342672,0.653848672534386,0.513209305018205,0.733044187813147,3303.0,HSPA1A,ENSG00000204389,P0DMV8,,,,,,
blood,prot-ol,~ 0 + group_timepoint +  BMI + calculatedAge + Sex + (1 | pid),group_timepointADUResist.post_24_hr - group_timepointADUResist.pre_exercise - group_timepointADUControl.post_24_hr + group_timepointADUControl.pre_exercise,Resist.post_24_hr - Control.post_24_hr (delta-delta),exercise_with_controls,RE-CON,ADUResist,post_24_hr,OID20101,0.184437582539626,-0.522716665415105,0.891591830494357,159.919935280084,-214.046655276383,0.514987286988877,1.25300852006986,0.513996325529955,0.607254559676531,0.775280583220558,3569.0,IL6,ENSG00000136244,P05231,,,,,,
blood,prot-ol,~ 0 + group_timepoint +  BMI + calculatedAge + Sex + (1 | pid),group_timepointADUResist.post_24_hr - group_timepointADUResist.pre_exercise - group_timepointADUControl.post_24_hr + group_timepointADUControl.pre_exercise,Resist.post_24_hr - Control.post_24_hr (delta-delta),exercise_with_controls,RE-CON,ADUResist,post_24_hr,OID20861,0.119311900089376,-0.360780328677105,0.599404128855856,158.270132060205,-155.54364403536,0.490739661543449,0.280885067538706,0.489804669861366,0.624272125887534,0.78577521876899,2668.0,GDNF,ENSG00000168621,P39905,,,,,,
blood,prot-ol,~ 0 + group_timepoint +  BMI + calculatedAge + Sex + (1 | pid),group_timepointADUResist.post_24_hr - group_timepointADUResist.pre_exercise - group_timepointADUControl.post_24_hr + group_timepointADUControl.pre_exercise,Resist.post_24_hr - Control.post_24_hr (delta-delta),exercise_with_controls,RE-CON,ADUResist,post_24_hr,OID20503,0.165375092935881,-0.507337420921574,0.838087606793336,166.059909913982,-191.939045786906,0.485218330252264,1.15840801297836,0.484353079133932,0.628135311883187,0.788360047520111,2247.0,FGF2,ENSG00000138685,P09038,,,,,,
blood,prot-ol,~ 0 + group_timepoint +  BMI + calculatedAge + Sex + (1 | pid),group_timepointADUResist.post_24_hr - group_timepointADUResist.pre_exercise - group_timepointADUControl.post_24_hr + group_timepointADUControl.pre_exercise,Resist.post_24_hr - Control.post_24_hr (delta-delta),exercise_with_controls,RE-CON,ADUResist,post_24_hr,OID20976,-0.0641008909414583,-0.332746237802072,0.204544455919155,158.328543826814,-37.9659969364675,-0.471186850018814,0.978677569101056,-0.470298252932243,0.638141945501281,0.791810102255092,6376.0,CX3CL1,ENSG00000006210,P78423,,,,,,
blood,prot-ol,~ 0 + group_timepoint +  BMI + calculatedAge + Sex + (1 | pid),group_timepointADUResist.post_24_hr - group_timepointADUResist.pre_exercise - group_timepointADUControl.post_24_hr + group_timepointADUControl.pre_exercise,Resist.post_24_hr - Control.post_24_hr (delta-delta),exercise_with_controls,RE-CON,ADUResist,post_24_hr,OID20563,-0.0255825995607011,-0.802488506045827,0.751323306924425,161.19683892271,-228.076556182767,-0.0650118311458416,1.39510537074489,-0.0649138817710522,0.948242567851614,0.972961418280766,3569.0,IL6,ENSG00000136244,P05231,,,,,,
blood,prot-ol,~ 0 + group_timepoint +  BMI + calculatedAge + Sex + (1 | pid),group_timepointADUResist.post_24_hr - group_timepointADUResist.pre_exercise - group_timepointADUControl.post_24_hr + group_timepointADUControl.pre_exercise,Resist.post_24_hr - Control.post_24_hr (delta-delta),exercise_with_controls,RE-CON,ADUResist,post_24_hr,OID21276,0.0177478207621788,-0.633228589522584,0.668724231046941,159.523321918888,-199.821579064646,0.0538313175084643,1.11956377065637,0.0537493255346087,0.957134883477535,0.978868492556116,3569.0,IL6,ENSG00000136244,P05231,,,,,,
