"tissue","assay","platform","full_model","contrast","contrast_short","contrast_type","contrast_category","randomGroupCode","Timepoint","feature_id","logFC","CI.L_calculated","CI.R_calculated","degrees_of_freedom","logLik","t","AveExpr","z.std","p_value","adj_p_value"
"blood","metab","metab-u-hilicpos","~ 0 + group_timepoint +  BMI + calculatedAge + codedsiteid + raw_intensity_post + Sex + (1 | pid)","group_timepointADUEndur.during_20_min - group_timepointADUEndur.pre_exercise - group_timepointADUControl.during_20_min + group_timepointADUControl.pre_exercise","Endur.during_20_min - Control.during_20_min (delta-delta)","exercise_with_controls","EE-CON","ADUEndur","during_20_min","Valine",-0.0770928842641077,-0.110762435305083,-0.0434233332231325,684.089667472187,832.578401127051,-4.49564691319164,27.9105149694428,-4.46142060172325,8.14181122334238e-06,0.000167625525186461
"blood","metab","metab-u-hilicpos","~ 0 + group_timepoint +  BMI + calculatedAge + codedsiteid + raw_intensity_post + Sex + (1 | pid)","group_timepointADUEndur.during_20_min - group_timepointADUEndur.pre_exercise - group_timepointADUControl.during_20_min + group_timepointADUControl.pre_exercise","Endur.during_20_min - Control.during_20_min (delta-delta)","exercise_with_controls","EE-CON","ADUEndur","during_20_min","Kynurenic acid",0.161100610880883,0.0134211611808039,0.308780060580962,684.982229528938,-324.318301838401,2.14185644494732,13.2879862705878,2.13751978981775,0.0325557378622783,0.100836356210596
"blood","metab","metab-u-hilicpos","~ 0 + group_timepoint +  BMI + calculatedAge + codedsiteid + raw_intensity_post + Sex + (1 | pid)","group_timepointADUEndur.during_20_min - group_timepointADUEndur.pre_exercise - group_timepointADUControl.during_20_min + group_timepointADUControl.pre_exercise","Endur.during_20_min - Control.during_20_min (delta-delta)","exercise_with_controls","EE-CON","ADUEndur","during_20_min","Leucine",-0.031954509750868,-0.0747466438371302,0.0108376243353942,684.438149407449,692.044270020507,-1.46616589758886,28.0774673391846,-1.46448581782305,0.143061255277172,0.289430285242835
"blood","metab","metab-u-hilicpos","~ 0 + group_timepoint +  BMI + calculatedAge + codedsiteid + raw_intensity_post + Sex + (1 | pid)","group_timepointADUEndur.during_20_min - group_timepointADUEndur.pre_exercise - group_timepointADUControl.during_20_min + group_timepointADUControl.pre_exercise","Endur.during_20_min - Control.during_20_min (delta-delta)","exercise_with_controls","EE-CON","ADUEndur","during_20_min","Isoleucine",-0.0346448840798494,-0.0827773653035694,0.0134875971438705,684.450286101806,592.968142846959,-1.41323761148383,27.128907915646,-1.41169752363749,0.158039042828577,0.312506581864417
"blood","metab","metab-u-rpneg","~ 0 + group_timepoint +  BMI + calculatedAge + codedsiteid + raw_intensity_post + Sex + (1 | pid)","group_timepointADUEndur.during_20_min - group_timepointADUEndur.pre_exercise - group_timepointADUControl.during_20_min + group_timepointADUControl.pre_exercise","Endur.during_20_min - Control.during_20_min (delta-delta)","exercise_with_controls","EE-CON","ADUEndur","during_20_min","Ketoleucine",0.284185424223526,0.167687956642764,0.400682891804289,679.854141729317,-32.4173204992083,4.78973071352713,23.2592791537668,4.74810254648297,2.05333925763956e-06,2.9920086325605e-05
"blood","metab","metab-u-rppos","~ 0 + group_timepoint +  BMI + calculatedAge + codedsiteid + raw_intensity_post + Sex + (1 | pid)","group_timepointADUEndur.during_20_min - group_timepointADUEndur.pre_exercise - group_timepointADUControl.during_20_min + group_timepointADUControl.pre_exercise","Endur.during_20_min - Control.during_20_min (delta-delta)","exercise_with_controls","EE-CON","ADUEndur","during_20_min","Kynurenine",0.117185829900553,0.0154242300166163,0.218947429784489,672.821492945058,-14.5933393829796,2.26108904039157,19.3574929289604,2.255996558376,0.0240708466712267,0.137130884066383
"blood","metab","metab-u-hilicpos","~ 0 + group_timepoint +  BMI + calculatedAge + codedsiteid + raw_intensity_post + Sex + (1 | pid)","group_timepointADUEndur.during_40_min - group_timepointADUEndur.pre_exercise - group_timepointADUControl.during_40_min + group_timepointADUControl.pre_exercise","Endur.during_40_min - Control.during_40_min (delta-delta)","exercise_with_controls","EE-CON","ADUEndur","during_40_min","Valine",-0.0932736301717725,-0.12717992318026,-0.0593673371632852,684.089667472187,832.578401127051,-5.40124055969828,27.9105149694428,-5.34316539866565,9.13373498372001e-08,1.10234732562138e-06
"blood","metab","metab-u-hilicpos","~ 0 + group_timepoint +  BMI + calculatedAge + codedsiteid + raw_intensity_post + Sex + (1 | pid)","group_timepointADUEndur.during_40_min - group_timepointADUEndur.pre_exercise - group_timepointADUControl.during_40_min + group_timepointADUControl.pre_exercise","Endur.during_40_min - Control.during_40_min (delta-delta)","exercise_with_controls","EE-CON","ADUEndur","during_40_min","Kynurenic acid",0.31989491550514,0.171207700301172,0.468582130709107,684.982229528938,-324.318301838401,4.22421597755614,13.2879862705878,4.19569624768604,2.72034623191685e-05,0.000216391177538841
"blood","metab","metab-u-hilicpos","~ 0 + group_timepoint +  BMI + calculatedAge + codedsiteid + raw_intensity_post + Sex + (1 | pid)","group_timepointADUEndur.during_40_min - group_timepointADUEndur.pre_exercise - group_timepointADUControl.during_40_min + group_timepointADUControl.pre_exercise","Endur.during_40_min - Control.during_40_min (delta-delta)","exercise_with_controls","EE-CON","ADUEndur","during_40_min","Isoleucine",-0.0572296655902278,-0.105695151288351,-0.00876417989210423,684.450286101806,592.968142846959,-2.31847477543674,27.128907915646,-2.3131184590885,0.0207161270882776,0.0594315121385013
"blood","metab","metab-u-hilicpos","~ 0 + group_timepoint +  BMI + calculatedAge + codedsiteid + raw_intensity_post + Sex + (1 | pid)","group_timepointADUEndur.during_40_min - group_timepointADUEndur.pre_exercise - group_timepointADUControl.during_40_min + group_timepointADUControl.pre_exercise","Endur.during_40_min - Control.during_40_min (delta-delta)","exercise_with_controls","EE-CON","ADUEndur","during_40_min","Leucine",-0.0479931694244264,-0.0910814772740581,-0.00490486157479481,684.438149407449,692.044270020507,-2.18692711726911,28.0774673391846,-2.18233884618383,0.0290845340434942,0.0789115264745966
"blood","metab","metab-u-rpneg","~ 0 + group_timepoint +  BMI + calculatedAge + codedsiteid + raw_intensity_post + Sex + (1 | pid)","group_timepointADUEndur.during_40_min - group_timepointADUEndur.pre_exercise - group_timepointADUControl.during_40_min + group_timepointADUControl.pre_exercise","Endur.during_40_min - Control.during_40_min (delta-delta)","exercise_with_controls","EE-CON","ADUEndur","during_40_min","Ketoleucine",0.265883452575544,0.149523265962701,0.382243639188386,679.854141729317,-32.4173204992083,4.48655366629008,23.2592791537668,4.45205732268592,8.50514524211689e-06,0.000216881203673981
"blood","metab","metab-u-rppos","~ 0 + group_timepoint +  BMI + calculatedAge + codedsiteid + raw_intensity_post + Sex + (1 | pid)","group_timepointADUEndur.during_40_min - group_timepointADUEndur.pre_exercise - group_timepointADUControl.during_40_min + group_timepointADUControl.pre_exercise","Endur.during_40_min - Control.during_40_min (delta-delta)","exercise_with_controls","EE-CON","ADUEndur","during_40_min","Kynurenine",-0.015882301548551,-0.117999517869398,0.0862349147722957,672.821492945058,-14.5933393829796,-0.305380150022857,19.3574929289604,-0.305256712353633,0.760170641993073,0.887652675122346
"blood","metab","metab-u-hilicpos","~ 0 + group_timepoint +  BMI + calculatedAge + codedsiteid + raw_intensity_post + Sex + (1 | pid)","group_timepointADUEndur.post_10_min - group_timepointADUEndur.pre_exercise - group_timepointADUControl.post_10_min + group_timepointADUControl.pre_exercise","Endur.post_10_min - Control.post_10_min (delta-delta)","exercise_with_controls","EE-CON","ADUEndur","post_10_min","Kynurenic acid",0.447768611987165,0.298868084599839,0.59666913937449,684.982229528938,-324.318301838401,5.90433101162131,13.2879862705878,5.82936410301871,5.56389858938465e-09,9.73682253142314e-08
"blood","metab","metab-u-hilicpos","~ 0 + group_timepoint +  BMI + calculatedAge + codedsiteid + raw_intensity_post + Sex + (1 | pid)","group_timepointADUEndur.post_10_min - group_timepointADUEndur.pre_exercise - group_timepointADUControl.post_10_min + group_timepointADUControl.pre_exercise","Endur.post_10_min - Control.post_10_min (delta-delta)","exercise_with_controls","EE-CON","ADUEndur","post_10_min","Valine",-0.0596470762310979,-0.093594493896171,-0.0256996585660248,684.089667472187,832.578401127051,-3.4498297861033,27.9105149694428,-3.4337512014665,0.000595290325770891,0.00408532576509435
"blood","metab","metab-u-hilicpos","~ 0 + group_timepoint +  BMI + calculatedAge + codedsiteid + raw_intensity_post + Sex + (1 | pid)","group_timepointADUEndur.post_10_min - group_timepointADUEndur.pre_exercise - group_timepointADUControl.post_10_min + group_timepointADUControl.pre_exercise","Endur.post_10_min - Control.post_10_min (delta-delta)","exercise_with_controls","EE-CON","ADUEndur","post_10_min","Isoleucine",-0.0255476535208281,-0.0740778125271975,0.0229825054855413,684.450286101806,592.968142846959,-1.03360278759953,27.128907915646,-1.03282494056528,0.301685829877286,0.507849356865852
"blood","metab","metab-u-hilicpos","~ 0 + group_timepoint +  BMI + calculatedAge + codedsiteid + raw_intensity_post + Sex + (1 | pid)","group_timepointADUEndur.post_10_min - group_timepointADUEndur.pre_exercise - group_timepointADUControl.post_10_min + group_timepointADUControl.pre_exercise","Endur.post_10_min - Control.post_10_min (delta-delta)","exercise_with_controls","EE-CON","ADUEndur","post_10_min","Leucine",-0.0183585865101996,-0.0615042669235386,0.0247870939031394,684.438149407449,692.044270020507,-0.835443073023652,28.0774673391846,-0.834926423979081,0.40375913592881,0.60971056172337
"blood","metab","metab-u-rpneg","~ 0 + group_timepoint +  BMI + calculatedAge + codedsiteid + raw_intensity_post + Sex + (1 | pid)","group_timepointADUEndur.post_10_min - group_timepointADUEndur.pre_exercise - group_timepointADUControl.post_10_min + group_timepointADUControl.pre_exercise","Endur.post_10_min - Control.post_10_min (delta-delta)","exercise_with_controls","EE-CON","ADUEndur","post_10_min","Ketoleucine",0.2668299990404,0.149798307704661,0.38386169037614,679.854141729317,-32.4173204992083,4.47668504225204,23.2592791537668,4.44243227399246,8.89476351768779e-06,0.000181453175760831
"blood","metab","metab-u-rppos","~ 0 + group_timepoint +  BMI + calculatedAge + codedsiteid + raw_intensity_post + Sex + (1 | pid)","group_timepointADUEndur.post_10_min - group_timepointADUEndur.pre_exercise - group_timepointADUControl.post_10_min + group_timepointADUControl.pre_exercise","Endur.post_10_min - Control.post_10_min (delta-delta)","exercise_with_controls","EE-CON","ADUEndur","post_10_min","Kynurenine",-0.146417548657904,-0.249436341440143,-0.0433987558756659,672.821492945058,-14.5933393829796,-2.79063331682467,19.3574929289604,-2.78162101887482,0.00540881605799582,0.0290530691115204
"blood","metab","metab-u-hilicpos","~ 0 + group_timepoint +  BMI + calculatedAge + codedsiteid + raw_intensity_post + Sex + (1 | pid)","group_timepointADUEndur.post_15_30_45_min - group_timepointADUEndur.pre_exercise - group_timepointADUControl.post_15_30_45_min + group_timepointADUControl.pre_exercise","Endur.post_15_30_45_min - Control.post_15_30_45_min (delta-delta)","exercise_with_controls","EE-CON","ADUEndur","post_15_30_45_min","Kynurenic acid",0.294206072128997,0.147717201336601,0.440694942921392,684.982229528938,-324.318301838401,3.94330719875787,13.2879862705878,3.91984763683643,8.86049673800367e-05,0.0012921557742922
"blood","metab","metab-u-hilicpos","~ 0 + group_timepoint +  BMI + calculatedAge + codedsiteid + raw_intensity_post + Sex + (1 | pid)","group_timepointADUEndur.post_15_30_45_min - group_timepointADUEndur.pre_exercise - group_timepointADUControl.post_15_30_45_min + group_timepointADUControl.pre_exercise","Endur.post_15_30_45_min - Control.post_15_30_45_min (delta-delta)","exercise_with_controls","EE-CON","ADUEndur","post_15_30_45_min","Valine",-0.056773644440753,-0.090168996690703,-0.0233782921908029,684.089667472187,832.578401127051,-3.33792110077051,27.9105149694428,-3.32327007500018,0.000889687321138978,0.00973095507495757
"blood","metab","metab-u-hilicpos","~ 0 + group_timepoint +  BMI + calculatedAge + codedsiteid + raw_intensity_post + Sex + (1 | pid)","group_timepointADUEndur.post_15_30_45_min - group_timepointADUEndur.pre_exercise - group_timepointADUControl.post_15_30_45_min + group_timepointADUControl.pre_exercise","Endur.post_15_30_45_min - Control.post_15_30_45_min (delta-delta)","exercise_with_controls","EE-CON","ADUEndur","post_15_30_45_min","Leucine",-0.0589776030341049,-0.10142300149836,-0.0165322045698499,684.438149407449,692.044270020507,-2.72817132307106,28.0774673391846,-2.7198226100647,0.00653169456344561,0.0444789621987228
"blood","metab","metab-u-hilicpos","~ 0 + group_timepoint +  BMI + calculatedAge + codedsiteid + raw_intensity_post + Sex + (1 | pid)","group_timepointADUEndur.post_15_30_45_min - group_timepointADUEndur.pre_exercise - group_timepointADUControl.post_15_30_45_min + group_timepointADUControl.pre_exercise","Endur.post_15_30_45_min - Control.post_15_30_45_min (delta-delta)","exercise_with_controls","EE-CON","ADUEndur","post_15_30_45_min","Isoleucine",-0.0499385153337997,-0.0976810415436747,-0.00219598912392464,684.450286101806,592.968142846959,-2.05373684642978,27.128907915646,-2.04984594322919,0.0403794666671562,0.16717169859237
"blood","metab","metab-u-rpneg","~ 0 + group_timepoint +  BMI + calculatedAge + codedsiteid + raw_intensity_post + Sex + (1 | pid)","group_timepointADUEndur.post_15_30_45_min - group_timepointADUEndur.pre_exercise - group_timepointADUControl.post_15_30_45_min + group_timepointADUControl.pre_exercise","Endur.post_15_30_45_min - Control.post_15_30_45_min (delta-delta)","exercise_with_controls","EE-CON","ADUEndur","post_15_30_45_min","Ketoleucine",0.136223722105001,0.0207421186891619,0.25170532552084,679.854141729317,-32.4173204992083,2.31615086120736,23.2592791537668,2.3107174734141,0.0208484654486972,0.106327173788356
"blood","metab","metab-u-rppos","~ 0 + group_timepoint +  BMI + calculatedAge + codedsiteid + raw_intensity_post + Sex + (1 | pid)","group_timepointADUEndur.post_15_30_45_min - group_timepointADUEndur.pre_exercise - group_timepointADUControl.post_15_30_45_min + group_timepointADUControl.pre_exercise","Endur.post_15_30_45_min - Control.post_15_30_45_min (delta-delta)","exercise_with_controls","EE-CON","ADUEndur","post_15_30_45_min","Kynurenine",-0.0657954180408744,-0.166797026442919,0.0352061903611705,672.821492945058,-14.5933393829796,-1.27906975661754,19.3574929289604,-1.27782351073829,0.20131166263163,0.573267107444767
"blood","metab","metab-u-hilicpos","~ 0 + group_timepoint +  BMI + calculatedAge + codedsiteid + raw_intensity_post + Sex + (1 | pid)","group_timepointADUEndur.post_3.5_4_hr - group_timepointADUEndur.pre_exercise - group_timepointADUControl.post_3.5_4_hr + group_timepointADUControl.pre_exercise","Endur.post_3.5_4_hr - Control.post_3.5_4_hr (delta-delta)","exercise_with_controls","EE-CON","ADUEndur","post_3.5_4_hr","Kynurenic acid",0.278656384398012,0.0840596033432653,0.473253165452758,684.982229528938,-324.318301838401,2.811519410145,13.2879862705878,2.80253524766332,0.00507026756083562,0.136507203560959
"blood","metab","metab-u-hilicpos","~ 0 + group_timepoint +  BMI + calculatedAge + codedsiteid + raw_intensity_post + Sex + (1 | pid)","group_timepointADUEndur.post_3.5_4_hr - group_timepointADUEndur.pre_exercise - group_timepointADUControl.post_3.5_4_hr + group_timepointADUControl.pre_exercise","Endur.post_3.5_4_hr - Control.post_3.5_4_hr (delta-delta)","exercise_with_controls","EE-CON","ADUEndur","post_3.5_4_hr","Valine",-0.0462091200360604,-0.0906319189515476,-0.00178632112057313,684.089667472187,832.578401127051,-2.04237477996107,27.9105149694428,-2.03854428585431,0.0414955305627877,0.402442092789674
"blood","metab","metab-u-hilicpos","~ 0 + group_timepoint +  BMI + calculatedAge + codedsiteid + raw_intensity_post + Sex + (1 | pid)","group_timepointADUEndur.post_3.5_4_hr - group_timepointADUEndur.pre_exercise - group_timepointADUControl.post_3.5_4_hr + group_timepointADUControl.pre_exercise","Endur.post_3.5_4_hr - Control.post_3.5_4_hr (delta-delta)","exercise_with_controls","EE-CON","ADUEndur","post_3.5_4_hr","Isoleucine",0.056330698224194,-0.00713168149172655,0.119793077940115,684.450286101806,592.968142846959,1.7427675686671,27.128907915646,1.74022345907678,0.0818197879273542,0.561851422988109
"blood","metab","metab-u-hilicpos","~ 0 + group_timepoint +  BMI + calculatedAge + codedsiteid + raw_intensity_post + Sex + (1 | pid)","group_timepointADUEndur.post_3.5_4_hr - group_timepointADUEndur.pre_exercise - group_timepointADUControl.post_3.5_4_hr + group_timepointADUControl.pre_exercise","Endur.post_3.5_4_hr - Control.post_3.5_4_hr (delta-delta)","exercise_with_controls","EE-CON","ADUEndur","post_3.5_4_hr","Leucine",0.010856324369616,-0.0455657883086077,0.0672784370478397,684.438149407449,692.044270020507,0.37778505170438,28.0774673391846,0.377628520834848,0.705706574310954,0.972067774120201
"blood","metab","metab-u-rpneg","~ 0 + group_timepoint +  BMI + calculatedAge + codedsiteid + raw_intensity_post + Sex + (1 | pid)","group_timepointADUEndur.post_3.5_4_hr - group_timepointADUEndur.pre_exercise - group_timepointADUControl.post_3.5_4_hr + group_timepointADUControl.pre_exercise","Endur.post_3.5_4_hr - Control.post_3.5_4_hr (delta-delta)","exercise_with_controls","EE-CON","ADUEndur","post_3.5_4_hr","Ketoleucine",-0.0327454536797589,-0.184878266248361,0.119387358888843,679.854141729317,-32.4173204992083,-0.422607083776786,23.2592791537668,-0.422427112752812,0.672713291468525,0.918435855109669
"blood","metab","metab-u-rppos","~ 0 + group_timepoint +  BMI + calculatedAge + codedsiteid + raw_intensity_post + Sex + (1 | pid)","group_timepointADUEndur.post_3.5_4_hr - group_timepointADUEndur.pre_exercise - group_timepointADUControl.post_3.5_4_hr + group_timepointADUControl.pre_exercise","Endur.post_3.5_4_hr - Control.post_3.5_4_hr (delta-delta)","exercise_with_controls","EE-CON","ADUEndur","post_3.5_4_hr","Kynurenine",0.0681714909162388,-0.065800978306135,0.202143960138612,672.821492945058,-14.5933393829796,0.999098528684507,19.3574929289604,0.99836574931717,0.3181020357556,0.84398329324225
"blood","metab","metab-u-hilicpos","~ 0 + group_timepoint +  BMI + calculatedAge + codedsiteid + raw_intensity_post + Sex + (1 | pid)","group_timepointADUEndur.post_24_hr - group_timepointADUEndur.pre_exercise - group_timepointADUControl.post_24_hr + group_timepointADUControl.pre_exercise","Endur.post_24_hr - Control.post_24_hr (delta-delta)","exercise_with_controls","EE-CON","ADUEndur","post_24_hr","Isoleucine",-0.0762403951670834,-0.135830740900865,-0.0166500494333017,684.450286101806,592.968142846959,-2.51200518132138,27.128907915646,-2.50537664290955,0.012232105851546,0.2038684308591
"blood","metab","metab-u-hilicpos","~ 0 + group_timepoint +  BMI + calculatedAge + codedsiteid + raw_intensity_post + Sex + (1 | pid)","group_timepointADUEndur.post_24_hr - group_timepointADUEndur.pre_exercise - group_timepointADUControl.post_24_hr + group_timepointADUControl.pre_exercise","Endur.post_24_hr - Control.post_24_hr (delta-delta)","exercise_with_controls","EE-CON","ADUEndur","post_24_hr","Leucine",-0.0211773702154829,-0.0741568473324029,0.031802106901437,684.438149407449,692.044270020507,-0.784831212386433,28.0774673391846,-0.784371107991752,0.432822386295754,0.802989036493954
"blood","metab","metab-u-hilicpos","~ 0 + group_timepoint +  BMI + calculatedAge + codedsiteid + raw_intensity_post + Sex + (1 | pid)","group_timepointADUEndur.post_24_hr - group_timepointADUEndur.pre_exercise - group_timepointADUControl.post_24_hr + group_timepointADUControl.pre_exercise","Endur.post_24_hr - Control.post_24_hr (delta-delta)","exercise_with_controls","EE-CON","ADUEndur","post_24_hr","Kynurenic acid",-0.0364548499815882,-0.219197290688978,0.146287590725802,684.982229528938,-324.318301838401,-0.391673829112388,13.2879862705878,-0.391510593291809,0.695419860003915,0.908592421128168
"blood","metab","metab-u-hilicpos","~ 0 + group_timepoint +  BMI + calculatedAge + codedsiteid + raw_intensity_post + Sex + (1 | pid)","group_timepointADUEndur.post_24_hr - group_timepointADUEndur.pre_exercise - group_timepointADUControl.post_24_hr + group_timepointADUControl.pre_exercise","Endur.post_24_hr - Control.post_24_hr (delta-delta)","exercise_with_controls","EE-CON","ADUEndur","post_24_hr","Valine",8.50951113449128e-05,-0.0416226373420536,0.0417928275647434,684.089667472187,832.578401127051,0.00400591706752817,27.9105149694428,0.00400445948661688,0.996804912140513,0.999467075799301
"blood","metab","metab-u-rpneg","~ 0 + group_timepoint +  BMI + calculatedAge + codedsiteid + raw_intensity_post + Sex + (1 | pid)","group_timepointADUEndur.post_24_hr - group_timepointADUEndur.pre_exercise - group_timepointADUControl.post_24_hr + group_timepointADUControl.pre_exercise","Endur.post_24_hr - Control.post_24_hr (delta-delta)","exercise_with_controls","EE-CON","ADUEndur","post_24_hr","Ketoleucine",-0.141857387562965,-0.284816267711433,0.0011014925855036,679.854141729317,-32.4173204992083,-1.94828430013887,23.2592791537668,-1.94490409321305,0.0517865223136399,0.585047998104499
"blood","metab","metab-u-rppos","~ 0 + group_timepoint +  BMI + calculatedAge + codedsiteid + raw_intensity_post + Sex + (1 | pid)","group_timepointADUEndur.post_24_hr - group_timepointADUEndur.pre_exercise - group_timepointADUControl.post_24_hr + group_timepointADUControl.pre_exercise","Endur.post_24_hr - Control.post_24_hr (delta-delta)","exercise_with_controls","EE-CON","ADUEndur","post_24_hr","Kynurenine",0.0305077718534221,-0.0952978883386651,0.156313432045509,672.821492945058,-14.5933393829796,0.476137428426443,19.3574929289604,0.475922686250167,0.634129459235418,0.969896045359225
"blood","metab","metab-u-hilicpos","~ 0 + group_timepoint +  BMI + calculatedAge + codedsiteid + raw_intensity_post + Sex + (1 | pid)","group_timepointADUResist.post_10_min - group_timepointADUResist.pre_exercise - group_timepointADUControl.post_10_min + group_timepointADUControl.pre_exercise","Resist.post_10_min - Control.post_10_min (delta-delta)","exercise_with_controls","RE-CON","ADUResist","post_10_min","Valine",-0.118487779089577,-0.151986423496748,-0.0849891346824058,684.089667472187,832.578401127051,-6.94482828010084,27.9105149694428,-6.82469959201906,8.81094954951541e-12,1.9273952139565e-10
"blood","metab","metab-u-hilicpos","~ 0 + group_timepoint +  BMI + calculatedAge + codedsiteid + raw_intensity_post + Sex + (1 | pid)","group_timepointADUResist.post_10_min - group_timepointADUResist.pre_exercise - group_timepointADUControl.post_10_min + group_timepointADUControl.pre_exercise","Resist.post_10_min - Control.post_10_min (delta-delta)","exercise_with_controls","RE-CON","ADUResist","post_10_min","Leucine",-0.143344444115804,-0.185918589921055,-0.100770298310554,684.438149407449,692.044270020507,-6.61073448088017,28.0774673391846,-6.50660261495825,7.6869400674794e-11,1.41601527558831e-09
"blood","metab","metab-u-hilicpos","~ 0 + group_timepoint +  BMI + calculatedAge + codedsiteid + raw_intensity_post + Sex + (1 | pid)","group_timepointADUResist.post_10_min - group_timepointADUResist.pre_exercise - group_timepointADUControl.post_10_min + group_timepointADUControl.pre_exercise","Resist.post_10_min - Control.post_10_min (delta-delta)","exercise_with_controls","RE-CON","ADUResist","post_10_min","Isoleucine",-0.15174937678686,-0.199636641272437,-0.103862112301283,684.450286101806,592.968142846959,-6.22187242780046,27.128907915646,-6.13454256535765,8.54045757267184e-10,1.3587091592887e-08
"blood","metab","metab-u-hilicpos","~ 0 + group_timepoint +  BMI + calculatedAge + codedsiteid + raw_intensity_post + Sex + (1 | pid)","group_timepointADUResist.post_10_min - group_timepointADUResist.pre_exercise - group_timepointADUControl.post_10_min + group_timepointADUControl.pre_exercise","Resist.post_10_min - Control.post_10_min (delta-delta)","exercise_with_controls","RE-CON","ADUResist","post_10_min","Kynurenic acid",0.230775227737798,0.0838509560615992,0.377699499413997,684.982229528938,-324.318301838401,3.08395971074216,13.2879862705878,3.07226117836243,0.00212443754459819,0.00872174304203069
"blood","metab","metab-u-rpneg","~ 0 + group_timepoint +  BMI + calculatedAge + codedsiteid + raw_intensity_post + Sex + (1 | pid)","group_timepointADUResist.post_10_min - group_timepointADUResist.pre_exercise - group_timepointADUControl.post_10_min + group_timepointADUControl.pre_exercise","Resist.post_10_min - Control.post_10_min (delta-delta)","exercise_with_controls","RE-CON","ADUResist","post_10_min","Ketoleucine",0.523702768101689,0.408338431630281,0.639067104573097,679.854141729317,-32.4173204992083,8.91328280095453,23.2592791537668,8.66427864511463,4.54380800289354e-18,1.5448947209838e-16
"blood","metab","metab-u-rppos","~ 0 + group_timepoint +  BMI + calculatedAge + codedsiteid + raw_intensity_post + Sex + (1 | pid)","group_timepointADUResist.post_10_min - group_timepointADUResist.pre_exercise - group_timepointADUControl.post_10_min + group_timepointADUControl.pre_exercise","Resist.post_10_min - Control.post_10_min (delta-delta)","exercise_with_controls","RE-CON","ADUResist","post_10_min","Kynurenine",0.0669585364524252,-0.0343061610715945,0.168223233976445,672.821492945058,-14.5933393829796,1.29829680652377,19.3574929289604,1.29700935333756,0.194627968568902,0.415796114669927
"blood","metab","metab-u-hilicpos","~ 0 + group_timepoint +  BMI + calculatedAge + codedsiteid + raw_intensity_post + Sex + (1 | pid)","group_timepointADUResist.post_15_30_45_min - group_timepointADUResist.pre_exercise - group_timepointADUControl.post_15_30_45_min + group_timepointADUControl.pre_exercise","Resist.post_15_30_45_min - Control.post_15_30_45_min (delta-delta)","exercise_with_controls","RE-CON","ADUResist","post_15_30_45_min","Leucine",-0.202380740976992,-0.24409744574436,-0.160664036209623,684.438149407449,692.044270020507,-9.52519469904121,28.0774673391846,-9.2277721807088,2.76318980730662e-20,9.67116432557318e-19
"blood","metab","metab-u-hilicpos","~ 0 + group_timepoint +  BMI + calculatedAge + codedsiteid + raw_intensity_post + Sex + (1 | pid)","group_timepointADUResist.post_15_30_45_min - group_timepointADUResist.pre_exercise - group_timepointADUControl.post_15_30_45_min + group_timepointADUControl.pre_exercise","Resist.post_15_30_45_min - Control.post_15_30_45_min (delta-delta)","exercise_with_controls","RE-CON","ADUResist","post_15_30_45_min","Isoleucine",-0.19344630932185,-0.240369101830817,-0.146523516812882,684.450286101806,592.968142846959,-8.09451248307126,27.128907915646,-7.90798066276183,2.61597434532654e-15,7.04300785280221e-14
"blood","metab","metab-u-hilicpos","~ 0 + group_timepoint +  BMI + calculatedAge + codedsiteid + raw_intensity_post + Sex + (1 | pid)","group_timepointADUResist.post_15_30_45_min - group_timepointADUResist.pre_exercise - group_timepointADUControl.post_15_30_45_min + group_timepointADUControl.pre_exercise","Resist.post_15_30_45_min - Control.post_15_30_45_min (delta-delta)","exercise_with_controls","RE-CON","ADUResist","post_15_30_45_min","Valine",-0.12253956369965,-0.155364470682262,-0.0897146567170384,684.089667472187,832.578401127051,-7.32972909687953,27.9105149694428,-7.18938410962938,6.50842360681185e-13,1.08473726780197e-11
"blood","metab","metab-u-hilicpos","~ 0 + group_timepoint +  BMI + calculatedAge + codedsiteid + raw_intensity_post + Sex + (1 | pid)","group_timepointADUResist.post_15_30_45_min - group_timepointADUResist.pre_exercise - group_timepointADUControl.post_15_30_45_min + group_timepointADUControl.pre_exercise","Resist.post_15_30_45_min - Control.post_15_30_45_min (delta-delta)","exercise_with_controls","RE-CON","ADUResist","post_15_30_45_min","Kynurenic acid",0.207589711181731,0.0636265489179696,0.351552873445492,684.982229528938,-324.318301838401,2.83117957920901,13.2879862705878,2.82195804239924,0.00477314215742165,0.0185622195010842
"blood","metab","metab-u-rpneg","~ 0 + group_timepoint +  BMI + calculatedAge + codedsiteid + raw_intensity_post + Sex + (1 | pid)","group_timepointADUResist.post_15_30_45_min - group_timepointADUResist.pre_exercise - group_timepointADUControl.post_15_30_45_min + group_timepointADUControl.pre_exercise","Resist.post_15_30_45_min - Control.post_15_30_45_min (delta-delta)","exercise_with_controls","RE-CON","ADUResist","post_15_30_45_min","Ketoleucine",0.448372027837088,0.335503939283321,0.561240116390855,679.854141729317,-32.4173204992083,7.79998625914379,23.2592791537668,7.62972637869428,2.35252486501294e-14,2.9994692028915e-13
"blood","metab","metab-u-rppos","~ 0 + group_timepoint +  BMI + calculatedAge + codedsiteid + raw_intensity_post + Sex + (1 | pid)","group_timepointADUResist.post_15_30_45_min - group_timepointADUResist.pre_exercise - group_timepointADUControl.post_15_30_45_min + group_timepointADUControl.pre_exercise","Resist.post_15_30_45_min - Control.post_15_30_45_min (delta-delta)","exercise_with_controls","RE-CON","ADUResist","post_15_30_45_min","Kynurenine",0.145071625641425,0.0458238224978011,0.244319428785048,672.821492945058,-14.5933393829796,2.87004167091875,19.3574929289604,2.86029570255536,0.00423246156455503,0.0225580485862483
"blood","metab","metab-u-hilicpos","~ 0 + group_timepoint +  BMI + calculatedAge + codedsiteid + raw_intensity_post + Sex + (1 | pid)","group_timepointADUResist.post_3.5_4_hr - group_timepointADUResist.pre_exercise - group_timepointADUControl.post_3.5_4_hr + group_timepointADUControl.pre_exercise","Resist.post_3.5_4_hr - Control.post_3.5_4_hr (delta-delta)","exercise_with_controls","RE-CON","ADUResist","post_3.5_4_hr","Valine",-0.14048243743003,-0.183824289461327,-0.0971405853987339,684.089667472187,832.578401127051,-6.3639573006279,27.9105149694428,-6.27091654288288,3.5892897480887e-10,2.51250282366209e-08
"blood","metab","metab-u-hilicpos","~ 0 + group_timepoint +  BMI + calculatedAge + codedsiteid + raw_intensity_post + Sex + (1 | pid)","group_timepointADUResist.post_3.5_4_hr - group_timepointADUResist.pre_exercise - group_timepointADUControl.post_3.5_4_hr + group_timepointADUControl.pre_exercise","Resist.post_3.5_4_hr - Control.post_3.5_4_hr (delta-delta)","exercise_with_controls","RE-CON","ADUResist","post_3.5_4_hr","Kynurenic acid",0.506426985562207,0.31670524906343,0.696148722060985,684.982229528938,-324.318301838401,5.24088417017978,13.2879862705878,5.18833972331208,2.1217726566787e-07,4.95080286558363e-06
"blood","metab","metab-u-hilicpos","~ 0 + group_timepoint +  BMI + calculatedAge + codedsiteid + raw_intensity_post + Sex + (1 | pid)","group_timepointADUResist.post_3.5_4_hr - group_timepointADUResist.pre_exercise - group_timepointADUControl.post_3.5_4_hr + group_timepointADUControl.pre_exercise","Resist.post_3.5_4_hr - Control.post_3.5_4_hr (delta-delta)","exercise_with_controls","RE-CON","ADUResist","post_3.5_4_hr","Leucine",-0.112498893949869,-0.167526588981205,-0.0574711989185333,684.438149407449,692.044270020507,-4.01398898805117,28.0774673391846,-3.98944700256944,6.62275137950817e-05,0.000922417749668006
"blood","metab","metab-u-hilicpos","~ 0 + group_timepoint +  BMI + calculatedAge + codedsiteid + raw_intensity_post + Sex + (1 | pid)","group_timepointADUResist.post_3.5_4_hr - group_timepointADUResist.pre_exercise - group_timepointADUControl.post_3.5_4_hr + group_timepointADUControl.pre_exercise","Resist.post_3.5_4_hr - Control.post_3.5_4_hr (delta-delta)","exercise_with_controls","RE-CON","ADUResist","post_3.5_4_hr","Isoleucine",-0.0567089523501032,-0.118602321911618,0.00518441721141171,684.450286101806,592.968142846959,-1.79893764843405,27.128907915646,-1.79619002293078,0.0724643009344154,0.159994141633918
"blood","metab","metab-u-rpneg","~ 0 + group_timepoint +  BMI + calculatedAge + codedsiteid + raw_intensity_post + Sex + (1 | pid)","group_timepointADUResist.post_3.5_4_hr - group_timepointADUResist.pre_exercise - group_timepointADUControl.post_3.5_4_hr + group_timepointADUControl.pre_exercise","Resist.post_3.5_4_hr - Control.post_3.5_4_hr (delta-delta)","exercise_with_controls","RE-CON","ADUResist","post_3.5_4_hr","Ketoleucine",-0.246743966891675,-0.394618612569773,-0.0988693212135766,679.854141729317,-32.4173204992083,-3.2760926778229,23.2592791537668,-3.26240784701877,0.0011047008319222,0.0112679484856064
"blood","metab","metab-u-rppos","~ 0 + group_timepoint +  BMI + calculatedAge + codedsiteid + raw_intensity_post + Sex + (1 | pid)","group_timepointADUResist.post_3.5_4_hr - group_timepointADUResist.pre_exercise - group_timepointADUControl.post_3.5_4_hr + group_timepointADUControl.pre_exercise","Resist.post_3.5_4_hr - Control.post_3.5_4_hr (delta-delta)","exercise_with_controls","RE-CON","ADUResist","post_3.5_4_hr","Kynurenine",-0.0561306820483836,-0.187033024730283,0.074771660633516,672.821492945058,-14.5933393829796,-0.841920921160293,19.3574929289604,-0.841394579219862,0.400126921279996,0.73744745296377
"blood","metab","metab-u-hilicpos","~ 0 + group_timepoint +  BMI + calculatedAge + codedsiteid + raw_intensity_post + Sex + (1 | pid)","group_timepointADUResist.post_24_hr - group_timepointADUResist.pre_exercise - group_timepointADUControl.post_24_hr + group_timepointADUControl.pre_exercise","Resist.post_24_hr - Control.post_24_hr (delta-delta)","exercise_with_controls","RE-CON","ADUResist","post_24_hr","Isoleucine",-0.159649572476088,-0.218798266438091,-0.100500878514085,684.450286101806,592.968142846959,-5.29943168791917,27.128907915646,-5.24504150893051,1.5624714620301e-07,2.73432505855267e-05
"blood","metab","metab-u-hilicpos","~ 0 + group_timepoint +  BMI + calculatedAge + codedsiteid + raw_intensity_post + Sex + (1 | pid)","group_timepointADUResist.post_24_hr - group_timepointADUResist.pre_exercise - group_timepointADUControl.post_24_hr + group_timepointADUControl.pre_exercise","Resist.post_24_hr - Control.post_24_hr (delta-delta)","exercise_with_controls","RE-CON","ADUResist","post_24_hr","Valine",-0.0731868274779082,-0.114622822683874,-0.031750832271942,684.089667472187,832.578401127051,-3.46790225826701,27.9105149694428,-3.45165916098493,0.000557151045562167,0.0195002865946758
"blood","metab","metab-u-hilicpos","~ 0 + group_timepoint +  BMI + calculatedAge + codedsiteid + raw_intensity_post + Sex + (1 | pid)","group_timepointADUResist.post_24_hr - group_timepointADUResist.pre_exercise - group_timepointADUControl.post_24_hr + group_timepointADUControl.pre_exercise","Resist.post_24_hr - Control.post_24_hr (delta-delta)","exercise_with_controls","RE-CON","ADUResist","post_24_hr","Leucine",-0.0638648040411773,-0.116452756795498,-0.0112768512868571,684.438149407449,692.044270020507,-2.38441948355871,28.0774673391846,-2.37869221793522,0.017374175931478,0.144784799428983
"blood","metab","metab-u-hilicpos","~ 0 + group_timepoint +  BMI + calculatedAge + codedsiteid + raw_intensity_post + Sex + (1 | pid)","group_timepointADUResist.post_24_hr - group_timepointADUResist.pre_exercise - group_timepointADUControl.post_24_hr + group_timepointADUControl.pre_exercise","Resist.post_24_hr - Control.post_24_hr (delta-delta)","exercise_with_controls","RE-CON","ADUResist","post_24_hr","Kynurenic acid",-0.130860741717036,-0.31211475268185,0.050393269247777,684.982229528938,-324.318301838401,-1.41750331074608,13.2879862705878,-1.41597658813426,0.156782359201109,0.489311009727664
"blood","metab","metab-u-rpneg","~ 0 + group_timepoint +  BMI + calculatedAge + codedsiteid + raw_intensity_post + Sex + (1 | pid)","group_timepointADUResist.post_24_hr - group_timepointADUResist.pre_exercise - group_timepointADUControl.post_24_hr + group_timepointADUControl.pre_exercise","Resist.post_24_hr - Control.post_24_hr (delta-delta)","exercise_with_controls","RE-CON","ADUResist","post_24_hr","Ketoleucine",-0.256427297624541,-0.397035811063285,-0.115818784185796,679.854141729317,-32.4173204992083,-3.58063083586086,23.2592791537668,-3.56295810378625,0.000366699221725982,0.0084539080668066
"blood","metab","metab-u-rppos","~ 0 + group_timepoint +  BMI + calculatedAge + codedsiteid + raw_intensity_post + Sex + (1 | pid)","group_timepointADUResist.post_24_hr - group_timepointADUResist.pre_exercise - group_timepointADUControl.post_24_hr + group_timepointADUControl.pre_exercise","Resist.post_24_hr - Control.post_24_hr (delta-delta)","exercise_with_controls","RE-CON","ADUResist","post_24_hr","Kynurenine",-0.124686338324725,-0.248333855796864,-0.00103882085258623,672.821492945058,-14.5933393829796,-1.97994613629249,19.3574929289604,-1.97638363875385,0.0481113431839242,0.37345730519093
"blood","metab","metab-u-hilicpos","~ 0 + group_timepoint +  BMI + calculatedAge + codedsiteid + raw_intensity_post + Sex + (1 | pid)","group_timepointADUEndur.post_10_min - group_timepointADUEndur.pre_exercise - group_timepointADUResist.post_10_min + group_timepointADUResist.pre_exercise","Endur.post_10_min - Resist.post_10_min (delta-delta)","Endur_vs_Resist","EE-RE","ADUEndur","post_10_min","Leucine",0.124985857605605,0.0893424045273846,0.160629310683825,684.438149407449,692.044270020507,6.88485803780079,28.0774673391846,6.7678915659285,1.30672628343229e-11,1.63340785429036e-10
"blood","metab","metab-u-hilicpos","~ 0 + group_timepoint +  BMI + calculatedAge + codedsiteid + raw_intensity_post + Sex + (1 | pid)","group_timepointADUEndur.post_10_min - group_timepointADUEndur.pre_exercise - group_timepointADUResist.post_10_min + group_timepointADUResist.pre_exercise","Endur.post_10_min - Resist.post_10_min (delta-delta)","Endur_vs_Resist","EE-RE","ADUEndur","post_10_min","Isoleucine",0.126201723266032,0.0861102478939735,0.16629319863809,684.450286101806,592.968142846959,6.18054184721334,27.128907915646,6.09497753093748,1.09452824019038e-09,1.24319038399138e-08
"blood","metab","metab-u-hilicpos","~ 0 + group_timepoint +  BMI + calculatedAge + codedsiteid + raw_intensity_post + Sex + (1 | pid)","group_timepointADUEndur.post_10_min - group_timepointADUEndur.pre_exercise - group_timepointADUResist.post_10_min + group_timepointADUResist.pre_exercise","Endur.post_10_min - Resist.post_10_min (delta-delta)","Endur_vs_Resist","EE-RE","ADUEndur","post_10_min","Valine",0.058840702858479,0.0307901665561869,0.086891239160771,684.089667472187,832.578401127051,4.11861660630942,27.9105149694428,4.09201388333377,4.27643041955638e-05,0.000325380575401029
"blood","metab","metab-u-hilicpos","~ 0 + group_timepoint +  BMI + calculatedAge + codedsiteid + raw_intensity_post + Sex + (1 | pid)","group_timepointADUEndur.post_10_min - group_timepointADUEndur.pre_exercise - group_timepointADUResist.post_10_min + group_timepointADUResist.pre_exercise","Endur.post_10_min - Resist.post_10_min (delta-delta)","Endur_vs_Resist","EE-RE","ADUEndur","post_10_min","Kynurenic acid",0.216993384249367,0.0940042089722201,0.339982559526514,684.982229528938,-324.318301838401,3.46410895386907,13.2879862705878,3.44791104670247,0.000564940061525146,0.0034091210609276
"blood","metab","metab-u-rpneg","~ 0 + group_timepoint +  BMI + calculatedAge + codedsiteid + raw_intensity_post + Sex + (1 | pid)","group_timepointADUEndur.post_10_min - group_timepointADUEndur.pre_exercise - group_timepointADUResist.post_10_min + group_timepointADUResist.pre_exercise","Endur.post_10_min - Resist.post_10_min (delta-delta)","Endur_vs_Resist","EE-RE","ADUEndur","post_10_min","Ketoleucine",-0.256872769061289,-0.354337441180717,-0.15940809694186,679.854141729317,-32.4173204992083,-5.17479200944161,23.2592791537668,-5.1230086953322,3.00698476763922e-07,1.91695278937e-06
"blood","metab","metab-u-rppos","~ 0 + group_timepoint +  BMI + calculatedAge + codedsiteid + raw_intensity_post + Sex + (1 | pid)","group_timepointADUEndur.post_10_min - group_timepointADUEndur.pre_exercise - group_timepointADUResist.post_10_min + group_timepointADUResist.pre_exercise","Endur.post_10_min - Resist.post_10_min (delta-delta)","Endur_vs_Resist","EE-RE","ADUEndur","post_10_min","Kynurenine",-0.21337608511033,-0.299389344667685,-0.127362825552974,672.821492945058,-14.5933393829796,-4.87084920122041,19.3574929289604,-4.82723613937702,1.38440932008997e-06,1.23937596274721e-05
"blood","metab","metab-u-hilicpos","~ 0 + group_timepoint +  BMI + calculatedAge + codedsiteid + raw_intensity_post + Sex + (1 | pid)","group_timepointADUEndur.post_15_30_45_min - group_timepointADUEndur.pre_exercise - group_timepointADUResist.post_15_30_45_min + group_timepointADUResist.pre_exercise","Endur.post_15_30_45_min - Resist.post_15_30_45_min (delta-delta)","Endur_vs_Resist","EE-RE","ADUEndur","post_15_30_45_min","Leucine",0.143403137942887,0.108015357573511,0.178790918312262,684.438149407449,692.044270020507,7.95644670894151,28.0774673391846,7.77897635728551,7.31137230433716e-15,1.0662417943825e-13
"blood","metab","metab-u-hilicpos","~ 0 + group_timepoint +  BMI + calculatedAge + codedsiteid + raw_intensity_post + Sex + (1 | pid)","group_timepointADUEndur.post_15_30_45_min - group_timepointADUEndur.pre_exercise - group_timepointADUResist.post_15_30_45_min + group_timepointADUResist.pre_exercise","Endur.post_15_30_45_min - Resist.post_15_30_45_min (delta-delta)","Endur_vs_Resist","EE-RE","ADUEndur","post_15_30_45_min","Isoleucine",0.14350779398805,0.103703908187605,0.183311679788495,684.450286101806,592.968142846959,7.07885900324655,27.128907915646,6.95222415837597,3.59571445885208e-12,4.3396553813732e-11
"blood","metab","metab-u-hilicpos","~ 0 + group_timepoint +  BMI + calculatedAge + codedsiteid + raw_intensity_post + Sex + (1 | pid)","group_timepointADUEndur.post_15_30_45_min - group_timepointADUEndur.pre_exercise - group_timepointADUResist.post_15_30_45_min + group_timepointADUResist.pre_exercise","Endur.post_15_30_45_min - Resist.post_15_30_45_min (delta-delta)","Endur_vs_Resist","EE-RE","ADUEndur","post_15_30_45_min","Valine",0.0657659192588973,0.0379162276828071,0.0936156108349875,684.089667472187,832.578401127051,4.63655217096835,27.9105149694428,4.59917654596869,4.24164212497732e-06,3.24877759742639e-05
"blood","metab","metab-u-hilicpos","~ 0 + group_timepoint +  BMI + calculatedAge + codedsiteid + raw_intensity_post + Sex + (1 | pid)","group_timepointADUEndur.post_15_30_45_min - group_timepointADUEndur.pre_exercise - group_timepointADUResist.post_15_30_45_min + group_timepointADUResist.pre_exercise","Endur.post_15_30_45_min - Resist.post_15_30_45_min (delta-delta)","Endur_vs_Resist","EE-RE","ADUEndur","post_15_30_45_min","Kynurenic acid",0.0866163609472661,-0.0354895788975557,0.208722300792088,684.982229528938,-324.318301838401,1.39275594682041,13.2879862705878,1.39127196101943,0.164142972985015,0.304943370175039
"blood","metab","metab-u-rpneg","~ 0 + group_timepoint +  BMI + calculatedAge + codedsiteid + raw_intensity_post + Sex + (1 | pid)","group_timepointADUEndur.post_15_30_45_min - group_timepointADUEndur.pre_exercise - group_timepointADUResist.post_15_30_45_min + group_timepointADUResist.pre_exercise","Endur.post_15_30_45_min - Resist.post_15_30_45_min (delta-delta)","Endur_vs_Resist","EE-RE","ADUEndur","post_15_30_45_min","Ketoleucine",-0.312148305732087,-0.409329557604469,-0.214967053859706,679.854141729317,-32.4173204992083,-6.30667810798206,23.2592791537668,-6.21494815532703,5.13415986188305e-10,4.76076641738246e-09
"blood","metab","metab-u-rppos","~ 0 + group_timepoint +  BMI + calculatedAge + codedsiteid + raw_intensity_post + Sex + (1 | pid)","group_timepointADUEndur.post_15_30_45_min - group_timepointADUEndur.pre_exercise - group_timepointADUResist.post_15_30_45_min + group_timepointADUResist.pre_exercise","Endur.post_15_30_45_min - Resist.post_15_30_45_min (delta-delta)","Endur_vs_Resist","EE-RE","ADUEndur","post_15_30_45_min","Kynurenine",-0.210867043682299,-0.296012632759561,-0.125721454605037,672.821492945058,-14.5933393829796,-4.86262972485791,19.3574929289604,-4.81921209119064,1.44126275016916e-06,1.5053188723989e-05
"blood","metab","metab-u-hilicpos","~ 0 + group_timepoint +  BMI + calculatedAge + codedsiteid + raw_intensity_post + Sex + (1 | pid)","group_timepointADUEndur.post_3.5_4_hr - group_timepointADUEndur.pre_exercise - group_timepointADUResist.post_3.5_4_hr + group_timepointADUResist.pre_exercise","Endur.post_3.5_4_hr - Resist.post_3.5_4_hr (delta-delta)","Endur_vs_Resist","EE-RE","ADUEndur","post_3.5_4_hr","Leucine",0.123355218319485,0.0767920275876468,0.169918409051324,684.438149407449,692.044270020507,5.20143280407955,28.0774673391846,5.1497974162245,2.60767962432223e-07,2.28171967128195e-05
"blood","metab","metab-u-hilicpos","~ 0 + group_timepoint +  BMI + calculatedAge + codedsiteid + raw_intensity_post + Sex + (1 | pid)","group_timepointADUEndur.post_3.5_4_hr - group_timepointADUEndur.pre_exercise - group_timepointADUResist.post_3.5_4_hr + group_timepointADUResist.pre_exercise","Endur.post_3.5_4_hr - Resist.post_3.5_4_hr (delta-delta)","Endur_vs_Resist","EE-RE","ADUEndur","post_3.5_4_hr","Valine",0.09427331739397,0.057590855284136,0.130955779503804,684.089667472187,832.578401127051,5.04594452409206,27.9105149694428,4.998398877473,5.78083089601534e-07,4.04658162721074e-05
"blood","metab","metab-u-hilicpos","~ 0 + group_timepoint +  BMI + calculatedAge + codedsiteid + raw_intensity_post + Sex + (1 | pid)","group_timepointADUEndur.post_3.5_4_hr - group_timepointADUEndur.pre_exercise - group_timepointADUResist.post_3.5_4_hr + group_timepointADUResist.pre_exercise","Endur.post_3.5_4_hr - Resist.post_3.5_4_hr (delta-delta)","Endur_vs_Resist","EE-RE","ADUEndur","post_3.5_4_hr","Isoleucine",0.113039650574297,0.0606671404897,0.165412160658894,684.450286101806,592.968142846959,4.23774652549746,27.128907915646,4.20914401504237,2.56339968819267e-05,0.000815627173515851
"blood","metab","metab-u-hilicpos","~ 0 + group_timepoint +  BMI + calculatedAge + codedsiteid + raw_intensity_post + Sex + (1 | pid)","group_timepointADUEndur.post_3.5_4_hr - group_timepointADUEndur.pre_exercise - group_timepointADUResist.post_3.5_4_hr + group_timepointADUResist.pre_exercise","Endur.post_3.5_4_hr - Resist.post_3.5_4_hr (delta-delta)","Endur_vs_Resist","EE-RE","ADUEndur","post_3.5_4_hr","Kynurenic acid",-0.227770601164195,-0.388281143862742,-0.0672600584656487,684.982229528938,-324.318301838401,-2.7861051865775,13.2879862705878,-2.77739319726888,0.00547968454949385,0.0368824921600548
"blood","metab","metab-u-rpneg","~ 0 + group_timepoint +  BMI + calculatedAge + codedsiteid + raw_intensity_post + Sex + (1 | pid)","group_timepointADUEndur.post_3.5_4_hr - group_timepointADUEndur.pre_exercise - group_timepointADUResist.post_3.5_4_hr + group_timepointADUResist.pre_exercise","Endur.post_3.5_4_hr - Resist.post_3.5_4_hr (delta-delta)","Endur_vs_Resist","EE-RE","ADUEndur","post_3.5_4_hr","Ketoleucine",0.213998513211916,0.0884565243500995,0.339540502073732,679.854141729317,-32.4173204992083,3.34673376154354,23.2592791537668,3.3322767234471,0.000861385586459315,0.00976236997987223
"blood","metab","metab-u-rppos","~ 0 + group_timepoint +  BMI + calculatedAge + codedsiteid + raw_intensity_post + Sex + (1 | pid)","group_timepointADUEndur.post_3.5_4_hr - group_timepointADUEndur.pre_exercise - group_timepointADUResist.post_3.5_4_hr + group_timepointADUResist.pre_exercise","Endur.post_3.5_4_hr - Resist.post_3.5_4_hr (delta-delta)","Endur_vs_Resist","EE-RE","ADUEndur","post_3.5_4_hr","Kynurenine",0.124302172964622,0.012902342044952,0.235702003884293,672.821492945058,-14.5933393829796,2.19083762150624,19.3574929289604,2.18621751408919,0.028799695508058,0.338396422219682
"blood","metab","metab-u-hilicpos","~ 0 + group_timepoint +  BMI + calculatedAge + codedsiteid + raw_intensity_post + Sex + (1 | pid)","group_timepointADUEndur.post_24_hr - group_timepointADUEndur.pre_exercise - group_timepointADUResist.post_24_hr + group_timepointADUResist.pre_exercise","Endur.post_24_hr - Resist.post_24_hr (delta-delta)","Endur_vs_Resist","EE-RE","ADUEndur","post_24_hr","Valine",0.0732719225892531,0.0377889818152682,0.108754863363238,684.089667472187,832.578401127051,4.05441724546698,27.9105149694428,4.0291221264913,5.59855294946907e-05,0.00326582255385696
"blood","metab","metab-u-hilicpos","~ 0 + group_timepoint +  BMI + calculatedAge + codedsiteid + raw_intensity_post + Sex + (1 | pid)","group_timepointADUEndur.post_24_hr - group_timepointADUEndur.pre_exercise - group_timepointADUResist.post_24_hr + group_timepointADUResist.pre_exercise","Endur.post_24_hr - Resist.post_24_hr (delta-delta)","Endur_vs_Resist","EE-RE","ADUEndur","post_24_hr","Isoleucine",0.0834091773090044,0.0327839239006591,0.13403443071735,684.450286101806,592.968142846959,3.23482495705814,27.128907915646,3.2216053046042,0.00127474608465409,0.0297440753085954
"blood","metab","metab-u-hilicpos","~ 0 + group_timepoint +  BMI + calculatedAge + codedsiteid + raw_intensity_post + Sex + (1 | pid)","group_timepointADUEndur.post_24_hr - group_timepointADUEndur.pre_exercise - group_timepointADUResist.post_24_hr + group_timepointADUResist.pre_exercise","Endur.post_24_hr - Resist.post_24_hr (delta-delta)","Endur_vs_Resist","EE-RE","ADUEndur","post_24_hr","Leucine",0.0426874338256944,-0.00232303549786655,0.0876979031492554,684.438149407449,692.044270020507,1.86204995206339,28.0774673391846,1.8590662373853,0.0630177502020087,0.262573959175036
"blood","metab","metab-u-hilicpos","~ 0 + group_timepoint +  BMI + calculatedAge + codedsiteid + raw_intensity_post + Sex + (1 | pid)","group_timepointADUEndur.post_24_hr - group_timepointADUEndur.pre_exercise - group_timepointADUResist.post_24_hr + group_timepointADUResist.pre_exercise","Endur.post_24_hr - Resist.post_24_hr (delta-delta)","Endur_vs_Resist","EE-RE","ADUEndur","post_24_hr","Kynurenic acid",0.0944058917354482,-0.0606650099292793,0.249476793400176,684.982229528938,-324.318301838401,1.19527448366152,13.2879862705878,1.19423984831068,0.232384159678376,0.481268969748116
"blood","metab","metab-u-rpneg","~ 0 + group_timepoint +  BMI + calculatedAge + codedsiteid + raw_intensity_post + Sex + (1 | pid)","group_timepointADUEndur.post_24_hr - group_timepointADUEndur.pre_exercise - group_timepointADUResist.post_24_hr + group_timepointADUResist.pre_exercise","Endur.post_24_hr - Resist.post_24_hr (delta-delta)","Endur_vs_Resist","EE-RE","ADUEndur","post_24_hr","Ketoleucine",0.114569910061576,-0.00560965002753251,0.234749470150684,679.854141729317,-32.4173204992083,1.87172392471597,23.2592791537668,1.86871245217475,0.0616628306474144,0.216883059518492
"blood","metab","metab-u-rppos","~ 0 + group_timepoint +  BMI + calculatedAge + codedsiteid + raw_intensity_post + Sex + (1 | pid)","group_timepointADUEndur.post_24_hr - group_timepointADUEndur.pre_exercise - group_timepointADUResist.post_24_hr + group_timepointADUResist.pre_exercise","Endur.post_24_hr - Resist.post_24_hr (delta-delta)","Endur_vs_Resist","EE-RE","ADUEndur","post_24_hr","Kynurenine",0.155194110178147,0.0497051346925321,0.260683085663763,672.821492945058,-14.5933393829796,2.88858826900127,19.3574929289604,2.87878244737386,0.00399213620606397,0.0611281813541664
