"assay","feature_id","tissue","full_model","contrast","contrast_short","contrast_type","contrast_category","randomGroupCode","Timepoint","logFC","CI.L_calculated","CI.R_calculated","degrees_of_freedom","logLik","t","AveExpr","z.std","p_value","adj_p_value","entrez_gene","gene_symbol","ensembl_gene","uniprot","refmet_name","refmet_id","kegg_id","custom_annotation","relationship_to_gene","flanking_sequence"
"transcript-rna-seq","ENSG00000083123.15","muscle","~ 0 + group_timepoint +  Batch + BMI + calculatedAge + codedsiteid + pct_umi_dup + RIN + Sex + (1 | pid)","group_timepointADUEndur.post_3.5_4_hr - group_timepointADUEndur.pre_exercise - group_timepointADUControl.post_3.5_4_hr + group_timepointADUControl.pre_exercise","Endur.post_3.5_4_hr - Control.post_3.5_4_hr (delta-delta)","exercise_with_controls","EE-CON","ADUEndur","post_3.5_4_hr",-0.0182939002741231,-0.222672736914387,0.186084936366141,238.047404073553,-171.092978090011,-0.176265473735218,2.04140082758347,-0.176088878609632,0.860224117990284,0.94555834867832,"594","BCKDHB","ENSG00000083123",NA,NA,NA,NA,NA,NA,NA
"transcript-rna-seq","ENSG00000083123.15","muscle","~ 0 + group_timepoint +  Batch + BMI + calculatedAge + codedsiteid + pct_umi_dup + RIN + Sex + (1 | pid)","group_timepointADUEndur.post_3.5_4_hr - group_timepointADUEndur.pre_exercise - group_timepointADUResist.post_3.5_4_hr + group_timepointADUResist.pre_exercise","Endur.post_3.5_4_hr - Resist.post_3.5_4_hr (delta-delta)","Endur_vs_Resist","EE-RE","ADUEndur","post_3.5_4_hr",0.0331675580166371,-0.136132704577873,0.202467820611147,238.047404073553,-171.092978090011,0.385771825571803,2.04140082758347,0.385345903139174,0.699981156612223,0.823662787919543,"594","BCKDHB","ENSG00000083123",NA,NA,NA,NA,NA,NA,NA
"transcript-rna-seq","ENSG00000083123.15","muscle","~ 0 + group_timepoint +  Batch + BMI + calculatedAge + codedsiteid + pct_umi_dup + RIN + Sex + (1 | pid)","group_timepointADUResist.post_24_hr - group_timepointADUResist.pre_exercise - group_timepointADUControl.post_24_hr + group_timepointADUControl.pre_exercise","Resist.post_24_hr - Control.post_24_hr (delta-delta)","exercise_with_controls","RE-CON","ADUResist","post_24_hr",-0.261041650323393,-0.452828898489934,-0.0692544021568526,238.047404073553,-171.092978090011,-2.68071067833102,2.04140082758347,-2.65904396551875,0.00783627363132619,0.0399287164751741,"594","BCKDHB","ENSG00000083123",NA,NA,NA,NA,NA,NA,NA
"transcript-rna-seq","ENSG00000083123.15","muscle","~ 0 + group_timepoint +  Batch + BMI + calculatedAge + codedsiteid + pct_umi_dup + RIN + Sex + (1 | pid)","group_timepointADUResist.post_15_30_45_min - group_timepointADUResist.pre_exercise - group_timepointADUControl.post_15_30_45_min + group_timepointADUControl.pre_exercise","Resist.post_15_30_45_min - Control.post_15_30_45_min (delta-delta)","exercise_with_controls","RE-CON","ADUResist","post_15_30_45_min",-0.0865737034988756,-0.275944803657056,0.102797396659304,238.047404073553,-171.092978090011,-0.900272244947799,2.04140082758347,-0.898686593316037,0.368819620052889,0.731392565459836,"594","BCKDHB","ENSG00000083123",NA,NA,NA,NA,NA,NA,NA
"transcript-rna-seq","ENSG00000083123.15","muscle","~ 0 + group_timepoint +  Batch + BMI + calculatedAge + codedsiteid + pct_umi_dup + RIN + Sex + (1 | pid)","group_timepointADUEndur.post_24_hr - group_timepointADUEndur.pre_exercise - group_timepointADUResist.post_24_hr + group_timepointADUResist.pre_exercise","Endur.post_24_hr - Resist.post_24_hr (delta-delta)","Endur_vs_Resist","EE-RE","ADUEndur","post_24_hr",0.592424226022125,0.430778760456206,0.754069691588043,238.047404073553,-171.092978090011,7.21768067426981,2.04140082758347,6.87622585619059,6.1459034929028e-12,8.38534882349855e-10,"594","BCKDHB","ENSG00000083123",NA,NA,NA,NA,NA,NA,NA
"transcript-rna-seq","ENSG00000083123.15","muscle","~ 0 + group_timepoint +  Batch + BMI + calculatedAge + codedsiteid + pct_umi_dup + RIN + Sex + (1 | pid)","group_timepointADUEndur.post_15_30_45_min - group_timepointADUEndur.pre_exercise - group_timepointADUControl.post_15_30_45_min + group_timepointADUControl.pre_exercise","Endur.post_15_30_45_min - Control.post_15_30_45_min (delta-delta)","exercise_with_controls","EE-CON","ADUEndur","post_15_30_45_min",-0.103611309209114,-0.298975522858612,0.0917529044403845,238.047404073553,-171.092978090011,-1.0443685326461,2.04140082758347,-1.04225566394532,0.297293161841074,0.673200219071662,"594","BCKDHB","ENSG00000083123",NA,NA,NA,NA,NA,NA,NA
"transcript-rna-seq","ENSG00000083123.15","muscle","~ 0 + group_timepoint +  Batch + BMI + calculatedAge + codedsiteid + pct_umi_dup + RIN + Sex + (1 | pid)","group_timepointADUEndur.post_15_30_45_min - group_timepointADUEndur.pre_exercise - group_timepointADUResist.post_15_30_45_min + group_timepointADUResist.pre_exercise","Endur.post_15_30_45_min - Resist.post_15_30_45_min (delta-delta)","Endur_vs_Resist","EE-RE","ADUEndur","post_15_30_45_min",-0.0170376057102382,-0.183438721928497,0.149363510508021,238.047404073553,-171.092978090011,-0.201608593290992,2.04140082758347,-0.201408718170536,0.840378998778441,0.982406799229003,"594","BCKDHB","ENSG00000083123",NA,NA,NA,NA,NA,NA,NA
"transcript-rna-seq","ENSG00000083123.15","muscle","~ 0 + group_timepoint +  Batch + BMI + calculatedAge + codedsiteid + pct_umi_dup + RIN + Sex + (1 | pid)","group_timepointADUResist.post_3.5_4_hr - group_timepointADUResist.pre_exercise - group_timepointADUControl.post_3.5_4_hr + group_timepointADUControl.pre_exercise","Resist.post_3.5_4_hr - Control.post_3.5_4_hr (delta-delta)","exercise_with_controls","RE-CON","ADUResist","post_3.5_4_hr",-0.0514614582907602,-0.251170565572938,0.148247648991418,238.047404073553,-171.092978090011,-0.507438071080939,2.04140082758347,-0.506817605217,0.612282802390987,0.746101032231532,"594","BCKDHB","ENSG00000083123",NA,NA,NA,NA,NA,NA,NA
"transcript-rna-seq","ENSG00000083123.15","muscle","~ 0 + group_timepoint +  Batch + BMI + calculatedAge + codedsiteid + pct_umi_dup + RIN + Sex + (1 | pid)","group_timepointADUEndur.post_24_hr - group_timepointADUEndur.pre_exercise - group_timepointADUControl.post_24_hr + group_timepointADUControl.pre_exercise","Endur.post_24_hr - Control.post_24_hr (delta-delta)","exercise_with_controls","EE-CON","ADUEndur","post_24_hr",0.331382575698731,0.143157861383449,0.519607290014014,238.047404073553,-171.092978090011,3.46712688525525,2.04140082758347,3.42388084014038,0.000617336837698156,0.0134276862365729,"594","BCKDHB","ENSG00000083123",NA,NA,NA,NA,NA,NA,NA
"transcript-rna-seq","ENSG00000103507.14","muscle","~ 0 + group_timepoint +  Batch + BMI + calculatedAge + codedsiteid + pct_umi_dup + RIN + Sex + (1 | pid)","group_timepointADUEndur.post_15_30_45_min - group_timepointADUEndur.pre_exercise - group_timepointADUResist.post_15_30_45_min + group_timepointADUResist.pre_exercise","Endur.post_15_30_45_min - Resist.post_15_30_45_min (delta-delta)","Endur_vs_Resist","EE-RE","ADUEndur","post_15_30_45_min",-0.0463347412777271,-0.135428643321028,0.0427591607655741,228.326420465699,35.5540837056308,-1.02441781096521,5.61608807153743,-1.02226064475604,0.306657554603559,0.85329631482659,"10295","BCKDK","ENSG00000103507",NA,NA,NA,NA,NA,NA,NA
"transcript-rna-seq","ENSG00000103507.14","muscle","~ 0 + group_timepoint +  Batch + BMI + calculatedAge + codedsiteid + pct_umi_dup + RIN + Sex + (1 | pid)","group_timepointADUEndur.post_15_30_45_min - group_timepointADUEndur.pre_exercise - group_timepointADUControl.post_15_30_45_min + group_timepointADUControl.pre_exercise","Endur.post_15_30_45_min - Control.post_15_30_45_min (delta-delta)","exercise_with_controls","EE-CON","ADUEndur","post_15_30_45_min",-0.0454812111472815,-0.151321116684118,0.0603586943895545,228.326420465699,35.5540837056308,-0.846498617405953,5.61608807153743,-0.844987353354912,0.398117900091127,0.74886055149472,"10295","BCKDK","ENSG00000103507",NA,NA,NA,NA,NA,NA,NA
"transcript-rna-seq","ENSG00000103507.14","muscle","~ 0 + group_timepoint +  Batch + BMI + calculatedAge + codedsiteid + pct_umi_dup + RIN + Sex + (1 | pid)","group_timepointADUResist.post_3.5_4_hr - group_timepointADUResist.pre_exercise - group_timepointADUControl.post_3.5_4_hr + group_timepointADUControl.pre_exercise","Resist.post_3.5_4_hr - Control.post_3.5_4_hr (delta-delta)","exercise_with_controls","RE-CON","ADUResist","post_3.5_4_hr",0.011510932326896,-0.0951549813801636,0.118176846033956,228.326420465699,35.5540837056308,0.212579247112899,5.61608807153743,0.212348736723926,0.831834975874313,0.898741074391952,"10295","BCKDK","ENSG00000103507",NA,NA,NA,NA,NA,NA,NA
"transcript-rna-seq","ENSG00000103507.14","muscle","~ 0 + group_timepoint +  Batch + BMI + calculatedAge + codedsiteid + pct_umi_dup + RIN + Sex + (1 | pid)","group_timepointADUResist.post_24_hr - group_timepointADUResist.pre_exercise - group_timepointADUControl.post_24_hr + group_timepointADUControl.pre_exercise","Resist.post_24_hr - Control.post_24_hr (delta-delta)","exercise_with_controls","RE-CON","ADUResist","post_24_hr",-0.048267092793246,-0.149318390514501,0.0527842049280091,228.326420465699,35.5540837056308,-0.940962953489364,5.61608807153743,-0.939101963704513,0.347678396158329,0.590638263241186,"10295","BCKDK","ENSG00000103507",NA,NA,NA,NA,NA,NA,NA
"transcript-rna-seq","ENSG00000103507.14","muscle","~ 0 + group_timepoint +  Batch + BMI + calculatedAge + codedsiteid + pct_umi_dup + RIN + Sex + (1 | pid)","group_timepointADUEndur.post_3.5_4_hr - group_timepointADUEndur.pre_exercise - group_timepointADUResist.post_3.5_4_hr + group_timepointADUResist.pre_exercise","Endur.post_3.5_4_hr - Resist.post_3.5_4_hr (delta-delta)","Endur_vs_Resist","EE-RE","ADUEndur","post_3.5_4_hr",0.0340335805101812,-0.0567231907093098,0.124790351729672,228.326420465699,35.5540837056308,0.738647955536999,5.61608807153743,0.737478970276687,0.460831127280282,0.64528400235981,"10295","BCKDK","ENSG00000103507",NA,NA,NA,NA,NA,NA,NA
"transcript-rna-seq","ENSG00000103507.14","muscle","~ 0 + group_timepoint +  Batch + BMI + calculatedAge + codedsiteid + pct_umi_dup + RIN + Sex + (1 | pid)","group_timepointADUResist.post_15_30_45_min - group_timepointADUResist.pre_exercise - group_timepointADUControl.post_15_30_45_min + group_timepointADUControl.pre_exercise","Resist.post_15_30_45_min - Control.post_15_30_45_min (delta-delta)","exercise_with_controls","RE-CON","ADUResist","post_15_30_45_min",0.000853530130445534,-0.101681389590418,0.103388449851309,228.326420465699,35.5540837056308,0.0163983193988271,5.61608807153743,0.0163811753139625,0.98693029765878,0.997314869887542,"10295","BCKDK","ENSG00000103507",NA,NA,NA,NA,NA,NA,NA
"transcript-rna-seq","ENSG00000103507.14","muscle","~ 0 + group_timepoint +  Batch + BMI + calculatedAge + codedsiteid + pct_umi_dup + RIN + Sex + (1 | pid)","group_timepointADUEndur.post_24_hr - group_timepointADUEndur.pre_exercise - group_timepointADUResist.post_24_hr + group_timepointADUResist.pre_exercise","Endur.post_24_hr - Resist.post_24_hr (delta-delta)","Endur_vs_Resist","EE-RE","ADUEndur","post_24_hr",0.0447613913179401,-0.0406545404239367,0.130177323059817,228.326420465699,35.5540837056308,1.03231005694617,5.61608807153743,1.03009188541434,0.302966874074912,0.54374122844379,"10295","BCKDK","ENSG00000103507",NA,NA,NA,NA,NA,NA,NA
"transcript-rna-seq","ENSG00000103507.14","muscle","~ 0 + group_timepoint +  Batch + BMI + calculatedAge + codedsiteid + pct_umi_dup + RIN + Sex + (1 | pid)","group_timepointADUEndur.post_3.5_4_hr - group_timepointADUEndur.pre_exercise - group_timepointADUControl.post_3.5_4_hr + group_timepointADUControl.pre_exercise","Endur.post_3.5_4_hr - Control.post_3.5_4_hr (delta-delta)","exercise_with_controls","EE-CON","ADUEndur","post_3.5_4_hr",0.0455445128370773,-0.0658342065934864,0.156923232267641,228.326420465699,35.5540837056308,0.805496460887128,5.61608807153743,0.804123679146302,0.421325550462545,0.689355369451612,"10295","BCKDK","ENSG00000103507",NA,NA,NA,NA,NA,NA,NA
"transcript-rna-seq","ENSG00000103507.14","muscle","~ 0 + group_timepoint +  Batch + BMI + calculatedAge + codedsiteid + pct_umi_dup + RIN + Sex + (1 | pid)","group_timepointADUEndur.post_24_hr - group_timepointADUEndur.pre_exercise - group_timepointADUControl.post_24_hr + group_timepointADUControl.pre_exercise","Endur.post_24_hr - Control.post_24_hr (delta-delta)","exercise_with_controls","EE-CON","ADUEndur","post_24_hr",-0.00350570147530593,-0.106915498182385,0.099904095231773,228.326420465699,35.5540837056308,-0.0667815741985329,5.61608807153743,-0.0667117447171116,0.946811184210829,0.987599923654293,"10295","BCKDK","ENSG00000103507",NA,NA,NA,NA,NA,NA,NA
"transcript-rna-seq","ENSG00000105552.15","muscle","~ 0 + group_timepoint +  Batch + BMI + calculatedAge + codedsiteid + pct_umi_dup + RIN + Sex + (1 | pid)","group_timepointADUResist.post_3.5_4_hr - group_timepointADUResist.pre_exercise - group_timepointADUControl.post_3.5_4_hr + group_timepointADUControl.pre_exercise","Resist.post_3.5_4_hr - Control.post_3.5_4_hr (delta-delta)","exercise_with_controls","RE-CON","ADUResist","post_3.5_4_hr",-0.109286138035881,-0.235490598308348,0.0169183222365853,228.91285429595,-25.6147885444103,-1.70561013546675,3.8289845891323,-1.69887586105215,0.089342576105864,0.187034819798594,"587","BCAT2","ENSG00000105552",NA,NA,NA,NA,NA,NA,NA
"transcript-rna-seq","ENSG00000105552.15","muscle","~ 0 + group_timepoint +  Batch + BMI + calculatedAge + codedsiteid + pct_umi_dup + RIN + Sex + (1 | pid)","group_timepointADUEndur.post_3.5_4_hr - group_timepointADUEndur.pre_exercise - group_timepointADUControl.post_3.5_4_hr + group_timepointADUControl.pre_exercise","Endur.post_3.5_4_hr - Control.post_3.5_4_hr (delta-delta)","exercise_with_controls","EE-CON","ADUEndur","post_3.5_4_hr",0.111718201162633,-0.0180879116377135,0.241524313962979,228.91285429595,-25.6147885444103,1.69516215238912,3.8289845891323,1.68855077942829,0.0913055499416856,0.290716166632071,"587","BCAT2","ENSG00000105552",NA,NA,NA,NA,NA,NA,NA
"transcript-rna-seq","ENSG00000105552.15","muscle","~ 0 + group_timepoint +  Batch + BMI + calculatedAge + codedsiteid + pct_umi_dup + RIN + Sex + (1 | pid)","group_timepointADUResist.post_24_hr - group_timepointADUResist.pre_exercise - group_timepointADUControl.post_24_hr + group_timepointADUControl.pre_exercise","Resist.post_24_hr - Control.post_24_hr (delta-delta)","exercise_with_controls","RE-CON","ADUResist","post_24_hr",-0.256098752274458,-0.37477144525934,-0.137426059289576,228.91285429595,-25.6147885444103,-4.25079394533761,3.8289845891323,-4.17064758543691,3.0373526995048e-05,0.00043190056603036,"587","BCAT2","ENSG00000105552",NA,NA,NA,NA,NA,NA,NA
"transcript-rna-seq","ENSG00000105552.15","muscle","~ 0 + group_timepoint +  Batch + BMI + calculatedAge + codedsiteid + pct_umi_dup + RIN + Sex + (1 | pid)","group_timepointADUEndur.post_15_30_45_min - group_timepointADUEndur.pre_exercise - group_timepointADUResist.post_15_30_45_min + group_timepointADUResist.pre_exercise","Endur.post_15_30_45_min - Resist.post_15_30_45_min (delta-delta)","Endur_vs_Resist","EE-RE","ADUEndur","post_15_30_45_min",-0.0641821874498185,-0.170136458060482,0.0417720831608447,228.91285429595,-25.6147885444103,-1.19303003865212,3.8289845891323,-1.19014742574155,0.233988452768364,0.801841686215453,"587","BCAT2","ENSG00000105552",NA,NA,NA,NA,NA,NA,NA
"transcript-rna-seq","ENSG00000105552.15","muscle","~ 0 + group_timepoint +  Batch + BMI + calculatedAge + codedsiteid + pct_umi_dup + RIN + Sex + (1 | pid)","group_timepointADUEndur.post_24_hr - group_timepointADUEndur.pre_exercise - group_timepointADUControl.post_24_hr + group_timepointADUControl.pre_exercise","Endur.post_24_hr - Control.post_24_hr (delta-delta)","exercise_with_controls","EE-CON","ADUEndur","post_24_hr",0.109478038749753,-0.010154440993698,0.229110518493204,228.91285429595,-25.6147885444103,1.80247003175318,3.8289845891323,1.79473752576048,0.0726955287180263,0.308047816920776,"587","BCAT2","ENSG00000105552",NA,NA,NA,NA,NA,NA,NA
"transcript-rna-seq","ENSG00000105552.15","muscle","~ 0 + group_timepoint +  Batch + BMI + calculatedAge + codedsiteid + pct_umi_dup + RIN + Sex + (1 | pid)","group_timepointADUEndur.post_3.5_4_hr - group_timepointADUEndur.pre_exercise - group_timepointADUResist.post_3.5_4_hr + group_timepointADUResist.pre_exercise","Endur.post_3.5_4_hr - Resist.post_3.5_4_hr (delta-delta)","Endur_vs_Resist","EE-RE","ADUEndur","post_3.5_4_hr",0.221004339198514,0.113410695445393,0.328597982951635,228.91285429595,-25.6147885444103,4.04551597759316,3.8289845891323,3.9774693070164,6.96526100716514e-05,0.000580461857482531,"587","BCAT2","ENSG00000105552",NA,NA,NA,NA,NA,NA,NA
"transcript-rna-seq","ENSG00000105552.15","muscle","~ 0 + group_timepoint +  Batch + BMI + calculatedAge + codedsiteid + pct_umi_dup + RIN + Sex + (1 | pid)","group_timepointADUEndur.post_24_hr - group_timepointADUEndur.pre_exercise - group_timepointADUResist.post_24_hr + group_timepointADUResist.pre_exercise","Endur.post_24_hr - Resist.post_24_hr (delta-delta)","Endur_vs_Resist","EE-RE","ADUEndur","post_24_hr",0.365576791024211,0.264379481424912,0.46677410062351,228.91285429595,-25.6147885444103,7.11548061896476,3.8289845891323,6.77783521649136,1.21989868878633e-11,1.53735171398271e-09,"587","BCAT2","ENSG00000105552",NA,NA,NA,NA,NA,NA,NA
"transcript-rna-seq","ENSG00000105552.15","muscle","~ 0 + group_timepoint +  Batch + BMI + calculatedAge + codedsiteid + pct_umi_dup + RIN + Sex + (1 | pid)","group_timepointADUEndur.post_15_30_45_min - group_timepointADUEndur.pre_exercise - group_timepointADUControl.post_15_30_45_min + group_timepointADUControl.pre_exercise","Endur.post_15_30_45_min - Control.post_15_30_45_min (delta-delta)","exercise_with_controls","EE-CON","ADUEndur","post_15_30_45_min",-0.233032551627848,-0.356807704767862,-0.109257398487833,228.91285429595,-25.6147885444103,-3.70823482206956,3.8289845891323,-3.65437100751694,0.000257813239542266,0.00754652264468664,"587","BCAT2","ENSG00000105552",NA,NA,NA,NA,NA,NA,NA
"transcript-rna-seq","ENSG00000105552.15","muscle","~ 0 + group_timepoint +  Batch + BMI + calculatedAge + codedsiteid + pct_umi_dup + RIN + Sex + (1 | pid)","group_timepointADUResist.post_15_30_45_min - group_timepointADUResist.pre_exercise - group_timepointADUControl.post_15_30_45_min + group_timepointADUControl.pre_exercise","Resist.post_15_30_45_min - Control.post_15_30_45_min (delta-delta)","exercise_with_controls","RE-CON","ADUResist","post_15_30_45_min",-0.168850364178029,-0.288175058175421,-0.0495256701806368,228.91285429595,-25.6147885444103,-2.78717903294804,3.8289845891323,-2.76270593599272,0.0057324386653001,0.0860334817503994,"587","BCAT2","ENSG00000105552",NA,NA,NA,NA,NA,NA,NA
"transcript-rna-seq","ENSG00000109576.14","muscle","~ 0 + group_timepoint +  Batch + BMI + calculatedAge + codedsiteid + pct_umi_dup + RIN + Sex + (1 | pid)","group_timepointADUResist.post_24_hr - group_timepointADUResist.pre_exercise - group_timepointADUControl.post_24_hr + group_timepointADUControl.pre_exercise","Resist.post_24_hr - Control.post_24_hr (delta-delta)","exercise_with_controls","RE-CON","ADUResist","post_24_hr",0.154159445614329,-0.042465873579518,0.350784764808176,265.859041694847,-168.153408189361,1.54362099129972,0.54335031678789,1.53878064014135,0.123857857744088,0.306378389795797,"51166","AADAT","ENSG00000109576",NA,NA,NA,NA,NA,NA,NA
"transcript-rna-seq","ENSG00000109576.14","muscle","~ 0 + group_timepoint +  Batch + BMI + calculatedAge + codedsiteid + pct_umi_dup + RIN + Sex + (1 | pid)","group_timepointADUEndur.post_24_hr - group_timepointADUEndur.pre_exercise - group_timepointADUResist.post_24_hr + group_timepointADUResist.pre_exercise","Endur.post_24_hr - Resist.post_24_hr (delta-delta)","Endur_vs_Resist","EE-RE","ADUEndur","post_24_hr",-0.159671738136211,-0.3209112355201,0.00156775924767824,265.859041694847,-168.153408189361,-1.94950416708411,0.54335031678789,-1.94103796093652,0.0522536730792752,0.170992247545244,"51166","AADAT","ENSG00000109576",NA,NA,NA,NA,NA,NA,NA
"transcript-rna-seq","ENSG00000109576.14","muscle","~ 0 + group_timepoint +  Batch + BMI + calculatedAge + codedsiteid + pct_umi_dup + RIN + Sex + (1 | pid)","group_timepointADUEndur.post_3.5_4_hr - group_timepointADUEndur.pre_exercise - group_timepointADUResist.post_3.5_4_hr + group_timepointADUResist.pre_exercise","Endur.post_3.5_4_hr - Resist.post_3.5_4_hr (delta-delta)","Endur_vs_Resist","EE-RE","ADUEndur","post_3.5_4_hr",0.215915877929746,0.013976933914592,0.4178548219449,265.859041694847,-168.153408189361,2.10517395551809,0.54335031678789,2.09454416078666,0.0362115334795084,0.107058776184313,"51166","AADAT","ENSG00000109576",NA,NA,NA,NA,NA,NA,NA
"transcript-rna-seq","ENSG00000109576.14","muscle","~ 0 + group_timepoint +  Batch + BMI + calculatedAge + codedsiteid + pct_umi_dup + RIN + Sex + (1 | pid)","group_timepointADUEndur.post_15_30_45_min - group_timepointADUEndur.pre_exercise - group_timepointADUControl.post_15_30_45_min + group_timepointADUControl.pre_exercise","Endur.post_15_30_45_min - Control.post_15_30_45_min (delta-delta)","exercise_with_controls","EE-CON","ADUEndur","post_15_30_45_min",-0.359104503269062,-0.573709994612607,-0.144499011925518,265.859041694847,-168.153408189361,-3.29432183774132,0.54335031678789,-3.25914489597975,0.00111748578501354,0.0242744379273534,"51166","AADAT","ENSG00000109576",NA,NA,NA,NA,NA,NA,NA
"transcript-rna-seq","ENSG00000109576.14","muscle","~ 0 + group_timepoint +  Batch + BMI + calculatedAge + codedsiteid + pct_umi_dup + RIN + Sex + (1 | pid)","group_timepointADUEndur.post_15_30_45_min - group_timepointADUEndur.pre_exercise - group_timepointADUResist.post_15_30_45_min + group_timepointADUResist.pre_exercise","Endur.post_15_30_45_min - Resist.post_15_30_45_min (delta-delta)","Endur_vs_Resist","EE-RE","ADUEndur","post_15_30_45_min",-0.0613059520844862,-0.243863302658154,0.121251398489182,265.859041694847,-168.153408189361,-0.66108914433221,0.54335031678789,-0.66022942431677,0.509106612572117,0.927369982442667,"51166","AADAT","ENSG00000109576",NA,NA,NA,NA,NA,NA,NA
"transcript-rna-seq","ENSG00000109576.14","muscle","~ 0 + group_timepoint +  Batch + BMI + calculatedAge + codedsiteid + pct_umi_dup + RIN + Sex + (1 | pid)","group_timepointADUResist.post_3.5_4_hr - group_timepointADUResist.pre_exercise - group_timepointADUControl.post_3.5_4_hr + group_timepointADUControl.pre_exercise","Resist.post_3.5_4_hr - Control.post_3.5_4_hr (delta-delta)","exercise_with_controls","RE-CON","ADUResist","post_3.5_4_hr",-0.912753026339658,-1.13576994129232,-0.689736111386998,265.859041694847,-168.153408189361,-8.05804121281567,0.54335031678789,-7.61812574171616,2.57385512190985e-14,1.04402393630491e-12,"51166","AADAT","ENSG00000109576",NA,NA,NA,NA,NA,NA,NA
"transcript-rna-seq","ENSG00000109576.14","muscle","~ 0 + group_timepoint +  Batch + BMI + calculatedAge + codedsiteid + pct_umi_dup + RIN + Sex + (1 | pid)","group_timepointADUEndur.post_24_hr - group_timepointADUEndur.pre_exercise - group_timepointADUControl.post_24_hr + group_timepointADUControl.pre_exercise","Endur.post_24_hr - Control.post_24_hr (delta-delta)","exercise_with_controls","EE-CON","ADUEndur","post_24_hr",-0.00551229252188201,-0.205159073796904,0.19413448875314,265.859041694847,-168.153408189361,-0.054356070286583,0.54335031678789,-0.0543061589559486,0.956691242659264,0.990158342741006,"51166","AADAT","ENSG00000109576",NA,NA,NA,NA,NA,NA,NA
"transcript-rna-seq","ENSG00000109576.14","muscle","~ 0 + group_timepoint +  Batch + BMI + calculatedAge + codedsiteid + pct_umi_dup + RIN + Sex + (1 | pid)","group_timepointADUEndur.post_3.5_4_hr - group_timepointADUEndur.pre_exercise - group_timepointADUControl.post_3.5_4_hr + group_timepointADUControl.pre_exercise","Endur.post_3.5_4_hr - Control.post_3.5_4_hr (delta-delta)","exercise_with_controls","EE-CON","ADUEndur","post_3.5_4_hr",-0.696837148409912,-0.918599230345884,-0.47507506647394,265.859041694847,-168.153408189361,-6.18609767918943,0.54335031678789,-5.97944099817053,2.23904641119121e-09,1.40618265036392e-07,"51166","AADAT","ENSG00000109576",NA,NA,NA,NA,NA,NA,NA
"transcript-rna-seq","ENSG00000109576.14","muscle","~ 0 + group_timepoint +  Batch + BMI + calculatedAge + codedsiteid + pct_umi_dup + RIN + Sex + (1 | pid)","group_timepointADUResist.post_15_30_45_min - group_timepointADUResist.pre_exercise - group_timepointADUControl.post_15_30_45_min + group_timepointADUControl.pre_exercise","Resist.post_15_30_45_min - Control.post_15_30_45_min (delta-delta)","exercise_with_controls","RE-CON","ADUResist","post_15_30_45_min",-0.297798551184576,-0.507557986547833,-0.0880391158213197,265.859041694847,-168.153408189361,-2.79516886371211,0.54335031678789,-2.77260822345947,0.00556090250899759,0.0842247151569185,"51166","AADAT","ENSG00000109576",NA,NA,NA,NA,NA,NA,NA
"transcript-rna-seq","ENSG00000109819.9","muscle","~ 0 + group_timepoint +  Batch + BMI + calculatedAge + codedsiteid + pct_umi_dup + RIN + Sex + (1 | pid)","group_timepointADUEndur.post_3.5_4_hr - group_timepointADUEndur.pre_exercise - group_timepointADUControl.post_3.5_4_hr + group_timepointADUControl.pre_exercise","Endur.post_3.5_4_hr - Control.post_3.5_4_hr (delta-delta)","exercise_with_controls","EE-CON","ADUEndur","post_3.5_4_hr",3.01937473819931,2.73584721627547,3.30290226012315,276.636809042121,-244.947961695869,20.9581129700677,5.92718758636407,16.3933167030663,2.1347235835418e-60,3.52421516406915e-56,"10891","PPARGC1A","ENSG00000109819",NA,NA,NA,NA,NA,NA,NA
"transcript-rna-seq","ENSG00000109819.9","muscle","~ 0 + group_timepoint +  Batch + BMI + calculatedAge + codedsiteid + pct_umi_dup + RIN + Sex + (1 | pid)","group_timepointADUResist.post_3.5_4_hr - group_timepointADUResist.pre_exercise - group_timepointADUControl.post_3.5_4_hr + group_timepointADUControl.pre_exercise","Resist.post_3.5_4_hr - Control.post_3.5_4_hr (delta-delta)","exercise_with_controls","RE-CON","ADUResist","post_3.5_4_hr",3.38029887795814,3.10862672724312,3.65197102867315,276.636809042121,-244.947961695869,24.4883628737856,5.92718758636407,18.0449670220337,8.64160547610627e-73,1.42664264805038e-68,"10891","PPARGC1A","ENSG00000109819",NA,NA,NA,NA,NA,NA,NA
"transcript-rna-seq","ENSG00000109819.9","muscle","~ 0 + group_timepoint +  Batch + BMI + calculatedAge + codedsiteid + pct_umi_dup + RIN + Sex + (1 | pid)","group_timepointADUEndur.post_24_hr - group_timepointADUEndur.pre_exercise - group_timepointADUControl.post_24_hr + group_timepointADUControl.pre_exercise","Endur.post_24_hr - Control.post_24_hr (delta-delta)","exercise_with_controls","EE-CON","ADUEndur","post_24_hr",0.301784682419494,0.0390532206754997,0.564516144163488,276.636809042121,-244.947961695869,2.26072806680415,5.92718758636407,2.2489319687865,0.0245168247017314,0.163059162297372,"10891","PPARGC1A","ENSG00000109819",NA,NA,NA,NA,NA,NA,NA
"transcript-rna-seq","ENSG00000109819.9","muscle","~ 0 + group_timepoint +  Batch + BMI + calculatedAge + codedsiteid + pct_umi_dup + RIN + Sex + (1 | pid)","group_timepointADUEndur.post_3.5_4_hr - group_timepointADUEndur.pre_exercise - group_timepointADUResist.post_3.5_4_hr + group_timepointADUResist.pre_exercise","Endur.post_3.5_4_hr - Resist.post_3.5_4_hr (delta-delta)","Endur_vs_Resist","EE-RE","ADUEndur","post_3.5_4_hr",-0.360924139758829,-0.59319047336669,-0.128657806150968,276.636809042121,-244.947961695869,-3.05812263021459,5.92718758636407,-3.03184940377648,0.00243060434845058,0.0119394295278305,"10891","PPARGC1A","ENSG00000109819",NA,NA,NA,NA,NA,NA,NA
"transcript-rna-seq","ENSG00000109819.9","muscle","~ 0 + group_timepoint +  Batch + BMI + calculatedAge + codedsiteid + pct_umi_dup + RIN + Sex + (1 | pid)","group_timepointADUEndur.post_15_30_45_min - group_timepointADUEndur.pre_exercise - group_timepointADUControl.post_15_30_45_min + group_timepointADUControl.pre_exercise","Endur.post_15_30_45_min - Control.post_15_30_45_min (delta-delta)","exercise_with_controls","EE-CON","ADUEndur","post_15_30_45_min",0.161134316926096,-0.107476515055546,0.429745148907737,276.636809042121,-244.947961695869,1.18066039213651,5.92718758636407,1.17823470933642,0.238703048723913,0.619446522732666,"10891","PPARGC1A","ENSG00000109819",NA,NA,NA,NA,NA,NA,NA
"transcript-rna-seq","ENSG00000109819.9","muscle","~ 0 + group_timepoint +  Batch + BMI + calculatedAge + codedsiteid + pct_umi_dup + RIN + Sex + (1 | pid)","group_timepointADUEndur.post_24_hr - group_timepointADUEndur.pre_exercise - group_timepointADUResist.post_24_hr + group_timepointADUResist.pre_exercise","Endur.post_24_hr - Resist.post_24_hr (delta-delta)","Endur_vs_Resist","EE-RE","ADUEndur","post_24_hr",0.060467077260653,-0.156886645037583,0.277820799558889,276.636809042121,-244.947961695869,0.547550532365551,5.92718758636407,0.546934753404721,0.584423558460108,0.781520113486943,"10891","PPARGC1A","ENSG00000109819",NA,NA,NA,NA,NA,NA,NA
"transcript-rna-seq","ENSG00000109819.9","muscle","~ 0 + group_timepoint +  Batch + BMI + calculatedAge + codedsiteid + pct_umi_dup + RIN + Sex + (1 | pid)","group_timepointADUResist.post_15_30_45_min - group_timepointADUResist.pre_exercise - group_timepointADUControl.post_15_30_45_min + group_timepointADUControl.pre_exercise","Resist.post_15_30_45_min - Control.post_15_30_45_min (delta-delta)","exercise_with_controls","RE-CON","ADUResist","post_15_30_45_min",0.272573709231226,0.0121340586872167,0.533013359775236,276.636809042121,-244.947961695869,2.05991060720487,5.92718758636407,2.05063213582802,0.0403027844011391,0.273584978486186,"10891","PPARGC1A","ENSG00000109819",NA,NA,NA,NA,NA,NA,NA
"transcript-rna-seq","ENSG00000109819.9","muscle","~ 0 + group_timepoint +  Batch + BMI + calculatedAge + codedsiteid + pct_umi_dup + RIN + Sex + (1 | pid)","group_timepointADUResist.post_24_hr - group_timepointADUResist.pre_exercise - group_timepointADUControl.post_24_hr + group_timepointADUControl.pre_exercise","Resist.post_24_hr - Control.post_24_hr (delta-delta)","exercise_with_controls","RE-CON","ADUResist","post_24_hr",0.241317605158841,-0.016357354392112,0.498992564709794,276.636809042121,-244.947961695869,1.84331606713034,5.92718758636407,1.83629765687055,0.066313646128927,0.198112917832511,"10891","PPARGC1A","ENSG00000109819",NA,NA,NA,NA,NA,NA,NA
"transcript-rna-seq","ENSG00000109819.9","muscle","~ 0 + group_timepoint +  Batch + BMI + calculatedAge + codedsiteid + pct_umi_dup + RIN + Sex + (1 | pid)","group_timepointADUEndur.post_15_30_45_min - group_timepointADUEndur.pre_exercise - group_timepointADUResist.post_15_30_45_min + group_timepointADUResist.pre_exercise","Endur.post_15_30_45_min - Resist.post_15_30_45_min (delta-delta)","Endur_vs_Resist","EE-RE","ADUEndur","post_15_30_45_min",-0.11143939230513,-0.336839578799716,0.113960794189455,276.636809042121,-244.947961695869,-0.97301733596994,5.92718758636407,-0.971412305088504,0.33134300337469,0.868523426218465,"10891","PPARGC1A","ENSG00000109819",NA,NA,NA,NA,NA,NA,NA
"transcript-rna-seq","ENSG00000125166.13","muscle","~ 0 + group_timepoint +  Batch + BMI + calculatedAge + codedsiteid + pct_umi_dup + RIN + Sex + (1 | pid)","group_timepointADUEndur.post_3.5_4_hr - group_timepointADUEndur.pre_exercise - group_timepointADUControl.post_3.5_4_hr + group_timepointADUControl.pre_exercise","Endur.post_3.5_4_hr - Control.post_3.5_4_hr (delta-delta)","exercise_with_controls","EE-CON","ADUEndur","post_3.5_4_hr",0.0544237481493006,-0.0761794919742434,0.185026988272845,229.66550675384,-19.6170476840745,0.820756440407781,8.48525370843502,0.819369070070425,0.412575876144406,0.682144731023335,"2806","GOT2","ENSG00000125166",NA,NA,NA,NA,NA,NA,NA
"transcript-rna-seq","ENSG00000125166.13","muscle","~ 0 + group_timepoint +  Batch + BMI + calculatedAge + codedsiteid + pct_umi_dup + RIN + Sex + (1 | pid)","group_timepointADUEndur.post_15_30_45_min - group_timepointADUEndur.pre_exercise - group_timepointADUControl.post_15_30_45_min + group_timepointADUControl.pre_exercise","Endur.post_15_30_45_min - Control.post_15_30_45_min (delta-delta)","exercise_with_controls","EE-CON","ADUEndur","post_15_30_45_min",-0.0434853785249381,-0.167499437708806,0.0805286806589302,229.66550675384,-19.6170476840745,-0.690671855266678,8.48525370843502,-0.689631738123899,0.490425803152851,0.807368189034328,"2806","GOT2","ENSG00000125166",NA,NA,NA,NA,NA,NA,NA
"transcript-rna-seq","ENSG00000125166.13","muscle","~ 0 + group_timepoint +  Batch + BMI + calculatedAge + codedsiteid + pct_umi_dup + RIN + Sex + (1 | pid)","group_timepointADUEndur.post_3.5_4_hr - group_timepointADUEndur.pre_exercise - group_timepointADUResist.post_3.5_4_hr + group_timepointADUResist.pre_exercise","Endur.post_3.5_4_hr - Resist.post_3.5_4_hr (delta-delta)","Endur_vs_Resist","EE-RE","ADUEndur","post_3.5_4_hr",0.040986253676845,-0.0660735800693815,0.148046087423072,229.66550675384,-19.6170476840745,0.753997035235119,8.48525370843502,0.752814547611246,0.451561363584733,0.63743323847936,"2806","GOT2","ENSG00000125166",NA,NA,NA,NA,NA,NA,NA
"transcript-rna-seq","ENSG00000125166.13","muscle","~ 0 + group_timepoint +  Batch + BMI + calculatedAge + codedsiteid + pct_umi_dup + RIN + Sex + (1 | pid)","group_timepointADUResist.post_15_30_45_min - group_timepointADUResist.pre_exercise - group_timepointADUControl.post_15_30_45_min + group_timepointADUControl.pre_exercise","Resist.post_15_30_45_min - Control.post_15_30_45_min (delta-delta)","exercise_with_controls","RE-CON","ADUResist","post_15_30_45_min",-0.0429988268826378,-0.163092460057365,0.0770948062920891,229.66550675384,-19.6170476840745,-0.70525053102385,8.48525370843502,-0.704170184616807,0.481326796346301,0.802670315378235,"2806","GOT2","ENSG00000125166",NA,NA,NA,NA,NA,NA,NA
"transcript-rna-seq","ENSG00000125166.13","muscle","~ 0 + group_timepoint +  Batch + BMI + calculatedAge + codedsiteid + pct_umi_dup + RIN + Sex + (1 | pid)","group_timepointADUResist.post_24_hr - group_timepointADUResist.pre_exercise - group_timepointADUControl.post_24_hr + group_timepointADUControl.pre_exercise","Resist.post_24_hr - Control.post_24_hr (delta-delta)","exercise_with_controls","RE-CON","ADUResist","post_24_hr",0.0062490442380998,-0.112305529737386,0.124803618213586,229.66550675384,-19.6170476840745,0.103826740654201,8.48525370843502,0.103718954993661,0.917392383874652,0.967178381775923,"2806","GOT2","ENSG00000125166",NA,NA,NA,NA,NA,NA,NA
"transcript-rna-seq","ENSG00000125166.13","muscle","~ 0 + group_timepoint +  Batch + BMI + calculatedAge + codedsiteid + pct_umi_dup + RIN + Sex + (1 | pid)","group_timepointADUResist.post_3.5_4_hr - group_timepointADUResist.pre_exercise - group_timepointADUControl.post_3.5_4_hr + group_timepointADUControl.pre_exercise","Resist.post_3.5_4_hr - Control.post_3.5_4_hr (delta-delta)","exercise_with_controls","RE-CON","ADUResist","post_3.5_4_hr",0.0134374944724556,-0.111292886057757,0.138167875002668,229.66550675384,-19.6170476840745,0.212193549060257,8.48525370843502,0.211968724129433,0.832131434413258,0.898884895029017,"2806","GOT2","ENSG00000125166",NA,NA,NA,NA,NA,NA,NA
"transcript-rna-seq","ENSG00000125166.13","muscle","~ 0 + group_timepoint +  Batch + BMI + calculatedAge + codedsiteid + pct_umi_dup + RIN + Sex + (1 | pid)","group_timepointADUEndur.post_15_30_45_min - group_timepointADUEndur.pre_exercise - group_timepointADUResist.post_15_30_45_min + group_timepointADUResist.pre_exercise","Endur.post_15_30_45_min - Resist.post_15_30_45_min (delta-delta)","Endur_vs_Resist","EE-RE","ADUEndur","post_15_30_45_min",-0.00048655164230027,-0.105590877904941,0.10461777462034,229.66550675384,-19.6170476840745,-0.00911765406529115,8.48525370843502,-0.00910845774912373,0.992732602678116,0.998410504607152,"2806","GOT2","ENSG00000125166",NA,NA,NA,NA,NA,NA,NA
"transcript-rna-seq","ENSG00000125166.13","muscle","~ 0 + group_timepoint +  Batch + BMI + calculatedAge + codedsiteid + pct_umi_dup + RIN + Sex + (1 | pid)","group_timepointADUEndur.post_24_hr - group_timepointADUEndur.pre_exercise - group_timepointADUResist.post_24_hr + group_timepointADUResist.pre_exercise","Endur.post_24_hr - Resist.post_24_hr (delta-delta)","Endur_vs_Resist","EE-RE","ADUEndur","post_24_hr",0.121554471896932,0.0207508407852052,0.222358103008659,229.66550675384,-19.6170476840745,2.37514354669474,8.48525370843502,2.3592616878351,0.0183113378946138,0.0797770972798883,"2806","GOT2","ENSG00000125166",NA,NA,NA,NA,NA,NA,NA
"transcript-rna-seq","ENSG00000125166.13","muscle","~ 0 + group_timepoint +  Batch + BMI + calculatedAge + codedsiteid + pct_umi_dup + RIN + Sex + (1 | pid)","group_timepointADUEndur.post_24_hr - group_timepointADUEndur.pre_exercise - group_timepointADUControl.post_24_hr + group_timepointADUControl.pre_exercise","Endur.post_24_hr - Control.post_24_hr (delta-delta)","exercise_with_controls","EE-CON","ADUEndur","post_24_hr",0.127803516135032,0.00632745527143544,0.249279576998628,229.66550675384,-19.6170476840745,2.07226833956571,8.48525370843502,2.0611965229245,0.0392842951281315,0.216759501427247,"2806","GOT2","ENSG00000125166",NA,NA,NA,NA,NA,NA,NA
"transcript-rna-seq","ENSG00000137944.18","muscle","~ 0 + group_timepoint +  Batch + BMI + calculatedAge + codedsiteid + pct_umi_dup + RIN + Sex + (1 | pid)","group_timepointADUResist.post_24_hr - group_timepointADUResist.pre_exercise - group_timepointADUControl.post_24_hr + group_timepointADUControl.pre_exercise","Resist.post_24_hr - Control.post_24_hr (delta-delta)","exercise_with_controls","RE-CON","ADUResist","post_24_hr",0.0984354247101826,-0.0781470081726373,0.275017857593003,231.244441978739,-166.074770755013,1.09797360917996,1.47261027401536,1.0955208327399,0.273288523757098,0.510144757881719,"56267","KYAT3","ENSG00000137944",NA,NA,NA,NA,NA,NA,NA
"transcript-rna-seq","ENSG00000137944.18","muscle","~ 0 + group_timepoint +  Batch + BMI + calculatedAge + codedsiteid + pct_umi_dup + RIN + Sex + (1 | pid)","group_timepointADUEndur.post_3.5_4_hr - group_timepointADUEndur.pre_exercise - group_timepointADUControl.post_3.5_4_hr + group_timepointADUControl.pre_exercise","Endur.post_3.5_4_hr - Control.post_3.5_4_hr (delta-delta)","exercise_with_controls","EE-CON","ADUEndur","post_3.5_4_hr",-0.15248783707981,-0.346606306161076,0.0416306320014554,231.244441978739,-166.074770755013,-1.54714866939335,1.47261027401536,-1.54190305947797,0.123097152385283,0.347743136332757,"56267","KYAT3","ENSG00000137944",NA,NA,NA,NA,NA,NA,NA
"transcript-rna-seq","ENSG00000137944.18","muscle","~ 0 + group_timepoint +  Batch + BMI + calculatedAge + codedsiteid + pct_umi_dup + RIN + Sex + (1 | pid)","group_timepointADUEndur.post_15_30_45_min - group_timepointADUEndur.pre_exercise - group_timepointADUResist.post_15_30_45_min + group_timepointADUResist.pre_exercise","Endur.post_15_30_45_min - Resist.post_15_30_45_min (delta-delta)","Endur_vs_Resist","EE-RE","ADUEndur","post_15_30_45_min",0.00474726432518069,-0.151857108265698,0.16135163691606,231.244441978739,-166.074770755013,0.0596975753453426,1.47261027401536,0.0596387852288972,0.952443327184855,0.994833163080012,"56267","KYAT3","ENSG00000137944",NA,NA,NA,NA,NA,NA,NA
"transcript-rna-seq","ENSG00000137944.18","muscle","~ 0 + group_timepoint +  Batch + BMI + calculatedAge + codedsiteid + pct_umi_dup + RIN + Sex + (1 | pid)","group_timepointADUEndur.post_24_hr - group_timepointADUEndur.pre_exercise - group_timepointADUResist.post_24_hr + group_timepointADUResist.pre_exercise","Endur.post_24_hr - Resist.post_24_hr (delta-delta)","Endur_vs_Resist","EE-RE","ADUEndur","post_24_hr",0.0780668874150279,-0.0695506059943004,0.225684380824356,231.244441978739,-166.074770755013,1.04158171553202,1.47261027401536,1.03940592063291,0.29861599164243,0.539607202936173,"56267","KYAT3","ENSG00000137944",NA,NA,NA,NA,NA,NA,NA
"transcript-rna-seq","ENSG00000137944.18","muscle","~ 0 + group_timepoint +  Batch + BMI + calculatedAge + codedsiteid + pct_umi_dup + RIN + Sex + (1 | pid)","group_timepointADUEndur.post_24_hr - group_timepointADUEndur.pre_exercise - group_timepointADUControl.post_24_hr + group_timepointADUControl.pre_exercise","Endur.post_24_hr - Control.post_24_hr (delta-delta)","exercise_with_controls","EE-CON","ADUEndur","post_24_hr",0.17650231212521,-0.00263048866160792,0.355635112912029,231.244441978739,-166.074770755013,1.94063966229252,1.47261027401536,1.9313997554207,0.0534336353871691,0.259552340147979,"56267","KYAT3","ENSG00000137944",NA,NA,NA,NA,NA,NA,NA
"transcript-rna-seq","ENSG00000137944.18","muscle","~ 0 + group_timepoint +  Batch + BMI + calculatedAge + codedsiteid + pct_umi_dup + RIN + Sex + (1 | pid)","group_timepointADUEndur.post_15_30_45_min - group_timepointADUEndur.pre_exercise - group_timepointADUControl.post_15_30_45_min + group_timepointADUControl.pre_exercise","Endur.post_15_30_45_min - Control.post_15_30_45_min (delta-delta)","exercise_with_controls","EE-CON","ADUEndur","post_15_30_45_min",0.00133584858641522,-0.184444263256292,0.187115960429123,231.244441978739,-166.074770755013,0.0141614484166502,1.47261027401536,0.0141473312465114,0.988712439351632,0.997412383822554,"56267","KYAT3","ENSG00000137944",NA,NA,NA,NA,NA,NA,NA
"transcript-rna-seq","ENSG00000137944.18","muscle","~ 0 + group_timepoint +  Batch + BMI + calculatedAge + codedsiteid + pct_umi_dup + RIN + Sex + (1 | pid)","group_timepointADUResist.post_15_30_45_min - group_timepointADUResist.pre_exercise - group_timepointADUControl.post_15_30_45_min + group_timepointADUControl.pre_exercise","Resist.post_15_30_45_min - Control.post_15_30_45_min (delta-delta)","exercise_with_controls","RE-CON","ADUResist","post_15_30_45_min",-0.00341141573876547,-0.183219533928498,0.176396702450967,231.244441978739,-166.074770755013,-0.0373670950186196,1.47261027401536,-0.0373295467912064,0.970222246972732,0.991948493421822,"56267","KYAT3","ENSG00000137944",NA,NA,NA,NA,NA,NA,NA
"transcript-rna-seq","ENSG00000137944.18","muscle","~ 0 + group_timepoint +  Batch + BMI + calculatedAge + codedsiteid + pct_umi_dup + RIN + Sex + (1 | pid)","group_timepointADUEndur.post_3.5_4_hr - group_timepointADUEndur.pre_exercise - group_timepointADUResist.post_3.5_4_hr + group_timepointADUResist.pre_exercise","Endur.post_3.5_4_hr - Resist.post_3.5_4_hr (delta-delta)","Endur_vs_Resist","EE-RE","ADUEndur","post_3.5_4_hr",-0.100237917163395,-0.259901843137145,0.0594260088103556,231.244441978739,-166.074770755013,-1.23643635002903,1.47261027401536,-1.2333324319713,0.217451762576239,0.394466969492924,"56267","KYAT3","ENSG00000137944",NA,NA,NA,NA,NA,NA,NA
"transcript-rna-seq","ENSG00000137944.18","muscle","~ 0 + group_timepoint +  Batch + BMI + calculatedAge + codedsiteid + pct_umi_dup + RIN + Sex + (1 | pid)","group_timepointADUResist.post_3.5_4_hr - group_timepointADUResist.pre_exercise - group_timepointADUControl.post_3.5_4_hr + group_timepointADUControl.pre_exercise","Resist.post_3.5_4_hr - Control.post_3.5_4_hr (delta-delta)","exercise_with_controls","RE-CON","ADUResist","post_3.5_4_hr",-0.0522499199164155,-0.238845048630893,0.134345208798062,231.244441978739,-166.074770755013,-0.551500857156174,1.47261027401536,-0.550780447748094,0.581784188983494,0.721017579455634,"56267","KYAT3","ENSG00000137944",NA,NA,NA,NA,NA,NA,NA
"transcript-rna-seq","ENSG00000163644.15","muscle","~ 0 + group_timepoint +  Batch + BMI + calculatedAge + codedsiteid + pct_umi_dup + RIN + Sex + (1 | pid)","group_timepointADUEndur.post_3.5_4_hr - group_timepointADUEndur.pre_exercise - group_timepointADUResist.post_3.5_4_hr + group_timepointADUResist.pre_exercise","Endur.post_3.5_4_hr - Resist.post_3.5_4_hr (delta-delta)","Endur_vs_Resist","EE-RE","ADUEndur","post_3.5_4_hr",0.362413637817409,0.162372999769795,0.562454275865023,226.648453844798,-268.757847431118,3.56866126478437,3.66793690835216,3.51952307163176,0.000432323432986342,0.00279562379756033,"152926","PPM1K","ENSG00000163644",NA,NA,NA,NA,NA,NA,NA
"transcript-rna-seq","ENSG00000163644.15","muscle","~ 0 + group_timepoint +  Batch + BMI + calculatedAge + codedsiteid + pct_umi_dup + RIN + Sex + (1 | pid)","group_timepointADUEndur.post_15_30_45_min - group_timepointADUEndur.pre_exercise - group_timepointADUResist.post_15_30_45_min + group_timepointADUResist.pre_exercise","Endur.post_15_30_45_min - Resist.post_15_30_45_min (delta-delta)","Endur_vs_Resist","EE-RE","ADUEndur","post_15_30_45_min",0.00105216306579514,-0.191198945701827,0.193303271833418,226.648453844798,-268.757847431118,0.0107800467564179,3.66793690835216,0.0107690118163089,0.991407737813406,0.998410504607152,"152926","PPM1K","ENSG00000163644",NA,NA,NA,NA,NA,NA,NA
"transcript-rna-seq","ENSG00000163644.15","muscle","~ 0 + group_timepoint +  Batch + BMI + calculatedAge + codedsiteid + pct_umi_dup + RIN + Sex + (1 | pid)","group_timepointADUEndur.post_3.5_4_hr - group_timepointADUEndur.pre_exercise - group_timepointADUControl.post_3.5_4_hr + group_timepointADUControl.pre_exercise","Endur.post_3.5_4_hr - Control.post_3.5_4_hr (delta-delta)","exercise_with_controls","EE-CON","ADUEndur","post_3.5_4_hr",0.286299534843157,0.04678934782935,0.525809721856964,226.648453844798,-268.757847431118,2.35471001790994,3.66793690835216,2.33886515119522,0.0193424135686167,0.104183982252624,"152926","PPM1K","ENSG00000163644",NA,NA,NA,NA,NA,NA,NA
"transcript-rna-seq","ENSG00000163644.15","muscle","~ 0 + group_timepoint +  Batch + BMI + calculatedAge + codedsiteid + pct_umi_dup + RIN + Sex + (1 | pid)","group_timepointADUResist.post_24_hr - group_timepointADUResist.pre_exercise - group_timepointADUControl.post_24_hr + group_timepointADUControl.pre_exercise","Resist.post_24_hr - Control.post_24_hr (delta-delta)","exercise_with_controls","RE-CON","ADUResist","post_24_hr",-0.377586173399731,-0.59038880189166,-0.164783544907803,226.648453844798,-268.757847431118,-3.49539404465105,3.66793690835216,-3.44823792793816,0.000564256749191941,0.00487712810073809,"152926","PPM1K","ENSG00000163644",NA,NA,NA,NA,NA,NA,NA
"transcript-rna-seq","ENSG00000163644.15","muscle","~ 0 + group_timepoint +  Batch + BMI + calculatedAge + codedsiteid + pct_umi_dup + RIN + Sex + (1 | pid)","group_timepointADUEndur.post_24_hr - group_timepointADUEndur.pre_exercise - group_timepointADUControl.post_24_hr + group_timepointADUControl.pre_exercise","Endur.post_24_hr - Control.post_24_hr (delta-delta)","exercise_with_controls","EE-CON","ADUEndur","post_24_hr",0.282944140727357,0.0703258937901804,0.495562387664533,226.648453844798,-268.757847431118,2.62141720559276,3.66793690835216,2.60030753893529,0.00931402480305441,0.0878156684600944,"152926","PPM1K","ENSG00000163644",NA,NA,NA,NA,NA,NA,NA
"transcript-rna-seq","ENSG00000163644.15","muscle","~ 0 + group_timepoint +  Batch + BMI + calculatedAge + codedsiteid + pct_umi_dup + RIN + Sex + (1 | pid)","group_timepointADUEndur.post_15_30_45_min - group_timepointADUEndur.pre_exercise - group_timepointADUControl.post_15_30_45_min + group_timepointADUControl.pre_exercise","Endur.post_15_30_45_min - Control.post_15_30_45_min (delta-delta)","exercise_with_controls","EE-CON","ADUEndur","post_15_30_45_min",-0.0856332493763152,-0.30743522112435,0.136168722371719,226.648453844798,-268.757847431118,-0.760524972836782,3.66793690835216,-0.759280272098343,0.447684916140405,0.781850235963392,"152926","PPM1K","ENSG00000163644",NA,NA,NA,NA,NA,NA,NA
"transcript-rna-seq","ENSG00000163644.15","muscle","~ 0 + group_timepoint +  Batch + BMI + calculatedAge + codedsiteid + pct_umi_dup + RIN + Sex + (1 | pid)","group_timepointADUResist.post_15_30_45_min - group_timepointADUResist.pre_exercise - group_timepointADUControl.post_15_30_45_min + group_timepointADUControl.pre_exercise","Resist.post_15_30_45_min - Control.post_15_30_45_min (delta-delta)","exercise_with_controls","RE-CON","ADUResist","post_15_30_45_min",-0.0866854124421099,-0.300938542236424,0.127567717352204,226.648453844798,-268.757847431118,-0.797005672423938,3.66793690835216,-0.795650683080068,0.426235099007933,0.769460388137995,"152926","PPM1K","ENSG00000163644",NA,NA,NA,NA,NA,NA,NA
"transcript-rna-seq","ENSG00000163644.15","muscle","~ 0 + group_timepoint +  Batch + BMI + calculatedAge + codedsiteid + pct_umi_dup + RIN + Sex + (1 | pid)","group_timepointADUEndur.post_24_hr - group_timepointADUEndur.pre_exercise - group_timepointADUResist.post_24_hr + group_timepointADUResist.pre_exercise","Endur.post_24_hr - Resist.post_24_hr (delta-delta)","Endur_vs_Resist","EE-RE","ADUEndur","post_24_hr",0.660530314127088,0.477600207484314,0.843460420769862,226.648453844798,-268.757847431118,7.11289961229786,3.66793690835216,6.76929042020507,1.29415531784988e-11,1.60640677762283e-09,"152926","PPM1K","ENSG00000163644",NA,NA,NA,NA,NA,NA,NA
"transcript-rna-seq","ENSG00000163644.15","muscle","~ 0 + group_timepoint +  Batch + BMI + calculatedAge + codedsiteid + pct_umi_dup + RIN + Sex + (1 | pid)","group_timepointADUResist.post_3.5_4_hr - group_timepointADUResist.pre_exercise - group_timepointADUControl.post_3.5_4_hr + group_timepointADUControl.pre_exercise","Resist.post_3.5_4_hr - Control.post_3.5_4_hr (delta-delta)","exercise_with_controls","RE-CON","ADUResist","post_3.5_4_hr",-0.0761141029742518,-0.311184483100666,0.158956277152162,226.648453844798,-268.757847431118,-0.637835109386124,3.66793690835216,-0.636902406831465,0.524188414937088,0.673921543664542,"152926","PPM1K","ENSG00000163644",NA,NA,NA,NA,NA,NA,NA
"transcript-rna-seq","ENSG00000171097.14","muscle","~ 0 + group_timepoint +  Batch + BMI + calculatedAge + codedsiteid + pct_umi_dup + RIN + Sex + (1 | pid)","group_timepointADUEndur.post_15_30_45_min - group_timepointADUEndur.pre_exercise - group_timepointADUControl.post_15_30_45_min + group_timepointADUControl.pre_exercise","Endur.post_15_30_45_min - Control.post_15_30_45_min (delta-delta)","exercise_with_controls","EE-CON","ADUEndur","post_15_30_45_min",-0.188582810198634,-0.34118634236792,-0.0359792780293472,253.330343735849,-44.7480341722141,-2.43265133380168,2.06432630366375,-2.41768561019902,0.0156195656243128,0.152001457369507,"883","KYAT1","ENSG00000171097",NA,NA,NA,NA,NA,NA,NA
"transcript-rna-seq","ENSG00000171097.14","muscle","~ 0 + group_timepoint +  Batch + BMI + calculatedAge + codedsiteid + pct_umi_dup + RIN + Sex + (1 | pid)","group_timepointADUEndur.post_24_hr - group_timepointADUEndur.pre_exercise - group_timepointADUResist.post_24_hr + group_timepointADUResist.pre_exercise","Endur.post_24_hr - Resist.post_24_hr (delta-delta)","Endur_vs_Resist","EE-RE","ADUEndur","post_24_hr",-0.0451231127668956,-0.164237537215746,0.0739913116819549,253.330343735849,-44.7480341722141,-0.74576337343564,2.06432630366375,-0.744708030334835,0.456448243523836,0.690778078081704,"883","KYAT1","ENSG00000171097",NA,NA,NA,NA,NA,NA,NA
"transcript-rna-seq","ENSG00000171097.14","muscle","~ 0 + group_timepoint +  Batch + BMI + calculatedAge + codedsiteid + pct_umi_dup + RIN + Sex + (1 | pid)","group_timepointADUResist.post_24_hr - group_timepointADUResist.pre_exercise - group_timepointADUControl.post_24_hr + group_timepointADUControl.pre_exercise","Resist.post_24_hr - Control.post_24_hr (delta-delta)","exercise_with_controls","RE-CON","ADUResist","post_24_hr",0.116525518376435,-0.0251380710253945,0.258189107778264,253.330343735849,-44.7480341722141,1.6193892994799,2.06432630366375,1.61401327506953,0.106524546870198,0.277888846102388,"883","KYAT1","ENSG00000171097",NA,NA,NA,NA,NA,NA,NA
"transcript-rna-seq","ENSG00000171097.14","muscle","~ 0 + group_timepoint +  Batch + BMI + calculatedAge + codedsiteid + pct_umi_dup + RIN + Sex + (1 | pid)","group_timepointADUEndur.post_24_hr - group_timepointADUEndur.pre_exercise - group_timepointADUControl.post_24_hr + group_timepointADUControl.pre_exercise","Endur.post_24_hr - Control.post_24_hr (delta-delta)","exercise_with_controls","EE-CON","ADUEndur","post_24_hr",0.0714024056095393,-0.0735025959063504,0.216307407125429,253.330343735849,-44.7480341722141,0.970046045426058,2.06432630366375,0.968337969899868,0.332875607623574,0.662980263754081,"883","KYAT1","ENSG00000171097",NA,NA,NA,NA,NA,NA,NA
"transcript-rna-seq","ENSG00000171097.14","muscle","~ 0 + group_timepoint +  Batch + BMI + calculatedAge + codedsiteid + pct_umi_dup + RIN + Sex + (1 | pid)","group_timepointADUResist.post_15_30_45_min - group_timepointADUResist.pre_exercise - group_timepointADUControl.post_15_30_45_min + group_timepointADUControl.pre_exercise","Resist.post_15_30_45_min - Control.post_15_30_45_min (delta-delta)","exercise_with_controls","RE-CON","ADUResist","post_15_30_45_min",-0.0556232376375736,-0.20251856742443,0.0912720921492824,253.330343735849,-44.7480341722141,-0.745429934584752,2.06432630366375,-0.744379674767393,0.456646811787682,0.789235994116713,"883","KYAT1","ENSG00000171097",NA,NA,NA,NA,NA,NA,NA
"transcript-rna-seq","ENSG00000171097.14","muscle","~ 0 + group_timepoint +  Batch + BMI + calculatedAge + codedsiteid + pct_umi_dup + RIN + Sex + (1 | pid)","group_timepointADUEndur.post_3.5_4_hr - group_timepointADUEndur.pre_exercise - group_timepointADUControl.post_3.5_4_hr + group_timepointADUControl.pre_exercise","Endur.post_3.5_4_hr - Control.post_3.5_4_hr (delta-delta)","exercise_with_controls","EE-CON","ADUEndur","post_3.5_4_hr",-0.0108241964974476,-0.170827557388904,0.149179164394009,253.330343735849,-44.7480341722141,-0.133172418243453,2.06432630366375,-0.133050283270323,0.894153613666704,0.958668788675388,"883","KYAT1","ENSG00000171097",NA,NA,NA,NA,NA,NA,NA
"transcript-rna-seq","ENSG00000171097.14","muscle","~ 0 + group_timepoint +  Batch + BMI + calculatedAge + codedsiteid + pct_umi_dup + RIN + Sex + (1 | pid)","group_timepointADUResist.post_3.5_4_hr - group_timepointADUResist.pre_exercise - group_timepointADUControl.post_3.5_4_hr + group_timepointADUControl.pre_exercise","Resist.post_3.5_4_hr - Control.post_3.5_4_hr (delta-delta)","exercise_with_controls","RE-CON","ADUResist","post_3.5_4_hr",-0.0999431126718167,-0.255845691201339,0.055959465857706,253.330343735849,-44.7480341722141,-1.26202796461549,2.06432630366375,-1.25905288964157,0.208011228929895,0.353509355092391,"883","KYAT1","ENSG00000171097",NA,NA,NA,NA,NA,NA,NA
"transcript-rna-seq","ENSG00000171097.14","muscle","~ 0 + group_timepoint +  Batch + BMI + calculatedAge + codedsiteid + pct_umi_dup + RIN + Sex + (1 | pid)","group_timepointADUEndur.post_3.5_4_hr - group_timepointADUEndur.pre_exercise - group_timepointADUResist.post_3.5_4_hr + group_timepointADUResist.pre_exercise","Endur.post_3.5_4_hr - Resist.post_3.5_4_hr (delta-delta)","Endur_vs_Resist","EE-RE","ADUEndur","post_3.5_4_hr",0.0891189161743691,-0.042067287776227,0.220305120124965,253.330343735849,-44.7480341722141,1.33728161249788,2.06432630366375,1.33394208363093,0.182222838116403,0.348992672211566,"883","KYAT1","ENSG00000171097",NA,NA,NA,NA,NA,NA,NA
"transcript-rna-seq","ENSG00000171097.14","muscle","~ 0 + group_timepoint +  Batch + BMI + calculatedAge + codedsiteid + pct_umi_dup + RIN + Sex + (1 | pid)","group_timepointADUEndur.post_15_30_45_min - group_timepointADUEndur.pre_exercise - group_timepointADUResist.post_15_30_45_min + group_timepointADUResist.pre_exercise","Endur.post_15_30_45_min - Resist.post_15_30_45_min (delta-delta)","Endur_vs_Resist","EE-RE","ADUEndur","post_15_30_45_min",-0.13295957256106,-0.260310658039614,-0.005608487082506,253.330343735849,-44.7480341722141,-2.05510458342426,2.06432630366375,-2.04565464964724,0.0407903605721437,0.449280229526735,"883","KYAT1","ENSG00000171097",NA,NA,NA,NA,NA,NA,NA
"transcript-rna-seq","ENSG00000248098.12","muscle","~ 0 + group_timepoint +  Batch + BMI + calculatedAge + codedsiteid + pct_umi_dup + RIN + Sex + (1 | pid)","group_timepointADUEndur.post_15_30_45_min - group_timepointADUEndur.pre_exercise - group_timepointADUControl.post_15_30_45_min + group_timepointADUControl.pre_exercise","Endur.post_15_30_45_min - Control.post_15_30_45_min (delta-delta)","exercise_with_controls","EE-CON","ADUEndur","post_15_30_45_min",-0.147222109674519,-0.239724634846654,-0.0547195845023852,230.42741031921,97.4608159213717,-3.13477889126893,5.77984681118663,-3.10102883628144,0.0019284950919108,0.0366791768114693,"593","BCKDHA","ENSG00000248098",NA,NA,NA,NA,NA,NA,NA
"transcript-rna-seq","ENSG00000248098.12","muscle","~ 0 + group_timepoint +  Batch + BMI + calculatedAge + codedsiteid + pct_umi_dup + RIN + Sex + (1 | pid)","group_timepointADUResist.post_3.5_4_hr - group_timepointADUResist.pre_exercise - group_timepointADUControl.post_3.5_4_hr + group_timepointADUControl.pre_exercise","Resist.post_3.5_4_hr - Control.post_3.5_4_hr (delta-delta)","exercise_with_controls","RE-CON","ADUResist","post_3.5_4_hr",0.0237660796988317,-0.0694302134380264,0.11696237283569,230.42741031921,97.4608159213717,0.502270221982075,5.77984681118663,0.501634927321343,0.615924345926162,0.748558258751275,"593","BCKDHA","ENSG00000248098",NA,NA,NA,NA,NA,NA,NA
"transcript-rna-seq","ENSG00000248098.12","muscle","~ 0 + group_timepoint +  Batch + BMI + calculatedAge + codedsiteid + pct_umi_dup + RIN + Sex + (1 | pid)","group_timepointADUEndur.post_3.5_4_hr - group_timepointADUEndur.pre_exercise - group_timepointADUControl.post_3.5_4_hr + group_timepointADUControl.pre_exercise","Endur.post_3.5_4_hr - Control.post_3.5_4_hr (delta-delta)","exercise_with_controls","EE-CON","ADUEndur","post_3.5_4_hr",0.0410035763299339,-0.0563724362950705,0.138379588954938,230.42741031921,97.4608159213717,0.829355969029511,5.77984681118663,0.827947878010941,0.4077000186296,0.679253164553038,"593","BCKDHA","ENSG00000248098",NA,NA,NA,NA,NA,NA,NA
"transcript-rna-seq","ENSG00000248098.12","muscle","~ 0 + group_timepoint +  Batch + BMI + calculatedAge + codedsiteid + pct_umi_dup + RIN + Sex + (1 | pid)","group_timepointADUEndur.post_15_30_45_min - group_timepointADUEndur.pre_exercise - group_timepointADUResist.post_15_30_45_min + group_timepointADUResist.pre_exercise","Endur.post_15_30_45_min - Resist.post_15_30_45_min (delta-delta)","Endur_vs_Resist","EE-RE","ADUEndur","post_15_30_45_min",-0.0844699170653556,-0.162492396261678,-0.00644743786903279,230.42741031921,97.4608159213717,-2.13228104936139,5.77984681118663,-2.12052660052978,0.0339616606887325,0.412154879544299,"593","BCKDHA","ENSG00000248098",NA,NA,NA,NA,NA,NA,NA
"transcript-rna-seq","ENSG00000248098.12","muscle","~ 0 + group_timepoint +  Batch + BMI + calculatedAge + codedsiteid + pct_umi_dup + RIN + Sex + (1 | pid)","group_timepointADUResist.post_24_hr - group_timepointADUResist.pre_exercise - group_timepointADUControl.post_24_hr + group_timepointADUControl.pre_exercise","Resist.post_24_hr - Control.post_24_hr (delta-delta)","exercise_with_controls","RE-CON","ADUResist","post_24_hr",-0.0455959389698677,-0.133815460153513,0.0426235822137774,230.42741031921,97.4608159213717,-1.01804763848461,5.77984681118663,-1.01592890017536,0.309663245440753,0.550590255140698,"593","BCKDHA","ENSG00000248098",NA,NA,NA,NA,NA,NA,NA
"transcript-rna-seq","ENSG00000248098.12","muscle","~ 0 + group_timepoint +  Batch + BMI + calculatedAge + codedsiteid + pct_umi_dup + RIN + Sex + (1 | pid)","group_timepointADUEndur.post_24_hr - group_timepointADUEndur.pre_exercise - group_timepointADUControl.post_24_hr + group_timepointADUControl.pre_exercise","Endur.post_24_hr - Control.post_24_hr (delta-delta)","exercise_with_controls","EE-CON","ADUEndur","post_24_hr",0.0610466382775892,-0.029210238973552,0.15130351552873,230.42741031921,97.4608159213717,1.33219394654826,5.77984681118663,1.32845753118947,0.184027004495033,0.503701578904047,"593","BCKDHA","ENSG00000248098",NA,NA,NA,NA,NA,NA,NA
"transcript-rna-seq","ENSG00000248098.12","muscle","~ 0 + group_timepoint +  Batch + BMI + calculatedAge + codedsiteid + pct_umi_dup + RIN + Sex + (1 | pid)","group_timepointADUResist.post_15_30_45_min - group_timepointADUResist.pre_exercise - group_timepointADUControl.post_15_30_45_min + group_timepointADUControl.pre_exercise","Resist.post_15_30_45_min - Control.post_15_30_45_min (delta-delta)","exercise_with_controls","RE-CON","ADUResist","post_15_30_45_min",-0.0627521926091639,-0.152273904737968,0.0267695195196407,230.42741031921,97.4608159213717,-1.38068929573255,5.77984681118663,-1.37661656498537,0.168630826706716,0.533613904972378,"593","BCKDHA","ENSG00000248098",NA,NA,NA,NA,NA,NA,NA
"transcript-rna-seq","ENSG00000248098.12","muscle","~ 0 + group_timepoint +  Batch + BMI + calculatedAge + codedsiteid + pct_umi_dup + RIN + Sex + (1 | pid)","group_timepointADUEndur.post_3.5_4_hr - group_timepointADUEndur.pre_exercise - group_timepointADUResist.post_3.5_4_hr + group_timepointADUResist.pre_exercise","Endur.post_3.5_4_hr - Resist.post_3.5_4_hr (delta-delta)","Endur_vs_Resist","EE-RE","ADUEndur","post_3.5_4_hr",0.0172374966311022,-0.0621619271660122,0.0966369204282166,230.42741031921,97.4608159213717,0.427569905640912,5.77984681118663,0.42706579680457,0.669331404414875,0.801653522597589,"593","BCKDHA","ENSG00000248098",NA,NA,NA,NA,NA,NA,NA
"transcript-rna-seq","ENSG00000248098.12","muscle","~ 0 + group_timepoint +  Batch + BMI + calculatedAge + codedsiteid + pct_umi_dup + RIN + Sex + (1 | pid)","group_timepointADUEndur.post_24_hr - group_timepointADUEndur.pre_exercise - group_timepointADUResist.post_24_hr + group_timepointADUResist.pre_exercise","Endur.post_24_hr - Resist.post_24_hr (delta-delta)","Endur_vs_Resist","EE-RE","ADUEndur","post_24_hr",0.106642577247457,0.0319866929509742,0.18129846154394,230.42741031921,97.4608159213717,2.81355322059807,5.77984681118663,2.78849367046914,0.0052953782186551,0.0311836272048186,"593","BCKDHA","ENSG00000248098",NA,NA,NA,NA,NA,NA,NA
