class,chebi_id,chebi_name,n_human_reactions,how_found,confidence,shared_generic
Cer,CHEBI:17950,beta-D-galactosyl-(1->4)-beta-D-glucosyl-(1<->1)-N-acylsphingosine,10,name_generic,high,True
Cer,CHEBI:22801,beta-D-glucosyl-N-acylsphingosine,8,name_generic,high,True
Cer,CHEBI:31488,N-acylsphinganine,8,name_generic,high,True
Cer,CHEBI:31998,N-acylphytosphingosine,5,swisslipids_class,medium,False
Cer,CHEBI:52639,N-acylsphingosine,20,name_generic,high,True
Cer,CHEBI:57674,N-acylsphingosine 1-phosphate(2-),2,name_generic,high,True
Cer,CHEBI:60065,alpha-N-acetylneuraminosyl-(2->3)-beta-D-galactosyl-(1->4)-beta-D-glucosyl-(1<->1')-N-acylsphingosine(1-),6,name_generic,high,False
Cer,CHEBI:73203,N-acylsphingosine 1-phosphoethanolamine zwitterion,1,name_generic,high,False
Cer,CHEBI:77709,alpha-N-acetylneuraminosyl-(2->3)-[beta-D-galactosyl-(1->3)-N-acetyl-beta-D-galactosaminyl-(1->4)]-beta-D-galactosyl-(1->4)-beta-D-glucosyl-(1<->1')--N-acylsphingosine(1-),6,name_generic,high,False
Cer,CHEBI:78426,1-(3-O-sulfo-beta-D-galactosyl-(1->4)-beta-D-glucosyl)-N-acylsphingosine(1-),2,name_generic,high,False
Cer,CHEBI:78438,alpha-N-acetylneuraminosyl-(2->8)-alpha-N-acetylneuraminosyl-(2->8)-alpha-N-acetylneuraminosyl-(2->3)-beta-D-galactosyl-(1->4)-beta-D-glucosyl-(1<->1')-N-acylsphingosine(3-),2,name_generic,high,False
Cer,CHEBI:78445,alpha-N-acetylneuraminosyl-(2->3)-beta-D-galactosyl-(1->3)-N-acetyl-beta-D-galactosaminyl-(1->4)-[alpha-N-acetylneuraminosyl-(2->3)]-beta-D-galactosyl-(1->4)-beta-D-glucosyl-(1<->1')-N-acylsphingosine(2-),4,name_generic,high,False
Cer,CHEBI:83273,N-acylsphingoid,3,swisslipids_class,medium,False
Cer,CHEBI:91119,alpha-L-fucosyl-(1->2)-beta-D-galactosyl-(1->4)-N-acetyl-beta-D-glucosaminyl-(1->3)-beta-D-galactosyl-(1->4)-beta-D-glucosyl-(1<->1')-N-acylsphinganine,2,name_generic,high,False
DG,CHEBI:17815,"1,2-diacyl-sn-glycerol",26,name_generic,high,False
DG,CHEBI:28396,"3-[alpha-D-galactosyl-(1->6)-beta-D-galactosyl]-1,2-diacyl-sn-glycerol",1,name_generic,high,False
DG,CHEBI:58608,"1,2-diacyl-sn-glycerol 3-phosphate(2-)",13,name_generic,high,False
DG,CHEBI:59996,"1,2-diacyl-sn-glycerol 3-diphosphate(3-)",1,name_generic,high,False
DG,CHEBI:75524,"2,3-diacyl-sn-glycerol",2,name_generic,high,False
DG,CHEBI:76585,"1-alkyl-2,3-diacyl-sn-glycerol",2,name_generic,high,False
DG,CHEBI:77272,"1,3-diacyl-sn-glycerol",4,name_generic,high,False
FA-long-chain,CHEBI:28868,fatty acid anion,60,fa_general,medium,True
FA-long-chain,CHEBI:57560,long-chain fatty acid anion,8,fa_chain_specific,medium,False
FA-medium-chain,CHEBI:28868,fatty acid anion,60,fa_general,medium,True
FA-medium-chain,CHEBI:59558,medium-chain fatty acid anion,3,fa_chain_specific,medium,False
FA-very-long-chain,CHEBI:28868,fatty acid anion,60,fa_general,medium,True
FA-very-long-chain,CHEBI:58950,very long-chain fatty acid anion,4,fa_chain_specific,medium,False
LPC,CHEBI:137403,1-hexanoyl-2-acyl-sn-glycero-3-phosphocholine,2,name_generic,high,False
LPC,CHEBI:30909,1-alkyl-sn-glycero-3-phosphocholine,9,swisslipids_class,medium,True
LPC,CHEBI:57875,2-acyl-sn-glycero-3-phosphocholine,17,name_generic,high,True
LPC,CHEBI:58168,1-O-acyl-sn-glycero-3-phosphocholine,27,name_generic,high,True
LPC,CHEBI:77286,1-(Z)-alk-1-enyl-2-acyl-sn-glycero-3-phosphocholine,3,name_generic,high,True
LPC,CHEBI:77287,1-(Z)-alk-1-enyl-sn-glycero-3-phosphocholine,8,swisslipids_class,medium,True
LPC,CHEBI:77369,1-palmitoyl-2-acyl-sn-glycero-3-phosphocholine,2,name_generic,high,False
LPC,CHEBI:78421,1-oleoyl-2-acyl-sn-glycero-3-phosphocholine,2,name_generic,high,False
LPC-ether,CHEBI:30909,1-alkyl-sn-glycero-3-phosphocholine,9,ether_generic,medium,True
LPC-ether,CHEBI:36702,2-acyl-1-alkyl-sn-glycero-3-phosphocholine,4,ether_generic,medium,True
LPC-ether,CHEBI:36707,2-acetyl-1-alkyl-sn-glycero-3-phosphocholine,5,ether_generic,medium,True
LPC-ether,CHEBI:57875,2-acyl-sn-glycero-3-phosphocholine,17,swisslipids_class,medium,True
LPC-ether,CHEBI:58168,1-O-acyl-sn-glycero-3-phosphocholine,27,swisslipids_class,medium,True
LPC-ether,CHEBI:77287,1-(Z)-alk-1-enyl-sn-glycero-3-phosphocholine,8,swisslipids_class,medium,True
LPE,CHEBI:145182,1-O-(1Z-octadecenyl)-2-acyl-sn-glycero-3-phosphoethanolamine zwitterion,1,name_generic,high,False
LPE,CHEBI:145183,"1-O-(1Z,9Z-octadecadienyl)-2-acyl-sn-glycero-3-phosphoethanolamine zwitterion",1,name_generic,high,False
LPE,CHEBI:145186,1-O-hexadecyl-2-acyl-sn-glycero-3-phosphoethanolamine zwitterion,1,name_generic,high,False
LPE,CHEBI:145187,1-O-octadecyl-2-acyl-sn-glycero-3-phosphoethanolamine zwitterion,1,name_generic,high,False
LPE,CHEBI:145188,1-O-(9Z-octadecenyl)-2-acyl-sn-glycero-3-phosphoethanolamine zwitterion,1,name_generic,high,False
LPE,CHEBI:189703,1-stearoyl-2-acyl-sn-glycero-3-phosphoethanolamine zwitterion,1,name_generic,high,False
LPE,CHEBI:60520,1-alkyl-2-acyl-sn-glycero-3-phosphoethanolamine zwitterion,1,name_generic,high,True
LPE,CHEBI:64381,1-acyl-sn-glycero-3-phosphoethanolamine zwitterion,16,name_generic,high,True
LPE,CHEBI:65213,2-acyl-sn-glycero-3-phosphoethanolamine zwitterion,5,name_generic,high,True
LPE,CHEBI:75028,"1-(alpha,beta-saturated alkyl)-2-acyl-sn-glycero-3-phosphoethanolamine zwitterion",1,name_generic,high,False
LPE,CHEBI:76168,1-alkyl-sn-glycero-3-phosphoethanolamine zwitterion,1,swisslipids_class,medium,True
LPE,CHEBI:77288,1-(Z)-alk-1-enyl-sn-glycero-3-phosphoethanolamine zwitterion,12,swisslipids_class,medium,True
LPE,CHEBI:77290,1-(Z)-alk-1-enyl-2-acyl-sn-glycero-3-phosphoethanolamine zwitterion,3,name_generic,high,True
LPE,CHEBI:77370,1-palmitoyl-2-acyl-sn-glycero-3-phosphoethanolamine zwitterion,1,name_generic,high,False
LPE-ether,CHEBI:64381,1-acyl-sn-glycero-3-phosphoethanolamine zwitterion,16,swisslipids_class,medium,True
LPE-ether,CHEBI:65213,2-acyl-sn-glycero-3-phosphoethanolamine zwitterion,5,swisslipids_class,medium,True
LPE-ether,CHEBI:76168,1-alkyl-sn-glycero-3-phosphoethanolamine zwitterion,1,ether_generic,medium,True
LPE-ether,CHEBI:77288,1-(Z)-alk-1-enyl-sn-glycero-3-phosphoethanolamine zwitterion,12,swisslipids_class,medium,True
MG,CHEBI:77589,monoacyl-sn-glycerol 3-phosphate(2-),2,name_generic,high,False
MG,CHEBI:90310,3-[alpha-D-galactosyl-(1->6)-beta-D-galactosyl]-monoacyl-sn-glycerol,1,name_generic,high,False
PC,CHEBI:36702,2-acyl-1-alkyl-sn-glycero-3-phosphocholine,4,swisslipids_class,medium,True
PC,CHEBI:57643,"1,2-diacyl-sn-glycero-3-phosphocholine",42,name_generic,high,True
PC,CHEBI:77286,1-(Z)-alk-1-enyl-2-acyl-sn-glycero-3-phosphocholine,3,swisslipids_class,medium,True
PC-ether,CHEBI:30909,1-alkyl-sn-glycero-3-phosphocholine,9,ether_generic,medium,True
PC-ether,CHEBI:36702,2-acyl-1-alkyl-sn-glycero-3-phosphocholine,4,ether_generic,medium,True
PC-ether,CHEBI:36707,2-acetyl-1-alkyl-sn-glycero-3-phosphocholine,5,ether_generic,medium,True
PC-ether,CHEBI:57643,"1,2-diacyl-sn-glycero-3-phosphocholine",42,swisslipids_class,medium,True
PC-ether,CHEBI:77286,1-(Z)-alk-1-enyl-2-acyl-sn-glycero-3-phosphocholine,3,swisslipids_class,medium,True
PE,CHEBI:140532,"N-arachidonoyl-1,2-diacyl-sn-glycero-3-phosphoethanolamine(1-)",1,name_generic,high,False
PE,CHEBI:60520,1-alkyl-2-acyl-sn-glycero-3-phosphoethanolamine zwitterion,1,swisslipids_class,medium,True
PE,CHEBI:64612,"1,2-diacyl-sn-glycero-3-phosphoethanolamine zwitterion",27,name_generic,high,True
PE,CHEBI:77290,1-(Z)-alk-1-enyl-2-acyl-sn-glycero-3-phosphoethanolamine zwitterion,3,swisslipids_class,medium,True
PE-ether,CHEBI:60520,1-alkyl-2-acyl-sn-glycero-3-phosphoethanolamine zwitterion,1,swisslipids_class,medium,True
PE-ether,CHEBI:64612,"1,2-diacyl-sn-glycero-3-phosphoethanolamine zwitterion",27,swisslipids_class,medium,True
PE-ether,CHEBI:76168,1-alkyl-sn-glycero-3-phosphoethanolamine zwitterion,1,ether_generic,medium,True
PE-ether,CHEBI:77290,1-(Z)-alk-1-enyl-2-acyl-sn-glycero-3-phosphoethanolamine zwitterion,3,swisslipids_class,medium,True
SM,CHEBI:17636,sphingomyelin d18:1,6,name_generic,high,False
SM,CHEBI:64583,sphingomyelin,3,name_generic,high,False
SM,CHEBI:67090,N-acylsphinganine-1-phosphocholine,1,swisslipids_class,medium,False
SM,CHEBI:78651,N-acylphytosphingosine-1-phosphocholine,1,swisslipids_class,medium,False
SPB,CHEBI:17950,beta-D-galactosyl-(1->4)-beta-D-glucosyl-(1<->1)-N-acylsphingosine,10,name_generic,high,True
SPB,CHEBI:22801,beta-D-glucosyl-N-acylsphingosine,8,name_generic,high,True
SPB,CHEBI:31488,N-acylsphinganine,8,name_generic,high,True
SPB,CHEBI:46979,N-acetylsphingosine,40,name_generic,high,False
SPB,CHEBI:52639,N-acylsphingosine,20,name_generic,high,True
SPB,CHEBI:57756,sphingosine(1+),27,name_generic,high,False
SPB,CHEBI:57817,sphinganine(1+),28,name_generic,high,False
SPB,CHEBI:64124,phytosphingosine(1+),8,name_generic,high,False
SPB,CHEBI:72959,N-hexadecanoylsphingosine,8,name_generic,high,False
SPB,CHEBI:76054,1-O-oleoyl-N-acetylsphingosine,8,name_generic,high,False
SPB,CHEBI:76077,1-O-palmitoyl-N-acetylsphingosine,9,name_generic,high,False
SPB,CHEBI:84483,1-O-acyl-N-acetylsphingosine,8,name_generic,high,False
SPBP,CHEBI:57674,N-acylsphingosine 1-phosphate(2-),2,name_generic,high,True
SPBP,CHEBI:57939,sphinganine 1-phosphate(1-),4,name_generic,high,False
SPBP,CHEBI:60119,sphingosine 1-phosphate(1-),6,name_generic,high,False
SPBP,CHEBI:64795,phytosphingosine 1-phosphate(1-),2,name_generic,high,False
SPBP,CHEBI:72963,N-hexadecanoylsphingosine 1-phosphate(2-),2,name_generic,high,False
SPBP,CHEBI:82959,N-hexanoylsphingosine 1-phosphate(2-),1,name_generic,high,False
SPBP,CHEBI:85375,N-acetylsphingosine 1-phosphate(2-),1,name_generic,high,False
SPBP,CHEBI:85376,N-octanoylsphingosine 1-phosphate(2-),1,name_generic,high,False
SPBP,CHEBI:85378,N-oleoylsphingosine 1-phosphate(2-),1,name_generic,high,False
SPBP,CHEBI:88096,N-hexanoylphytosphingosine 1-phosphate(2-),1,name_generic,high,False
TG,CHEBI:144774,"linoleoyl containing 1,2,3-triacyl-sn-glycerol",10,name_generic,high,False
TG,CHEBI:64615,triacyl-sn-glycerol,4,name_generic,high,False
acylcarnitine,CHEBI:75659,O-acyl-L-carnitine,2,carnitine_generic,medium,False
